173.97100830078125	755.9866333007812	862.544677734375	546.2760620117188	121.54378509521484	111.41409301757812	0.0	0.0	0.0	0.0	0.0	0.0	53.11713409423828	115.28062438964844	0.0	0.0	0.0	0.0	221.9364471435547	201.0377197265625	189.0362091064453	354.5037841796875	259.1945495605469	175.98605346679688	163.7496337890625	173.63412475585938	573.8665771484375	552.213623046875	43.684024810791016	133.8731231689453	713.3767700195312	96.80661010742188	44.30592346191406	143.0760498046875	248.94845581054688	202.6864776611328	0.0	0.0	0.0	0.0	0.0	126.06334686279297	20.156251907348633	0.0	154.74246215820312	0.0	0.0	13.369560241699219	154.97230529785156	465.4017333984375	364.7916259765625	696.9254150390625	70.70092010498047	299.3626708984375	660.0573120117188	969.0535278320312	0.0	205.2294464111328	381.5427551269531	56.812137603759766	0.0	266.3292541503906	373.3858337402344	0.0	0.0	0.0	0.0	0.0	542.52294921875	507.7344970703125	266.0770568847656	252.99781799316406	768.7278442382812	64.86236572265625	169.29104614257812	0.0	0.0	484.5533447265625	706.4264526367188	0.0	59.1065788269043	189.11856079101562	15.532329559326172	0.0	0.0	0.0	0.0	0.0	0.0	14.238578796386719	0.0	0.0	112.18250274658203	67.10324096679688	0.0	0.0	0.0	0.0	0.0	0.0	0.0	0.0	0.0	253.42884826660156	0.0	50.55938720703125	165.85386657714844	475.826416015625	0.0	45.60721969604492	213.00074768066406	274.0733642578125	94.38155364990234	0.44295257329940796	86.86534881591797	10.622489929199219	59.9664421081543	0.0	66.76927185058594	75.11116027832031	71.06436157226562	61.27535629272461	0.0	0.0	35.00279998779297	17.85089683532715	0.0	0.0	0.0	191.49240112304688	84.67088317871094	19.25079917907715	0.0	0.0	0.0	0.6803053617477417	0.0	65.09017944335938	193.66937255859375	14.330584526062012	0.0	0.0	211.93502807617188	0.0	64.77423858642578	188.4120330810547	0.0	0.0	0.0	75.0993881225586	223.7771759033203	101.36354064941406	108.0837631225586	76.13251495361328	0.0	0.0	0.0	149.90040588378906	0.0	0.0	0.0	751.0042724609375	543.1629028320312	446.2389221191406	413.6356506347656	878.8046875	726.9793701171875	940.68310546875	260.8857727050781	0.0	890.3721923828125	373.8551025390625	0.0	950.7595825195312	1160.3876953125	0.0	35.796119689941406	0.0	0.0	0.0	125.65093994140625	0.0	0.0	0.0	0.0	0.0	0.0	0.0	26.162778854370117	0.0	0.0	43.891666412353516	0.0	459.21942138671875	485.90838623046875	346.6993713378906	16.712013244628906	50.78059768676758	199.43324279785156	271.9090881347656	127.96736145019531	43.37189865112305	0.0	186.01690673828125	0.0	0.0	270.1722717285156	270.8504638671875	203.41700744628906	293.350341796875	194.61309814453125	87.67565155029297	53.68791198730469	38.05384826660156	0.0	0.0	0.0	42.947818756103516	0.0	0.0	82.92473602294922	0.0	4.991789817810059	0.0	0.0	0.0	2.916718006134033	319.7984619140625	0.0	861.5760498046875	579.98974609375	489.59637451171875	82.834228515625	777.0552978515625	91.93364715576172	622.064697265625	105.2365493774414	90.0044937133789	783.50537109375	570.997314453125	70.77306365966797	263.6415100097656	296.4134216308594	253.6770477294922	181.30938720703125	106.29591369628906	0.0	0.0	129.7308349609375	159.2793731689453	0.0	0.0	32.91649627685547	59.99306869506836	0.0	7.139179706573486
685.9452514648438	535.73779296875	0.0	0.0	0.0	479.0133361816406	820.7337646484375	112.13261413574219	682.4719848632812	431.2500305175781	0.0	145.85630798339844	254.29470825195312	896.15087890625	540.934326171875	0.0	215.28509521484375	264.87860107421875	59.955928802490234	92.4597396850586	165.15916442871094	18.445219039916992	375.8747253417969	590.2533569335938	313.7308044433594	220.92837524414062	273.321044921875	87.67218017578125	500.7122497558594	360.7803955078125	563.8679809570312	538.7257080078125	196.50070190429688	28.910369873046875	0.0	53.67500686645508	176.28529357910156	565.909423828125	330.6537780761719	16.562435150146484	228.17544555664062	0.0	150.70823669433594	252.5966033935547	412.3759765625	500.22174072265625	150.8828582763672	5.187078952789307	278.514892578125	0.0	224.1772918701172	1000.7052001953125	527.0418090820312	1018.325927734375	0.0	0.0	0.0	191.031005859375	921.1893310546875	1060.705078125	631.1232299804688	103.95095825195312	72.04711151123047	278.14404296875	231.74044799804688	0.0	0.0	310.8734130859375	447.46026611328125	0.0	0.0	18.507356643676758	58.89483642578125	0.0	32.237674713134766	0.0	639.8515625	0.0	0.0	0.0	25.986705780029297	0.0	179.8802947998047	0.0	95.9933853149414	190.6446075439453	91.40593719482422	0.0	131.19281005859375	0.0	0.0	0.0	0.0	163.93699645996094	0.0	0.0	0.0	0.0	0.0	0.0	24.51357078552246	0.0	166.39410400390625	342.8719482421875	0.0	0.0	89.9905776977539	118.88356018066406	0.0	0.0	255.99929809570312	463.2076721191406	0.0	0.0	116.75665283203125	120.86515808105469	168.78477478027344	87.157958984375	0.0	43.99578857421875	27.91743278503418	14.090167045593262	199.8491973876953	35.798336029052734	4.129636287689209	31.627668380737305	51.13951110839844	43.597007751464844	0.0	0.0	0.0	26.07023048400879	2.05098032951355	0.0	0.0	0.0	138.16668701171875	0.0	36.96458435058594	114.91834259033203	128.72438049316406	193.0592498779297	0.0	0.0	91.76866912841797	0.0	679.5988159179688	571.90087890625	933.23828125	769.8515625	0.0	0.0	0.0	453.4440002441406	523.8685913085938	246.73272705078125	0.0	0.0	0.0	172.13243103027344	680.4901123046875	1039.873291015625	298.4262390136719	1101.037841796875	211.5319366455078	162.42051696777344	670.379150390625	989.1976318359375	792.7442626953125	715.617919921875	503.0452575683594	799.9351806640625	552.8118286132812	27.903724670410156	924.9389038085938	355.16595458984375	0.0	0.0	0.0	0.0	0.0	0.0	0.0	0.0	0.0	0.0	0.0	0.0	0.0	0.0	0.0	0.0	389.007568359375	513.507080078125	168.66708374023438	370.2304992675781	0.0	396.8843688964844	0.0	79.26129150390625	0.0	170.80589294433594	0.0	239.62742614746094	702.0692138671875	1227.0457763671875	73.43771362304688	222.88319396972656	297.9963684082031	295.4027404785156	146.92161560058594	114.53556060791016	232.2288818359375	478.3682861328125	101.55655670166016	0.0	76.24530029296875	131.57569885253906	24.06268882751465	48.79255294799805	1.7188979387283325	150.5446319580078	0.0	0.0	0.0	571.1935424804688	138.99688720703125	68.05024719238281	207.82083129882812	828.6891479492188	24.10438346862793	578.629150390625	1.869471549987793	326.02703857421875	81.0714111328125	517.8013916015625	519.2783203125	1077.8287353515625	0.0	397.6248779296875	186.79556274414062	210.72933959960938	64.21528625488281	69.35102081298828	0.0	383.85675048828125	196.5168914794922	133.50811767578125	47.568607330322266	0.0	0.0	172.50570678710938	189.63629150390625	342.8752746582031	63.31913757324219	2.3151512145996094
141.82345581054688	83.31806182861328	0.0	0.0	250.08177185058594	103.55843353271484	570.0408935546875	500.1632385253906	0.0	0.0	215.65440368652344	0.0	99.07315063476562	203.61375427246094	38.12806701660156	92.61775207519531	0.0	24.427902221679688	118.42855834960938	212.69357299804688	293.29046630859375	410.1528015136719	432.89398193359375	440.1761169433594	364.8547668457031	127.50373077392578	564.4164428710938	115.10013580322266	0.0	201.6051483154297	386.1748352050781	32.78074264526367	39.10114669799805	0.0	0.0	0.0	24.532649993896484	203.52276611328125	98.7885971069336	312.62127685546875	0.0	44.166996002197266	47.31914138793945	113.30874633789062	219.49391174316406	58.45457077026367	40.614166259765625	218.2879180908203	472.2633056640625	511.8548889160156	650.3366088867188	647.4463500976562	610.2962646484375	705.4435424804688	521.1962280273438	525.3839721679688	0.0	220.4706573486328	495.0352783203125	140.58831787109375	0.0	183.6765594482422	585.6954345703125	0.0	49.745140075683594	100.15166473388672	1081.5985107421875	329.3235778808594	437.3039855957031	0.0	950.4458618164062	0.0	386.3359375	0.0	461.4144592285156	0.0	0.0	348.5426940917969	319.61224365234375	0.0	42.0804557800293	0.0	0.0	0.0	0.0	0.0	0.0	0.0	0.0	0.0	0.0	0.0	223.26303100585938	63.111454010009766	0.0	0.0	68.60382080078125	0.0	79.53292846679688	24.40118980407715	0.0	0.0	0.0	61.947853088378906	0.0	0.0	0.0	175.32522583007812	53.41419982910156	250.0867462158203	425.0381164550781	499.0342102050781	116.58433532714844	48.425453186035156	53.01734161376953	29.083757400512695	75.89080810546875	65.13317108154297	24.96723747253418	0.0	71.32377624511719	124.25642395019531	0.0	63.16164779663086	0.0	21.202863693237305	0.0	76.33194732666016	83.18840026855469	134.97943115234375	65.75367736816406	339.06805419921875	0.0	260.81451416015625	327.2366027832031	524.4772338867188	0.0	0.0	91.36466217041016	0.0	13.837130546569824	0.0	129.64402770996094	0.0	121.07723999023438	0.0	54.57145690917969	30.47728729248047	0.0	0.0	0.0	0.0	472.2037353515625	627.46435546875	186.6624755859375	377.460205078125	0.0	0.0	0.0	0.0	50.76154327392578	499.96685791015625	399.1421813964844	707.1184692382812	538.075439453125	428.3739929199219	524.5421142578125	287.5477600097656	442.1136474609375	109.89141845703125	899.0357666015625	365.3299560546875	0.0	467.37042236328125	759.7893676757812	0.0	27.90320587158203	0.0	0.0	0.0	42.85020446777344	0.0	0.0	0.0	0.0	0.0	0.0	0.0	16.86455726623535	10.780309677124023	0.0	23.945632934570312	0.0	0.0	0.0	143.75587463378906	584.45068359375	745.8611450195312	574.2023315429688	864.81201171875	572.719970703125	610.2955932617188	809.417236328125	960.4249267578125	0.0	0.0	176.1959686279297	30.423828125	108.76234436035156	46.21480941772461	69.3043212890625	65.35643768310547	44.88114929199219	0.0	0.0	0.0	0.0	46.303714752197266	222.7590789794922	104.52728271484375	262.0897521972656	62.603477478027344	268.6034240722656	221.17822265625	0.0	115.53600311279297	0.0	630.0980834960938	0.0	631.8443603515625	2.949800491333008	729.99169921875	361.0569763183594	488.34051513671875	592.7617797851562	507.89208984375	260.48944091796875	153.59584045410156	833.3295288085938	512.0530395507812	80.95252227783203	193.2734375	95.12588500976562	47.09521484375	135.2382354736328	499.8818359375	359.142822265625	305.817138671875	0.0	113.06613159179688	70.13843536376953	0.0	0.0	47.12799835205078	0.0	0.0
424.8472900390625	698.5859375	142.79022216796875	205.28225708007812	331.2615661621094	536.2492065429688	600.2644653320312	5.837265491485596	0.0	0.0	0.0	0.0	328.5383605957031	439.58123779296875	45.0190315246582	0.0	43.97633361816406	275.1333923339844	218.7136993408203	59.45047378540039	357.5320739746094	455.39605712890625	278.93902587890625	535.708984375	244.01673889160156	0.47470250725746155	515.167724609375	542.0806274414062	0.0	102.55770111083984	531.7470703125	85.1978530883789	16.324642181396484	0.0	262.1190490722656	221.18638610839844	254.04014587402344	489.0687561035156	291.4569396972656	0.0	65.73296356201172	190.0518798828125	0.0	37.08127975463867	240.4158477783203	169.96067810058594	0.0	33.16534423828125	212.85740661621094	248.80433654785156	966.644287109375	1322.54052734375	368.5588684082031	163.19895935058594	717.3892822265625	1107.9793701171875	125.40416717529297	35.41241455078125	464.5215759277344	208.91749572753906	0.0	62.37018585205078	211.37002563476562	0.0	0.0	233.1680145263672	0.0	3.9013402462005615	459.4597473144531	0.0	66.08918762207031	0.0	424.59442138671875	0.0	638.43603515625	0.0	0.0	121.66389465332031	453.3414306640625	0.0	201.5475616455078	3.51381516456604	0.0	0.0	0.0	23.9542179107666	37.805908203125	0.0	0.0	83.49473571777344	0.0	0.0	251.6881561279297	208.13804626464844	0.0	0.0	0.0	0.0	204.0166778564453	37.76741409301758	0.0	0.0	76.95034790039062	303.8704833984375	0.0	0.0	0.0	282.9246520996094	64.78572082519531	30.60927391052246	457.2335205078125	447.0230712890625	60.986507415771484	0.0	214.3622589111328	31.124155044555664	0.0	69.64261627197266	216.19667053222656	74.01879119873047	36.93635559082031	73.30213165283203	9.878532409667969	36.42561340332031	0.6720709204673767	0.0	11.53200626373291	5.342819690704346	169.6228790283203	180.43592834472656	0.0	90.0284652709961	0.0	0.0	40.85960388183594	91.31575012207031	0.0	0.0	174.98622131347656	126.35723114013672	44.66471862792969	0.0	18.627058029174805	0.0	21.425220489501953	101.08006286621094	719.4833984375	192.6633758544922	59.65701675415039	0.0	0.0	344.1250915527344	891.5244750976562	742.9134521484375	104.71453094482422	0.0	0.0	0.0	0.0	0.0	586.4481811523438	1181.0499267578125	313.2304992675781	721.6317138671875	703.9991455078125	390.4759826660156	673.005859375	892.6968994140625	320.9845275878906	21.949304580688477	1092.5814208984375	519.845947265625	0.0	766.7501831054688	1127.8916015625	0.0	5.974360466003418	0.0	0.0	0.0	9.686270713806152	0.0	0.0	0.0	0.0	0.0	0.0	0.0	39.90556716918945	0.0	0.0	8.588102340698242	0.0	207.2246856689453	145.42861938476562	52.96852111816406	577.1238403320312	829.4317626953125	156.0390167236328	286.3241271972656	632.6744995117188	706.1279907226562	55.651634216308594	302.9446105957031	0.0	0.0	180.0653839111328	164.36209106445312	147.56527709960938	224.72398376464844	130.1218719482422	112.97457885742188	0.0	30.47149658203125	0.0	0.0	145.394287109375	190.58509826660156	0.0	0.0	331.8926086425781	208.32318115234375	43.233890533447266	0.0	0.0	0.0	0.0	266.84393310546875	127.2042465209961	844.533935546875	235.58883666992188	530.7211303710938	198.0831298828125	316.1168212890625	180.03636169433594	584.6593627929688	143.94265747070312	28.440532684326172	463.8307189941406	440.885986328125	134.60162353515625	104.15016174316406	55.44393539428711	312.36627197265625	210.07786560058594	346.8677978515625	264.6565246582031	0.0	0.0	61.73160934448242	66.22393798828125	4.521327495574951	0.0	43.335479736328125	0.0	0.0
708.3074951171875	947.7021484375	689.7774047851562	696.843994140625	32.12124252319336	881.6593627929688	964.0696411132812	380.9483642578125	184.85670471191406	549.1679077148438	619.5660400390625	5.24078893661499	93.3134765625	108.45738220214844	14.86130142211914	0.0	121.53717041015625	167.8119659423828	71.72681427001953	57.24392318725586	245.94107055664062	311.371826171875	165.9982147216797	225.2413787841797	406.4182434082031	0.0	257.7391662597656	495.32196044921875	172.0748291015625	0.0	328.75946044921875	70.87208557128906	190.8007354736328	425.5636901855469	584.9232788085938	420.1191101074219	491.19097900390625	688.8030395507812	405.32940673828125	58.74388122558594	295.9248046875	625.0814819335938	516.7418823242188	51.430484771728516	289.1048889160156	189.9456329345703	0.0	70.7638931274414	351.9169006347656	176.72268676757812	369.7169189453125	772.9024658203125	651.6840209960938	98.75965118408203	337.0028991699219	1254.3447265625	490.1181945800781	249.23443603515625	419.53033447265625	0.0	0.0	0.0	805.7957763671875	163.51744079589844	195.31216430664062	0.0	0.0	0.0	725.6567993164062	0.0	0.0	47.16464614868164	473.0897216796875	0.0	479.3229064941406	0.0	0.0	0.0	338.3448181152344	0.0	147.53704833984375	0.0	0.0	0.0	0.0	114.58808898925781	118.95276641845703	0.0	0.0	0.0	0.0	0.0	240.65086364746094	179.34950256347656	0.0	0.0	0.0	0.0	1.4019651412963867	51.64051055908203	0.0	0.0	0.0	103.5692138671875	0.0	87.268798828125	79.75064849853516	377.1492614746094	22.97566795349121	248.77403259277344	379.5011291503906	418.4639892578125	12.033413887023926	2.1743178367614746	43.389617919921875	47.40180587768555	0.0	17.3409481048584	350.0398864746094	144.40924072265625	39.240203857421875	84.05772399902344	0.0	0.0	0.0	135.11805725097656	130.1024932861328	78.7277603149414	79.44754791259766	0.0	0.0	0.0	0.0	0.0	0.0	79.76835632324219	0.0	0.0	0.0	0.0	0.0	0.0	59.83387756347656	0.0	172.1866912841797	446.1351623535156	789.4581298828125	164.00994873046875	0.0	0.0	941.2843627929688	990.2554321289062	633.234130859375	1101.378173828125	390.7966003417969	0.0	0.0	336.9274597167969	521.6900024414062	0.0	988.4301147460938	1066.8504638671875	0.0	254.59487915039062	693.5360107421875	391.5383605957031	392.2439270019531	903.5162963867188	370.9797058105469	0.0	984.8950805664062	609.3104858398438	0.0	0.0	927.1923828125	286.566650390625	3.5463383197784424	0.0	0.0	0.0	0.0	0.0	0.0	0.0	0.0	0.0	0.0	0.0	0.0	21.80984115600586	0.0	0.0	355.9147033691406	747.435546875	595.7625732421875	183.9814910888672	113.04592895507812	453.7174987792969	0.0	0.0	834.4701538085938	1128.2974853515625	384.37969970703125	192.88357543945312	0.0	0.0	0.0	162.2694549560547	217.27609252929688	290.7356262207031	176.0259246826172	60.117027282714844	0.0	0.0	0.0	15.299428939819336	343.37493896484375	492.9992370605469	426.0022277832031	0.0	136.19393920898438	0.0	93.99854278564453	49.56038284301758	0.0	106.33737182617188	61.505496978759766	110.4730453491211	415.4728088378906	1282.3348388671875	0.0	70.05943298339844	161.03260803222656	504.8347473144531	87.21006774902344	514.2948608398438	328.1324768066406	286.55926513671875	427.0022888183594	656.557373046875	97.97759246826172	120.68391418457031	534.08642578125	562.9544067382812	74.1919937133789	424.65106201171875	310.97918701171875	126.55815887451172	0.0	223.1090545654297	284.3226318359375	0.0	0.0	0.0	0.0	0.0
404.637939453125	632.2048950195312	865.0294189453125	821.2147216796875	292.1076354980469	197.27259826660156	116.97462463378906	447.322021484375	0.0	0.0	0.0	88.66448974609375	502.5752868652344	756.6817626953125	322.848388671875	0.0	216.37033081054688	300.9538269042969	78.76860046386719	24.951034545898438	421.7512512207031	424.3898620605469	38.075531005859375	0.0	191.3560028076172	0.0	0.0	86.61769104003906	0.0	65.47998046875	554.8111572265625	370.0954284667969	17.486356735229492	276.1067810058594	425.1131896972656	554.5734252929688	192.391357421875	326.2063903808594	737.0099487304688	491.1269836425781	270.77362060546875	201.9633331298828	96.10498046875	147.2410430908203	345.30914306640625	176.57113647460938	0.0	0.0	517.2617797851562	518.4088745117188	0.0	0.0	0.0	0.0	714.1071166992188	0.0	0.0	0.0	1303.934814453125	732.018798828125	244.93841552734375	0.0	336.6334228515625	260.369384765625	358.13134765625	0.0	0.0	0.0	455.8766784667969	0.0	0.0	0.0	363.9493408203125	0.0	127.79375457763672	0.0	0.0	0.0	736.26220703125	0.0	0.08828520774841309	0.0	0.0	0.0	0.0	0.0	0.0	51.89809799194336	97.88959503173828	8.758492469787598	25.761629104614258	0.0	125.15776062011719	158.92616271972656	0.0	0.0	0.0	0.0	0.0	0.0	0.0	28.991727828979492	503.19769287109375	395.9669189453125	123.26420593261719	35.147972106933594	539.8755493164062	360.1982727050781	386.63604736328125	150.96295166015625	109.99454498291016	240.67129516601562	38.52111053466797	73.03351593017578	0.0	0.0	0.0	119.90870666503906	60.790809631347656	71.81168365478516	0.0	160.44566345214844	213.81480407714844	64.75209045410156	12.117921829223633	68.5258560180664	0.0	0.0	61.72711944580078	117.05274963378906	0.0	0.0	0.0	0.0	0.0	0.0	0.0	0.0	171.66961669921875	1.911081075668335	35.73741912841797	104.02037811279297	386.0965881347656	0.0	211.07015991210938	365.0241394042969	164.7504119873047	538.0053100585938	218.39559936523438	251.3362274169922	295.8531799316406	0.0	95.55835723876953	0.0	506.23638916015625	246.77638244628906	0.0	0.0	0.0	0.0	712.1474609375	715.7730712890625	544.0247192382812	389.9894104003906	582.90625	314.5369567871094	65.79944610595703	193.4801025390625	126.33079528808594	0.0	559.260498046875	628.0712890625	0.0	160.1087188720703	865.9734497070312	240.78915405273438	16.713088989257812	0.0	0.0	0.0	0.0	0.0	0.0	0.0	0.0	0.0	0.0	0.0	0.0	0.0	0.0	0.0	100.03861236572266	619.646240234375	893.7920532226562	1042.2506103515625	835.6985473632812	870.418701171875	11.912970542907715	0.0	102.06903076171875	0.0	0.0	61.36640930175781	0.0	146.8461456298828	0.0	297.9608154296875	237.2730712890625	276.4503173828125	142.89959716796875	120.90567016601562	0.0	0.0	25.636804580688477	73.34249114990234	0.0	47.19710159301758	395.0811462402344	401.2754821777344	236.6627197265625	245.23284912109375	0.0	0.0	0.0	230.8223419189453	0.0	0.0	405.2742614746094	836.3506469726562	427.9347839355469	413.9510192871094	529.5859985351562	504.53656005859375	0.0	388.8899230957031	0.0	95.51412963867188	136.93251037597656	570.4531860351562	79.53092956542969	122.46259307861328	255.72311401367188	369.5098571777344	201.7941131591797	95.01244354248047	131.4032745361328	14.752391815185547	0.0	36.28709411621094	0.0	9.03590202331543	286.50762939453125	511.4470520019531	57.075069427490234	17.59255027770996
229.95652770996094	0.0	148.39688110351562	259.81036376953125	0.0	202.29132080078125	230.96484375	0.0	146.99708557128906	12.61113452911377	236.47508239746094	0.0	62.5727424621582	102.30479431152344	12.836490631103516	36.087894439697266	131.68162536621094	384.7338562011719	4.90701150894165	172.81723022460938	180.78570556640625	270.73272705078125	421.2801818847656	483.6774597167969	328.34136962890625	62.012428283691406	540.7733764648438	376.8468017578125	157.08779907226562	131.1230926513672	251.47276306152344	89.44780731201172	0.0	0.0	88.24662780761719	0.0	234.84579467773438	207.11734008789062	0.0	0.0	0.0	281.7215881347656	142.37696838378906	0.0	186.9241943359375	163.61729431152344	162.3253936767578	0.0	240.54100036621094	245.73545837402344	691.6216430664062	528.8212890625	718.2034301757812	360.8490295410156	769.3156127929688	734.9303588867188	391.3371887207031	511.22003173828125	341.535400390625	22.641353607177734	0.0	0.0	753.09912109375	2.0709309577941895	874.9204711914062	479.97747802734375	0.0	252.5380096435547	767.3438110351562	0.0	1026.158203125	272.4043273925781	347.3624267578125	0.0	870.0376586914062	0.0	0.0	0.0	619.6102294921875	0.0	0.0	0.0	23.9243106842041	2.0948634147644043	0.0	0.0	0.0	0.0	0.0	0.0	0.0	0.0	137.345458984375	136.84579467773438	0.0	0.0	0.0	0.73004150390625	161.4669952392578	0.0	105.59256744384766	0.0	0.0	91.9869155883789	32.807254791259766	0.0	63.04267120361328	266.70928955078125	0.0	0.0	350.33660888671875	222.38412475585938	0.0	94.01139068603516	68.41941833496094	0.0	65.39823913574219	103.96076965332031	39.630210876464844	16.073259353637695	81.81539916992188	22.73337745666504	0.0	0.0	0.0	93.12841033935547	78.96092987060547	0.0	0.0	50.69637680053711	0.0	164.21385192871094	46.76433181762695	3.06386399269104	214.70484924316406	186.8460235595703	22.919910430908203	0.0	218.92007446289062	0.0	0.0	0.0	70.21890258789062	0.0	96.41494750976562	54.50513458251953	94.16847229003906	0.0	72.39073181152344	0.0	233.96023559570312	0.0	385.172607421875	900.3182983398438	0.0	0.0	0.0	479.0977478027344	250.7532501220703	0.0	770.2041625976562	846.5723266601562	202.0232391357422	729.65380859375	382.6271057128906	155.42941284179688	1086.59326171875	837.211181640625	256.9739074707031	83.95201873779297	666.0638427734375	49.69645309448242	3.4020133018493652	0.0	414.76751708984375	92.49541473388672	22.485553741455078	0.0	0.0	0.0	0.0	0.0	0.0	0.0	0.0	0.0	0.0	0.0	0.0	0.0	0.0	0.0	140.6273651123047	137.08309936523438	0.0	0.0	0.0	157.21437072753906	0.0	385.8586120605469	333.9028625488281	585.2969970703125	251.5448760986328	371.1622314453125	0.0	0.0	184.44448852539062	262.850830078125	87.13546752929688	81.97435760498047	0.0	97.67939758300781	0.0	26.04275131225586	25.614395141601562	22.359249114990234	83.09063720703125	0.0	0.0	20.88055419921875	19.352863311767578	0.0	70.43999481201172	52.174339294433594	0.0	502.6220703125	114.12017822265625	264.64569091796875	22.09339141845703	815.967041015625	0.0	578.59765625	67.34735870361328	421.44049072265625	422.3414306640625	886.8887939453125	181.84910583496094	143.2702178955078	497.7086181640625	615.5924682617188	103.90447998046875	0.0	131.315673828125	176.39686584472656	80.01468658447266	490.2558898925781	99.94249725341797	33.84991455078125	29.912086486816406	536.4595336914062	306.5700378417969	4.417688846588135	30.84848976135254	0.0	164.7501983642578	88.12985229492188
0.0	0.0	0.0	0.0	0.0	0.0	0.0	0.0	0.0	0.0	0.0	0.0	0.0	2.188931703567505	25.200374603271484	30.534603118896484	0.0	170.50779724121094	173.65382385253906	87.32858276367188	0.0	240.95657348632812	334.8885498046875	122.7127914428711	10.200072288513184	280.7156066894531	449.0807189941406	117.3175277709961	140.0056915283203	425.61126708984375	369.8036193847656	121.36265563964844	0.0	0.0	0.0	0.0	0.0	0.0	0.0	2.361269474029541	0.0	0.0	0.0	26.172954559326172	0.0	58.32617950439453	27.144031524658203	16.270963668823242	15.564745903015137	328.1298522949219	1047.717529296875	49.945316314697266	36.49131393432617	444.85772705078125	799.7241821289062	0.0	19.041976928710938	534.7694702148438	457.8427734375	0.0	0.0	595.1617431640625	193.55824279785156	0.0	0.0	828.6510009765625	744.4969482421875	0.0	0.0	1135.6024169921875	720.0151977539062	0.0	0.0	1281.31298828125	292.3138732910156	0.0	0.0	890.7008666992188	0.0	0.0	0.0	0.0	0.0	0.0	9.22021484375	0.0	0.0	0.0	0.0	0.0	0.0	0.0	36.88569641113281	0.0	0.0	0.0	0.0	0.0	68.58257293701172	50.23027801513672	0.0	0.0	78.10033416748047	186.51979064941406	0.0	0.0	174.0352783203125	193.74505615234375	0.0	40.570865631103516	212.42111206054688	119.87715911865234	41.33889389038086	73.46735382080078	49.19791030883789	0.0	43.94083023071289	11.263416290283203	0.0	0.0	75.14604949951172	0.0	0.0	0.0	41.94779968261719	23.68677520751953	11.088064193725586	0.0	0.0	0.0	341.6947937011719	0.0	0.0	96.23541259765625	431.65081787109375	0.0	0.0	294.6771240234375	413.1798095703125	0.0	0.0	305.36016845703125	91.11248016357422	0.0	0.0	184.59701538085938	263.6754455566406	0.0	0.0	0.0	0.0	0.0	0.0	0.0	0.0	0.0	0.0	0.0	0.0	0.0	0.0	324.8155822753906	560.65380859375	162.72593688964844	0.0	611.6319580078125	735.4849243164062	0.0	0.0	886.7152099609375	671.9881591796875	0.0	120.61529541015625	653.9138793945312	298.5138854980469	0.0	8.063982009887695	95.81861877441406	0.0	14.333792686462402	57.215240478515625	107.51893615722656	0.0	58.08689880371094	118.25586700439453	0.0	0.0	62.39319610595703	127.52827453613281	0.0	0.0	49.870426177978516	0.0	0.0	226.76968383789062	147.4550018310547	0.0	0.0	255.41514587402344	107.9732666015625	0.0	0.0	332.1680603027344	79.98597717285156	77.42182922363281	427.1076354980469	639.9921264648438	0.0	0.0	5.298656463623047	73.4889144897461	0.0	0.0	0.0	5.1866841316223145	0.0	0.0	0.0	7.754371643066406	0.0	0.0	0.0	38.94639587402344	21.004470825195312	4.053829669952393	0.0	737.1280517578125	405.2787170410156	0.0	0.0	829.1240844726562	365.7850646972656	0.0	0.0	803.5249633789062	153.05343627929688	19.175626754760742	339.1175231933594	911.9889526367188	0.0	96.8606948852539	222.2918243408203	51.54951095581055	32.75347900390625	154.89764404296875	222.84124755859375	0.0	16.11682891845703	219.0993194580078	137.7867431640625	10.262256622314453	26.294677734375	226.51702880859375	165.72377014160156	297.70635986328125	32.21260452270508
4.408724784851074	0.0	273.04998779296875	12.403606414794922	409.5588684082031	1097.6011962890625	626.4063110351562	19.311899185180664	566.7703247070312	496.3016052246094	512.6666870117188	0.0	1087.1646728515625	1224.625244140625	504.1385498046875	0.0	106.15801239013672	0.0	77.12932586669922	300.1718444824219	9.447019577026367	96.7784423828125	392.08258056640625	633.755126953125	0.0	0.0	40.471763610839844	154.3917236328125	105.77030944824219	76.5911865234375	531.6822509765625	319.51617431640625	0.0	0.0	18.94615364074707	0.0	415.8975830078125	543.8370971679688	316.3534851074219	0.0	262.7917175292969	134.78689575195312	0.0	31.886751174926758	728.8898315429688	605.9131469726562	118.28716278076172	92.42523956298828	0.0	0.0	360.7669677734375	1308.5762939453125	0.0	0.0	383.16552734375	153.7321014404297	0.0	0.0	1104.947265625	631.2506103515625	506.2629699707031	0.0	0.0	39.73227310180664	0.0	116.68760681152344	0.0	432.8222351074219	0.0	0.0	290.2518005371094	0.0	0.0	0.0	437.9529113769531	0.0	0.0	0.0	0.0	0.0	0.0	300.9471740722656	219.90110778808594	0.0	297.7298583984375	318.1153869628906	0.0	0.0	133.6807403564453	452.9563903808594	15.394800186157227	0.0	131.76722717285156	301.2207946777344	0.0	0.0	0.0	0.0	0.0	96.3442611694336	0.0	0.0	131.69053649902344	362.9264221191406	0.0	0.0	29.066598892211914	293.8221130371094	0.0	0.0	330.5589294433594	375.56585693359375	0.0	20.20772933959961	183.96083068847656	84.0872802734375	0.0	39.74066162109375	0.0	7.645246982574463	0.0	70.1200180053711	120.77213287353516	53.880516052246094	29.366186141967773	0.0	0.0	12.433444023132324	0.0	90.32868194580078	23.93272590637207	113.42526245117188	0.0	0.0	0.0	194.67938232421875	0.0	53.061100006103516	167.558837890625	62.15894317626953	0.0	0.0	0.0	0.0	133.0651397705078	382.66522216796875	380.1729431152344	480.8580017089844	161.16456604003906	58.504459381103516	0.0	0.0	51.417213439941406	288.71856689453125	466.1933288574219	112.48603820800781	892.2959594726562	0.0	0.0	0.0	240.61233520507812	324.33282470703125	838.3216552734375	1215.436767578125	33.37746047973633	0.0	629.3272094726562	502.85137939453125	183.41268920898438	0.0	713.4371948242188	573.1807250976562	226.09097290039062	249.0666046142578	378.6951599121094	0.0	0.0	0.0	0.0	0.0	2.0817272663116455	0.0	0.0	0.0	0.0	0.0	0.0	0.0	0.0	0.0	0.0	0.0	177.5014190673828	42.81724166870117	0.0	0.0	385.6352844238281	522.18798828125	93.37268829345703	280.127685546875	0.0	0.0	0.0	129.3020477294922	1267.48974609375	1146.953369140625	331.9961853027344	322.4376525878906	83.5413589477539	0.0	0.0	0.0	391.5563659667969	335.5168151855469	100.66294860839844	0.0	97.4743881225586	0.0	0.0	0.0	417.35577392578125	350.3338317871094	0.0	0.0	124.07388305664062	269.9225769042969	233.33087158203125	280.0833435058594	119.57422637939453	114.086669921875	0.0	622.275390625	352.50982666015625	212.5271759033203	0.0	565.5308837890625	379.4728088378906	150.29124450683594	167.93695068359375	413.52435302734375	96.50352478027344	0.0	152.2228240966797	41.004676818847656	87.47881317138672	232.39695739746094	197.17442321777344	86.39295959472656	530.7039184570312	200.2154083251953	39.141090393066406	128.28268432617188	279.603759765625	191.7895965576172	0.0	40.4639778137207
0.0	0.0	0.0	0.0	0.0	0.0	0.0	0.0	0.0	0.0	0.0	0.0	0.0	0.0	0.0	28.050134658813477	0.0	103.11212921142578	279.0572509765625	48.46824645996094	0.0	184.2946319580078	272.2946472167969	123.5284652709961	0.0	283.3743896484375	422.34649658203125	139.46636962890625	94.54358673095703	265.75848388671875	447.3372802734375	137.84759521484375	0.0	0.0	0.0	0.0	0.0	0.0	0.0	0.0	0.0	0.0	0.0	23.234128952026367	0.0	0.0	77.42198944091797	12.140464782714844	17.86383628845215	222.26385498046875	823.37353515625	77.09385681152344	39.503536224365234	476.3321533203125	797.0438842773438	0.0	41.89019775390625	599.0792846679688	633.8598022460938	0.0	0.0	674.2355346679688	463.32659912109375	0.0	0.0	780.7766723632812	938.5847778320312	0.0	0.0	1078.202392578125	787.5338745117188	0.0	0.0	1295.0313720703125	377.6073913574219	12.105005264282227	0.0	1124.2105712890625	0.0	23.519466400146484	0.0	0.0	0.0	0.0	13.612380027770996	0.0	0.0	0.0	0.0	0.0	0.0	0.0	54.839439392089844	0.0	0.0	0.0	0.0	0.0	6.174327373504639	74.37791442871094	0.0	21.567562103271484	40.02265930175781	181.55841064453125	0.0	65.0174560546875	166.8981170654297	198.79031372070312	0.0	111.61183166503906	160.37701416015625	152.06871032714844	75.55322265625	58.898033142089844	37.081268310546875	0.0	18.560117721557617	36.18129348754883	0.0	0.0	20.684080123901367	0.2627875804901123	0.0	0.0	0.0	18.77724266052246	28.751670837402344	0.0	0.0	0.0	289.0125732421875	0.0	0.0	0.9444835782051086	410.7102355957031	0.0	0.0	130.80250549316406	397.4345703125	0.0	24.02617645263672	114.12115478515625	231.3008575439453	0.0	0.0	59.751983642578125	81.64599609375	0.0	0.0	0.0	0.0	0.0	0.0	0.0	0.0	0.0	0.0	106.72832489013672	181.64801025390625	0.0	0.0	349.06268310546875	645.5780639648438	116.38439178466797	0.0	484.70611572265625	643.6743774414062	0.0	0.0	587.457275390625	657.252685546875	0.0	3.073622703552246	400.2042236328125	296.9454345703125	0.0	0.0	105.55526733398438	0.0	15.711884498596191	35.4573974609375	112.52781677246094	0.0	57.82625961303711	55.02064514160156	75.12106323242188	0.0	65.27362060546875	72.23871612548828	5.794619083404541	0.0	50.709999084472656	0.0	0.0	259.5063171386719	219.5011749267578	0.0	0.0	198.61676025390625	95.70455932617188	0.0	0.0	355.0926208496094	69.99335479736328	0.0	121.42164611816406	549.9701538085938	0.0	0.0	0.7653190493583679	91.84557342529297	0.0	0.0	0.0	36.55270004272461	4.051048278808594	0.0	0.0	37.07400131225586	14.664298057556152	0.0	0.0	0.0	32.934452056884766	6.225810527801514	0.0	753.9403686523438	478.74822998046875	7.433248043060303	0.0	871.2276611328125	335.8697814941406	14.013532638549805	0.0	900.8408203125	166.15196228027344	96.08942413330078	0.0	844.787109375	0.0	69.52792358398438	190.9406280517578	0.0	16.82686424255371	126.33329010009766	229.4739990234375	24.833044052124023	24.870628356933594	173.89088439941406	180.70477294921875	112.78402709960938	48.65211868286133	176.21615600585938	148.62103271484375	269.7183532714844	28.94602394104004
0.0	0.0	0.0	82.71468353271484	96.43605041503906	282.39434814453125	0.0	0.0	403.3434143066406	351.7420349121094	262.6773376464844	465.8334655761719	129.13714599609375	349.13311767578125	195.69143676757812	0.0	260.7591857910156	64.41022491455078	0.0	164.14700317382812	0.0	6.593863010406494	326.9955139160156	82.11113739013672	74.86785125732422	486.10137939453125	465.28082275390625	120.31692504882812	398.82147216796875	531.3911743164062	228.1025390625	36.44697189331055	14.208552360534668	0.0	193.43753051757812	19.94209861755371	347.9226989746094	11.362225532531738	0.0	0.0	7.035778999328613	0.0	195.8250732421875	490.3995361328125	120.65850067138672	181.1935272216797	22.243274688720703	301.7158508300781	0.0	680.6107177734375	1262.8380126953125	317.33551025390625	0.0	0.0	922.6990966796875	284.26007080078125	235.1510772705078	101.44341278076172	681.2154541015625	610.7855224609375	52.00017547607422	45.27894592285156	41.177772521972656	566.0386352539062	213.2252655029297	0.0	113.1347427368164	0.0	0.0	0.0	418.77679443359375	0.0	0.0	466.7956237792969	390.54022216796875	0.0	192.28817749023438	0.0	0.0	0.0	11.938425064086914	0.0	0.0	0.0	337.4952697753906	194.4696044921875	0.0	0.0	160.94544982910156	8.283023834228516	0.0	0.0	0.0	0.0	0.0	0.0	0.0	107.97889709472656	252.71173095703125	70.66393280029297	69.71086120605469	165.97142028808594	383.5255126953125	259.1718444824219	0.0	0.0	114.81037902832031	161.61080932617188	0.0	0.0	125.45189666748047	255.55982971191406	39.56816482543945	303.4429931640625	286.7928771972656	0.0	0.0	113.60685729980469	182.93838500976562	1.5005903244018555	75.58521270751953	0.0	83.94261932373047	34.55641174316406	0.0	0.0	140.94271850585938	142.7913055419922	0.0	0.0	0.0	0.0	116.13783264160156	218.92105102539062	402.212646484375	0.0	118.64965057373047	158.56741333007812	240.72738647460938	0.0	0.0	0.0	0.0	0.0	517.330078125	1034.46044921875	1049.0709228515625	0.0	0.0	0.0	360.215576171875	0.0	0.0	0.0	68.13446807861328	0.0	468.8553161621094	428.5880126953125	611.62451171875	795.8720092773438	346.2933044433594	0.0	839.127197265625	629.37939453125	0.0	253.87911987304688	867.0748901367188	485.7215576171875	462.59130859375	681.7009887695312	550.9246826171875	0.0	357.9211730957031	470.15032958984375	521.8208618164062	0.0	0.0	0.0	0.0	0.0	0.0	0.0	0.0	0.0	58.966617584228516	0.0	0.0	0.0	56.511837005615234	0.0	0.0	0.0	320.2079772949219	464.91998291015625	201.8818359375	104.7972412109375	0.0	0.0	0.0	0.0	17.670238494873047	511.1217041015625	844.0244140625	762.6514892578125	805.1489868164062	1226.87841796875	1016.8727416992188	898.7931518554688	0.0	76.34669494628906	129.07644653320312	0.0	268.8907470703125	104.99555969238281	81.1416015625	0.0	186.793212890625	171.82943725585938	0.0	0.0	0.0	0.0	25.147871017456055	54.098907470703125	386.9056091308594	386.0788269042969	199.5425567626953	391.33966064453125	108.87345886230469	0.0	322.3066711425781	572.8185424804688	0.0	196.0109405517578	516.084716796875	597.5325317382812	279.9520263671875	688.8969116210938	445.29754638671875	0.0	0.0	0.0	181.48779296875	117.42060852050781	120.39152526855469	278.011474609375	39.767189025878906	116.8766098022461	207.28652954101562	212.49388122558594	261.7470397949219	442.4345703125	190.9235076904297	267.8114929199219	103.75505828857422	125.53828430175781
104.41737365722656	0.0	0.0	258.6507263183594	0.0	0.0	0.0	0.0	0.0	0.0	12.751023292541504	0.0	80.7594223022461	554.9099731445312	678.0452880859375	146.1848907470703	147.20814514160156	414.84735107421875	0.0	66.27677917480469	260.49249267578125	298.1364440917969	298.1676025390625	37.939849853515625	292.2413330078125	75.66265106201172	157.7984619140625	346.7168884277344	310.43060302734375	93.69176483154297	334.7303161621094	579.2008666992188	0.0	0.0	285.59844970703125	373.3929748535156	39.57390594482422	66.64894104003906	0.0	90.185302734375	74.04889678955078	30.902854919433594	67.49580383300781	0.0	140.03353881835938	463.52630615234375	397.3406066894531	0.0	184.07418823242188	0.0	1178.6683349609375	1277.3138427734375	621.2880859375	155.1559295654297	0.0	1083.7562255859375	816.5157470703125	201.71287536621094	0.0	831.0952758789062	802.9478759765625	645.6385498046875	0.0	188.57296752929688	908.010986328125	122.09712982177734	0.0	0.0	1002.7781982421875	0.0	0.0	0.0	995.3291015625	0.0	180.5603790283203	813.3305053710938	661.4171142578125	0.0	489.06787109375	851.0484008789062	0.0	0.0	0.0	0.0	0.0	0.0	0.0	0.0	0.0	0.0	140.82984924316406	0.0	0.0	0.0	201.22744750976562	0.0	0.0	0.0	202.72242736816406	283.6978454589844	46.25191879272461	60.273284912109375	390.1402282714844	600.24658203125	256.9124755859375	117.29568481445312	0.0	297.37286376953125	181.3520965576172	10.033711433410645	0.0	219.6317901611328	0.0	137.80960083007812	278.7846374511719	79.27462768554688	3.285724639892578	0.0	215.2018585205078	142.1693572998047	23.929227828979492	42.10856628417969	22.841489791870117	72.87271881103516	77.56221771240234	83.38510131835938	0.0	0.0	0.0	47.70181655883789	0.0	0.0	267.68768310546875	158.58973693847656	0.0	0.0	307.5698547363281	0.0	134.20828247070312	467.1205139160156	74.1187973022461	0.0	0.0	248.21682739257812	106.90037536621094	133.0705108642578	992.0968017578125	583.6460571289062	0.0	0.0	407.4213562011719	875.25244140625	0.0	0.0	0.0	226.19017028808594	550.7800903320312	568.0086669921875	0.0	0.0	694.8716430664062	995.4351806640625	97.53080749511719	418.2830505371094	659.5311279296875	293.74365234375	0.0	455.59906005859375	452.22076416015625	301.07373046875	0.0	701.0111694335938	260.1014404296875	0.0	652.1665649414062	846.4993286132812	54.539710998535156	0.0	0.0	0.0	0.0	0.0	0.0	0.0	0.0	0.0	4.729022026062012	0.0	0.0	0.0	28.344181060791016	0.0	0.0	313.552001953125	201.48330688476562	287.55255126953125	0.0	99.04039764404297	0.0	162.90167236328125	0.0	80.95756530761719	0.0	0.0	567.2774658203125	1303.8701171875	1034.63623046875	477.6645812988281	65.02278900146484	25.461711883544922	32.426998138427734	37.59273147583008	99.40497589111328	223.7772216796875	0.0	66.4769515991211	0.0	99.39134979248047	56.941070556640625	26.810678482055664	52.078025817871094	44.980377197265625	0.0	0.0	0.0	999.0387573242188	45.87759780883789	437.4517517089844	0.0	883.657470703125	0.0	497.306884765625	150.4184112548828	935.0123291015625	0.0	289.1059875488281	73.2668685913086	719.941162109375	18.685115814208984	602.6268310546875	101.92976379394531	0.0	105.64752960205078	379.6497802734375	62.69248962402344	0.0	38.80238723754883	157.28472900390625	115.42060852050781	300.23486328125	279.84979248046875	0.0	86.14808654785156	501.30230712890625	529.3419799804688	104.71945190429688
133.1255340576172	348.1089782714844	150.14906311035156	392.8998718261719	410.55450439453125	732.879638671875	818.7982177734375	751.8619384765625	658.0613403320312	464.934326171875	0.0	113.15326690673828	258.2295227050781	718.6422729492188	27.429027557373047	36.74606704711914	60.97512435913086	61.05119323730469	226.59974670410156	0.0	66.39690399169922	207.03482055664062	0.0	305.9913330078125	88.78607177734375	325.5993957519531	201.39035034179688	338.6575012207031	314.3541259765625	120.6397476196289	439.7435302734375	121.29336547851562	16.99303436279297	108.07026672363281	15.699467658996582	100.62568664550781	135.36032104492188	191.32298278808594	480.3666076660156	381.0003356933594	159.34471130371094	101.44917297363281	85.12908935546875	232.98638916015625	642.3922119140625	397.94390869140625	33.12645721435547	16.937166213989258	0.0	271.15887451171875	0.0	263.4958190917969	119.57137298583984	1006.9577026367188	474.4671630859375	0.0	322.6742248535156	226.840087890625	769.97998046875	0.0	561.853271484375	558.4761352539062	805.1873168945312	0.0	0.0	510.7642517089844	0.0	0.0	0.0	532.3311767578125	0.0	0.0	184.32315063476562	258.8424987792969	0.0	0.0	343.2021789550781	71.18273162841797	0.0	0.0	6.141407489776611	0.0	95.04299926757812	331.69384765625	256.8714294433594	51.00098419189453	115.11787414550781	52.42182922363281	151.5908660888672	0.0	0.0	30.55498695373535	97.03517150878906	89.45553588867188	0.0	0.0	0.0	0.0	0.0	0.0	0.0	105.07704162597656	0.0	233.69757080078125	0.0	167.70399475097656	0.0	181.56857299804688	0.0	223.0799560546875	395.2205505371094	375.0003662109375	107.14898681640625	0.0	0.0	223.02630615234375	62.172359466552734	185.52415466308594	11.437609672546387	0.0	0.0	0.0	35.326202392578125	0.0	28.54918098449707	163.8084259033203	38.31086349487305	0.0	0.0	0.0	0.0	0.0	106.29557800292969	329.9128112792969	175.75656127929688	0.0	79.083984375	0.0	0.0	0.0	0.0	0.0	155.63987731933594	0.0	18.914274215698242	124.34642791748047	19.625276565551758	806.778076171875	0.0	176.5281219482422	85.7897720336914	0.0	17.350948333740234	113.67247772216797	151.31298828125	0.0	23.48825454711914	22.474781036376953	171.35275268554688	0.0	32.23871612548828	918.4414672851562	899.3248901367188	428.72967529296875	0.0	295.2093505859375	469.4938659667969	241.71372985839844	974.3377075195312	363.3302307128906	422.1309509277344	30.837739944458008	344.0716857910156	353.6828308105469	697.4420166015625	0.0	79.90365600585938	0.0	0.0	0.0	0.0	0.0	0.0	0.0	0.0	0.0	0.0	0.0	0.0	0.0	0.0	62.10597229003906	0.0	244.85345458984375	306.06719970703125	33.40603256225586	0.0	242.4145965576172	501.6343994140625	7.7949981689453125	409.35491943359375	372.0932312011719	351.8869934082031	42.208457946777344	720.7341918945312	604.619140625	224.0413818359375	62.246212005615234	72.781982421875	175.73971557617188	211.63531494140625	80.12727355957031	0.0	329.59222412109375	394.4341735839844	208.72354125976562	179.66702270507812	0.0	0.0	15.18570613861084	0.0	0.0	96.62847900390625	122.22053527832031	0.0	28.833824157714844	829.764404296875	124.30155944824219	41.83448028564453	56.509422302246094	816.7063598632812	0.0	194.8697509765625	98.6235580444336	698.5204467773438	237.6378173828125	971.65576171875	440.1178283691406	415.34918212890625	20.96516227722168	95.10371398925781	101.45382690429688	69.53256225585938	49.144691467285156	499.51025390625	250.74057006835938	232.4274139404297	0.0	198.06488037109375	89.06761169433594	75.23323059082031	0.0	328.2086486816406	289.12396240234375	33.87076187133789	10.006731033325195
0.0	0.0	0.0	0.0	0.0	0.0	0.0	0.0	0.0	0.0	0.0	0.0	0.0	17.602293014526367	328.6006774902344	371.6828308105469	0.0	223.15228271484375	318.8116455078125	83.51209259033203	0.0	325.9190673828125	393.4013366699219	126.31986999511719	95.39111328125	312.8902587890625	351.95062255859375	75.3895263671875	136.07803344726562	319.7632751464844	224.95677185058594	188.49221801757812	0.0	0.0	0.0	0.8720385432243347	0.0	0.0	0.0	6.022571086883545	0.0	0.0	0.0	0.0	0.0	0.0	313.9485778808594	213.6154327392578	37.618080139160156	337.1487731933594	946.818359375	128.9397430419922	17.612319946289062	666.5145263671875	691.78759765625	0.0	0.0	801.6005249023438	724.2300415039062	0.0	0.0	707.1924438476562	1005.69580078125	0.0	0.0	1037.3763427734375	836.6597290039062	0.0	0.0	1308.052734375	562.5990600585938	0.0	0.0	1233.7366943359375	0.0	0.0	0.0	702.0796508789062	0.0	0.0	0.0	0.0	0.0	0.0	0.0	0.0	0.0	0.0	38.030784606933594	0.0	0.0	0.0	60.83305358886719	0.0	0.0	0.0	0.0	0.0	0.0	139.79371643066406	0.0	12.569886207580566	115.80968475341797	234.9468994140625	0.0	189.8531494140625	149.56800842285156	190.0483856201172	0.0	117.14704895019531	165.0071563720703	66.16649627685547	49.78922653198242	61.851356506347656	20.853836059570312	0.0	41.65592575073242	28.670124053955078	3.7277040481567383	0.0	27.862340927124023	47.952232360839844	19.258676528930664	0.0	0.0	109.50881958007812	85.73993682861328	2.487586259841919	0.0	0.0	351.35980224609375	0.0	0.0	180.74755859375	468.95989990234375	0.0	0.0	195.50161743164062	304.4031066894531	0.0	9.532649040222168	56.16212844848633	66.16804504394531	0.0	0.0	175.4502410888672	274.1413269042969	0.0	0.0	0.0	0.0	0.0	0.0	0.0	0.0	0.0	0.0	434.0196838378906	891.9318237304688	0.0	0.0	557.0593872070312	871.89501953125	149.23873901367188	0.0	661.2531127929688	767.0934448242188	0.0	0.0	586.4011840820312	579.4141845703125	0.0	9.323939323425293	241.77191162109375	34.200008392333984	0.0	52.464996337890625	126.15348815917969	0.0	22.736520767211914	69.25775909423828	93.19300842285156	0.0	58.65462875366211	79.72300720214844	0.0	0.0	26.826677322387695	18.94845962524414	0.0	0.0	31.46916961669922	0.0	0.0	227.19332885742188	207.87953186035156	0.0	0.0	296.6445007324219	95.7367935180664	0.0	0.0	225.7577667236328	0.0	0.0	476.7555236816406	936.4971923828125	458.1360168457031	2.102302312850952	1.5372463464736938	33.344974517822266	0.0	0.0	0.0	35.29960632324219	0.0	0.0	0.0	61.63494110107422	25.750240325927734	0.0	0.0	7.834300518035889	42.732383728027344	0.0	0.0	897.5906982421875	458.6554870605469	19.436180114746094	0.0	915.746337890625	299.5494079589844	60.8993034362793	0.0	872.1134643554688	56.01572799682617	153.27406311035156	0.0	892.0770263671875	210.82656860351562	126.36335754394531	221.72596740722656	0.0	25.118417739868164	212.220703125	186.7589874267578	41.79233932495117	36.733795166015625	224.22901916503906	133.88247680664062	271.3047790527344	104.51251220703125	205.9862060546875	56.56034851074219	486.5679626464844	247.1087188720703
229.37835693359375	454.8437805175781	747.8628540039062	466.3663024902344	434.75592041015625	797.5189819335938	224.20156860351562	0.0	0.0	88.08952331542969	131.17979431152344	0.0	148.17593383789062	19.04942512512207	0.0	0.0	196.9155731201172	192.5061798095703	15.852190971374512	276.0178527832031	650.371826171875	140.35926818847656	403.05242919921875	337.236328125	197.17691040039062	220.79039001464844	272.8699951171875	423.8852233886719	0.0	300.80706787109375	591.4578247070312	227.54904174804688	19.328336715698242	108.48138427734375	154.35708618164062	65.8934555053711	218.4589080810547	224.87985229492188	148.41651916503906	0.0	138.44476318359375	226.34852600097656	3.7190511226654053	0.7329744696617126	263.6103820800781	46.179447174072266	0.0	0.0	686.8812866210938	475.9724426269531	217.04873657226562	402.5344543457031	528.227783203125	194.3167724609375	743.9555053710938	693.6399536132812	0.0	0.90725177526474	747.9309692382812	394.50457763671875	1.8798545598983765	256.4798278808594	360.01190185546875	0.0	766.303955078125	0.0	0.0	95.62373352050781	694.67529296875	0.0	417.9212646484375	181.76370239257812	241.79483032226562	0.0	407.66412353515625	0.0	0.0	626.2551879882812	623.7841796875	0.0	0.0	0.0	193.3743896484375	104.43212127685547	0.0	0.0	0.0	0.0	96.77291870117188	224.9578399658203	56.995933532714844	0.0	119.97796630859375	25.329601287841797	0.0	0.0	0.0	10.343451499938965	0.0	0.0	0.0	0.0	0.0	0.0	88.22771453857422	90.62989044189453	140.79953002929688	448.34832763671875	217.0177001953125	233.05213928222656	220.25791931152344	391.0593566894531	67.53170776367188	69.03670501708984	27.15208625793457	0.0	114.57005310058594	117.66722106933594	35.76680374145508	73.57718658447266	92.90552520751953	65.09635162353516	60.02061462402344	41.055931091308594	40.967769622802734	19.250751495361328	0.0	0.0	242.72817993164062	92.85540008544922	317.571533203125	403.1031188964844	228.6571044921875	0.0	0.0	32.161834716796875	0.0	0.0	138.83985900878906	0.0	0.0	0.0	202.46221923828125	0.0	207.75099182128906	0.0	0.0	0.0	526.1903076171875	173.63490295410156	235.44435119628906	0.0	590.1049194335938	55.22365951538086	83.37922668457031	0.0	0.0	0.0	0.0	0.0	715.335205078125	407.3380432128906	485.4020690917969	697.6754760742188	414.1545715332031	109.42298126220703	632.3845825195312	992.5557250976562	140.4687042236328	0.0	1005.44140625	778.4884643554688	0.0	635.9567260742188	994.801025390625	0.0	0.0	0.0	20.288419723510742	0.0	0.0	0.0	0.0	0.0	0.0	0.0	0.0	0.0	72.4520263671875	76.38936614990234	0.0	3.2577602863311768	0.0	35.99443817138672	152.8865509033203	107.17821502685547	1323.3612060546875	1236.679443359375	479.2525329589844	420.4172058105469	138.78648376464844	0.0	0.0	111.79265594482422	0.0	0.0	369.6643371582031	237.79197692871094	164.8072967529297	66.5765380859375	214.16197204589844	119.63024139404297	72.25184631347656	57.1443977355957	28.748977661132812	32.53839874267578	0.0	0.0	0.0	0.0	227.86117553710938	203.0297393798828	62.42684555053711	0.0	65.19464111328125	550.6368408203125	0.0	88.68123626708984	616.820068359375	768.9197387695312	0.0	496.8414306640625	410.760986328125	442.05706787109375	0.0	531.5558471679688	32.82707595825195	0.0	904.267333984375	534.153076171875	24.511333465576172	293.8000793457031	324.7907409667969	197.69219970703125	246.98989868164062	283.99957275390625	174.87254333496094	0.0	0.0	0.0	0.0	0.0	51.641448974609375	134.20106506347656	59.45508575439453	0.0
0.0	0.0	0.0	9.404878616333008	0.0	0.0	0.0	0.0	0.0	0.0	0.0	0.0	0.0	1.3708584308624268	0.0	50.78692626953125	37.20730209350586	184.43910217285156	226.24325561523438	70.69237518310547	0.0	249.09027099609375	281.63494873046875	135.40354919433594	0.0	212.89305114746094	342.7414855957031	117.6944351196289	0.0	274.8190002441406	345.3313293457031	151.419677734375	0.0	0.0	0.0	0.0	0.0	0.0	0.0	0.0	0.0	0.0	0.0	0.0	15.575922012329102	0.0	38.1461067199707	0.0	23.3494930267334	836.458740234375	1218.2740478515625	0.0	0.0	522.3211669921875	1086.236572265625	0.0	0.0	453.197509765625	958.9268798828125	0.0	0.0	265.2168884277344	1042.5516357421875	0.0	0.0	1048.3248291015625	345.9243469238281	0.0	0.0	1149.6876220703125	271.67913818359375	0.0	0.0	1118.860595703125	181.59194946289062	0.0	0.0	1021.7931518554688	182.60064697265625	0.0	0.0	0.0	0.0	0.0	42.523536682128906	0.0	0.0	0.0	64.91177368164062	0.0	0.0	0.0	126.83384704589844	0.0	0.0	0.0	0.0	77.68740844726562	34.99103927612305	67.67515563964844	0.0	117.3463134765625	184.61288452148438	177.77333068847656	0.0	116.07111358642578	241.2669219970703	184.36618041992188	0.0	64.58576965332031	281.82110595703125	141.3656768798828	65.31163024902344	145.4546661376953	31.82889747619629	0.0	0.0	85.74879455566406	20.07280158996582	0.0	0.0	47.40354537963867	23.401418685913086	0.0	0.0	48.23897933959961	67.17552185058594	20.772001266479492	0.0	0.0	266.7096252441406	0.0	0.0	56.521156311035156	353.1059875488281	0.0	0.7931693196296692	43.07862091064453	325.5922546386719	0.0	8.298853874206543	0.0	290.1078796386719	0.0	0.0	293.3978271484375	248.77931213378906	0.0	0.0	9.246091842651367	199.326904296875	0.0	0.0	0.0	54.30891418457031	0.0	0.0	0.0	391.63916015625	0.0	0.0	390.4393005371094	662.8490600585938	45.318519592285156	0.0	367.5513916015625	580.9296264648438	0.0	0.0	318.6938171386719	520.1936645507812	0.0	6.590343475341797	233.43731689453125	322.52337646484375	48.96421813964844	33.03849411010742	141.249755859375	0.0	20.830778121948242	19.456310272216797	93.53617095947266	0.0	36.54396438598633	23.46098518371582	95.02156829833984	0.0	31.562297821044922	0.0	44.03561782836914	0.0	25.877704620361328	0.0	0.0	294.2783508300781	120.47830200195312	0.0	0.0	249.83612060546875	47.4130744934082	0.0	0.0	318.7817077636719	15.685209274291992	0.0	0.0	560.4630126953125	224.35333251953125	0.0	97.3716812133789	109.00051879882812	9.182458877563477	0.0	0.0	9.215242385864258	2.5620081424713135	0.0	0.0	18.983461380004883	6.616804599761963	0.0	0.0	35.472572326660156	3.542262554168701	22.27067756652832	0.0	823.7329711914062	191.82029724121094	79.72631072998047	0.0	907.04541015625	270.5520324707031	85.2247543334961	0.0	951.991455078125	319.3751220703125	97.14399719238281	5.114339351654053	923.67138671875	459.2500915527344	143.42604064941406	110.63008117675781	79.1460952758789	40.8918342590332	178.2165985107422	157.9165496826172	64.29067993164062	41.47824478149414	172.20828247070312	172.7158966064453	179.02915954589844	52.2864875793457	174.11602783203125	151.18968200683594	299.1541442871094	115.89898681640625
66.4836654663086	163.4110870361328	348.5677185058594	0.0	204.2058563232422	219.22068786621094	597.4337158203125	721.6500244140625	83.29124450683594	85.14338684082031	176.98855590820312	0.0	65.4665756225586	0.0	0.0	221.6754913330078	63.18590545654297	311.8188781738281	278.23931884765625	174.38406372070312	414.3648376464844	578.9699096679688	591.526611328125	108.20306396484375	344.6763000488281	309.59185791015625	451.1895446777344	128.49884033203125	115.85623931884766	260.7999572753906	147.4677276611328	63.13151931762695	0.0	0.0	0.0	0.0	0.0	19.573009490966797	349.1374816894531	532.9840087890625	0.0	44.8488655090332	0.0	213.6652374267578	249.15762329101562	102.74859619140625	296.7176208496094	355.9044494628906	632.171630859375	768.992431640625	319.1308898925781	72.2302474975586	572.8342895507812	525.1314697265625	497.0107727050781	245.31094360351562	0.0	310.19232177734375	0.0	0.0	0.0	772.0491943359375	251.91017150878906	0.0	502.33428955078125	66.41036987304688	445.1951904296875	0.0	845.0931396484375	0.0	349.51702880859375	0.0	384.05145263671875	67.41724395751953	0.0	0.0	0.0	122.75786590576172	0.0	0.0	0.0	0.0	0.0	0.0	0.0	0.0	0.0	0.0	0.0	0.0	0.0	56.69957733154297	244.25131225585938	0.0	0.0	20.432010650634766	26.42249870300293	0.0	2.3979201316833496	136.20111083984375	0.0	0.0	0.0	0.0	0.0	0.0	0.0	28.40921401977539	0.8369436264038086	552.8819580078125	552.1825561523438	475.67877197265625	133.77940368652344	89.04353332519531	0.0	0.0	35.00565719604492	84.74420928955078	20.993886947631836	42.808815002441406	79.16844940185547	0.0	0.0	87.88813781738281	45.07194900512695	87.63146209716797	14.836838722229004	34.120933532714844	0.0	265.8799743652344	44.403221130371094	0.0	131.20948791503906	444.1131286621094	302.4218444824219	0.0	0.0	0.0	0.0	0.0	0.0	92.13642883300781	0.0	0.0	150.2611083984375	0.0	0.0	0.0	0.0	0.0	0.0	0.0	338.0522766113281	587.27685546875	447.8952941894531	627.7759399414062	0.0	247.64695739746094	0.0	0.0	362.4045715332031	588.65234375	774.0181884765625	541.4655151367188	574.9193115234375	488.22698974609375	597.3440551757812	0.0	367.25091552734375	657.8175659179688	770.4341430664062	93.67771911621094	0.0	594.2135009765625	461.2344970703125	0.0	79.1935043334961	0.0	0.0	0.0	0.0	0.0	0.0	0.0	0.0	0.0	0.0	0.0	29.07579803466797	0.0	0.0	0.0	0.0	0.0	0.0	0.0	167.06268310546875	869.5731811523438	1078.0899658203125	1093.0289306640625	585.5469970703125	931.7205810546875	976.5811157226562	823.395263671875	0.0	0.0	59.979434967041016	0.0	114.1543197631836	240.35301208496094	155.6461639404297	73.98069763183594	0.0	29.760887145996094	14.776137351989746	0.0	0.0	0.0	195.38888549804688	152.13461303710938	21.926189422607422	216.38465881347656	439.3216247558594	439.33868408203125	0.0	352.8031311035156	0.0	490.6376953125	0.0	749.5341796875	610.835693359375	521.8751220703125	320.0158386230469	569.1736450195312	700.7263793945312	204.3214874267578	377.958740234375	122.94149017333984	860.4866943359375	41.037776947021484	94.5023422241211	164.40478515625	0.0	108.12739562988281	284.303955078125	406.54510498046875	256.2257080078125	407.3512878417969	191.6356658935547	293.2536315917969	0.0	0.0	0.0	0.0	0.0	0.0
325.6953430175781	245.06085205078125	0.0	203.0297393798828	0.0	80.78941345214844	496.1207275390625	0.0	0.0	56.25685501098633	0.0	38.766849517822266	1.8198597431182861	103.89927673339844	282.8790283203125	0.0	143.34429931640625	407.98779296875	31.6114501953125	103.18817901611328	197.32017517089844	240.51629638671875	459.4457092285156	272.7966003417969	265.6982116699219	135.15304565429688	530.8583374023438	141.96664428710938	58.34526824951172	618.270263671875	409.890625	206.0872802734375	47.792213439941406	26.23514175415039	313.9320068359375	59.14653778076172	0.0	345.3746032714844	0.0	26.96718406677246	83.49100494384766	0.0	57.389747619628906	5.825582027435303	83.88027954101562	234.20765686035156	90.19768524169922	14.205693244934082	260.0052490234375	202.89627075195312	1209.0072021484375	456.8310241699219	0.0	583.54638671875	697.718505859375	435.0244140625	0.0	810.8018188476562	768.776123046875	59.322776794433594	0.0	266.7654113769531	922.0885009765625	390.5735778808594	601.8890991210938	64.17317962646484	0.0	0.0	657.2201538085938	0.0	0.0	0.0	0.0	0.0	140.7644805908203	0.0	0.0	439.1855163574219	0.0	0.0	0.0	0.0	0.0	0.0	0.0	26.521554946899414	0.0	0.0	128.24261474609375	0.0	0.0	0.0	175.3406524658203	0.0	0.0	0.0	0.0	0.0	145.6292266845703	0.0	0.0	115.23274993896484	247.8430938720703	265.1641845703125	0.0	69.31047821044922	229.22784423828125	160.67059326171875	0.0	0.0	320.917236328125	255.0452880859375	83.50819396972656	288.959228515625	194.3462677001953	0.0	156.68157958984375	173.23052978515625	250.80426025390625	0.0	84.6020736694336	157.72947692871094	87.0624008178711	19.725791931152344	0.0	66.46319580078125	208.50035095214844	44.773345947265625	0.0	0.0	0.0	0.0	0.0	0.0	0.0	0.0	0.0	0.0	51.772056579589844	0.0	0.0	117.77934265136719	41.98525619506836	0.0	152.25759887695312	221.01158142089844	482.17181396484375	0.0	102.97843933105469	604.2200927734375	257.0498962402344	37.7408332824707	0.0	778.085693359375	435.9700927734375	0.0	0.0	0.0	33.550540924072266	0.0	400.003173828125	957.1519165039062	308.161865234375	621.756591796875	97.10679626464844	0.0	683.4630126953125	539.4384155273438	0.0	574.982421875	857.2479248046875	165.37574768066406	40.623416900634766	297.25634765625	259.7350158691406	430.0030822753906	99.94647216796875	0.0	0.0	0.0	23.008434295654297	0.0	0.0	0.0	4.087376594543457	0.0	0.0	0.0	57.89543533325195	0.0	0.0	0.0	142.34368896484375	383.75390625	192.03366088867188	157.0013885498047	0.0	465.9677734375	92.68682098388672	33.1157341003418	0.0	0.0	60.0330810546875	185.3579864501953	0.0	709.7833251953125	1018.0365600585938	189.8397979736328	176.51890563964844	220.37628173828125	63.7076416015625	34.8130989074707	56.015377044677734	217.40966796875	29.91888427734375	0.0	0.0	101.8955307006836	43.586822509765625	0.0	4.808779716491699	0.0	134.88658142089844	0.0	0.0	744.0204467773438	48.001251220703125	238.4954071044922	68.72083282470703	1015.158935546875	188.7936248779297	327.9112243652344	148.86148071289062	0.0	462.6320495605469	449.1177673339844	13.626325607299805	344.60479736328125	699.2709350585938	325.17315673828125	134.64602661132812	220.62965393066406	384.0269775390625	302.6004638671875	117.33075714111328	456.2857666015625	119.76628112792969	26.576513290405273	172.89727783203125	0.0	178.802490234375	216.07937622070312	151.34555053710938	152.6636505126953	246.15206909179688	108.01249694824219
438.8747253417969	649.0125122070312	525.6609497070312	451.5186767578125	266.427978515625	725.788330078125	1039.9119873046875	460.845703125	99.8237075805664	145.88389587402344	0.0	0.0	0.0	377.2113952636719	731.2152099609375	314.33197021484375	428.4524230957031	90.12813568115234	0.0	0.0	258.3271484375	0.0	101.47002410888672	371.38037109375	28.185192108154297	17.870527267456055	376.6536865234375	0.0	69.16493225097656	505.4372253417969	174.55035400390625	622.0758056640625	374.93841552734375	466.97393798828125	336.375	146.15391540527344	764.6383056640625	890.29296875	641.724853515625	355.0193176269531	292.25518798828125	200.45855712890625	0.0	279.5669250488281	48.011234283447266	432.4605407714844	433.20526123046875	0.0	119.05307006835938	0.0	0.0	408.6415710449219	320.1486511230469	385.8031005859375	182.65794372558594	223.7332305908203	0.0	181.89268493652344	88.09896087646484	1278.516845703125	0.0	569.4268798828125	0.0	716.8331298828125	9.218720436096191	0.0	0.0	0.0	0.0	0.0	0.0	0.0	0.0	0.0	0.0	0.0	98.7934799194336	540.7387084960938	0.0	287.5838928222656	0.0	183.07162475585938	361.8826904296875	204.56431579589844	0.0	118.07508850097656	47.62128448486328	0.0	189.01173400878906	115.97142791748047	0.0	0.0	65.23876953125	0.0	11.564069747924805	0.0	0.0	0.0	0.0	0.0	22.938566207885742	201.7768096923828	257.54150390625	281.38165283203125	212.90309143066406	352.4962463378906	208.56912231445312	277.4821472167969	0.0	210.9364471435547	10.839365005493164	283.6319885253906	0.0	76.36316680908203	135.226806640625	35.04043197631836	91.7664566040039	141.6183624267578	45.14696502685547	45.25720977783203	67.58857727050781	126.23540496826172	268.2622375488281	241.96153259277344	43.106807708740234	29.582788467407227	0.0	84.85102081298828	0.0	0.0	0.0	66.21849060058594	0.0	0.0	0.0	0.0	0.0	0.0	0.0	97.16065216064453	0.0	208.88259887695312	127.92581939697266	77.42314147949219	0.0	147.1889190673828	202.82020568847656	290.8012390136719	930.0430908203125	749.9735107421875	0.0	0.0	0.0	349.8700866699219	722.1756591796875	728.4420776367188	0.0	0.0	0.0	192.0013427734375	815.456298828125	203.01016235351562	0.0	578.2894287109375	75.92534637451172	78.42317199707031	618.0841674804688	324.9464416503906	0.0	862.7923583984375	866.541259765625	734.4854125976562	116.61479187011719	143.3457489013672	271.3017578125	708.4644775390625	0.0	0.0	0.0	0.0	0.0	0.0	0.0	0.0	12.558335304260254	0.0	0.0	0.0	44.70220947265625	0.0	0.0	0.0	548.10888671875	247.85667419433594	0.0	0.0	1114.615966796875	685.3404541015625	264.3279113769531	245.84596252441406	0.0	0.0	0.0	0.0	0.0	895.1151123046875	1187.3046875	289.59100341796875	186.48330688476562	90.52111053466797	0.0	0.0	321.61981201171875	462.8116760253906	428.365478515625	217.44921875	150.7079315185547	0.0	0.0	89.84103393554688	214.00131225585938	99.18595886230469	150.6658935546875	0.0	949.1006469726562	777.3738403320312	0.0	0.0	656.8193359375	231.668212890625	0.0	435.6981201171875	313.8678283691406	72.00509643554688	424.983642578125	148.91793823242188	66.29786682128906	553.7227783203125	806.3524169921875	236.58529663085938	394.47760009765625	371.49615478515625	100.50346374511719	136.90859985351562	64.328857421875	64.35958862304688	222.12730407714844	273.45379638671875	0.0	0.0	0.0	257.4963684082031	110.32373809814453	288.93756103515625	533.91064453125	42.19050979614258
578.8753662109375	576.8053588867188	374.5105285644531	224.15785217285156	21.255910873413086	0.0	0.0	0.0	34.30067825317383	0.0	0.0	0.0	0.0	0.0	0.0	0.0	135.48512268066406	203.9156036376953	107.0993423461914	183.30673217773438	112.03663635253906	168.11117553710938	465.490966796875	44.27436447143555	0.0	216.79721069335938	376.2132873535156	137.2919464111328	0.0	286.7827453613281	396.17584228515625	133.1474151611328	240.10275268554688	246.47283935546875	274.5430908203125	41.84572982788086	149.29815673828125	0.0	0.0	0.0	97.84452056884766	0.0	0.0	5.9850029945373535	0.0	0.0	0.0	19.65517807006836	319.5184020996094	123.07623291015625	810.5198974609375	212.9548797607422	0.0	185.8937530517578	839.826171875	224.99716186523438	43.78885269165039	452.82806396484375	744.8939208984375	0.0	29.966276168823242	464.6403503417969	549.4259643554688	0.0	102.7820816040039	0.0	149.68038940429688	0.0	112.34443664550781	0.0	499.4272155761719	0.0	0.0	1067.026611328125	609.515380859375	0.0	0.0	1254.5318603515625	318.4975280761719	0.0	81.63967895507812	0.0	0.0	0.0	73.0466537475586	20.534982681274414	0.0	0.0	77.90068054199219	0.0	0.0	0.0	0.0	0.0	0.0	0.0	0.0	0.0	126.52674102783203	96.9839096069336	0.0	191.04762268066406	258.1335144042969	306.1355285644531	3.7928876876831055	149.78314208984375	165.08079528808594	199.1353759765625	0.0	44.82084655761719	171.09852600097656	191.89671325683594	29.700315475463867	111.76884460449219	55.40740966796875	0.0	61.38832092285156	50.03865432739258	143.4305419921875	20.706832885742188	5.2723188400268555	8.322469711303711	0.0	0.0	6.887810230255127	0.0	0.0	0.0	0.0	0.0	0.0	0.0	0.0	0.0	193.92059326171875	0.0	0.0	0.0	367.2278137207031	0.0	0.0	125.19381713867188	354.0704650878906	0.0	287.80743408203125	201.0823974609375	190.06605529785156	0.0	0.0	58.138023376464844	188.64324951171875	0.0	0.0	0.0	0.0	0.0	0.0	0.0	1.8743995428085327	0.0	278.787353515625	249.25393676757812	809.7089233398438	414.49822998046875	151.9021759033203	111.67632293701172	723.208740234375	207.2596893310547	0.0	518.9950561523438	641.7772216796875	0.0	0.0	553.4095458984375	565.8261108398438	0.0	35.7501220703125	0.0	0.0	0.0	0.0	0.0	0.0	0.0	47.4549446105957	109.7688217163086	0.0	69.83020782470703	56.068824768066406	68.69136047363281	0.0	61.615238189697266	492.2711181640625	383.8035888671875	290.93353271484375	172.07933044433594	0.0	0.0	38.785911560058594	227.22206115722656	0.0	0.0	310.8792724609375	136.82272338867188	0.0	0.0	381.109375	83.78500366210938	147.70388793945312	247.4811553955078	213.96714782714844	121.43887329101562	0.0	0.0	113.19636535644531	0.0	157.09561157226562	0.0	47.0277214050293	0.2686474919319153	0.0	0.0	13.902629852294922	0.0	0.0	107.55240631103516	66.7553939819336	420.96502685546875	117.8624267578125	371.04742431640625	569.1156616210938	566.8557739257812	0.0	0.0	890.8760375976562	382.0239562988281	43.327762603759766	0.0	884.6573486328125	177.23487854003906	86.1148681640625	188.88668823242188	135.3534698486328	47.1302604675293	13.449792861938477	15.37264633178711	0.0	0.0	104.1442642211914	203.88230895996094	36.67945098876953	20.370746612548828	179.92245483398438	181.99867248535156	91.9990234375	31.79753875732422
680.453369140625	838.1653442382812	888.1428833007812	645.2286376953125	170.66954040527344	95.67926025390625	267.9095153808594	0.0	56.05464172363281	233.43167114257812	110.09013366699219	0.0	0.0	0.0	0.0	0.0	75.80414581298828	49.830230712890625	61.2437629699707	143.57151794433594	193.73394775390625	37.384437561035156	74.38908386230469	158.204345703125	0.0	50.852325439453125	501.4578857421875	388.33935546875	100.6976318359375	377.8049621582031	535.6567993164062	108.23722076416016	527.9682006835938	590.169921875	480.553955078125	258.7120666503906	362.7969055175781	206.4758758544922	0.0	172.32957458496094	133.71591186523438	66.97342681884766	0.0	56.89830780029297	0.0	0.0	28.647655487060547	52.248172760009766	236.9606170654297	108.74476623535156	576.7593383789062	424.3568420410156	0.0	0.0	998.65234375	920.4614868164062	0.0	183.52310180664062	114.61321258544922	0.0	0.0	317.127197265625	138.21957397460938	0.0	0.0	0.0	0.0	0.0	0.0	0.0	136.43765258789062	0.0	0.0	619.6453857421875	695.9095458984375	0.0	0.0	1077.55078125	204.58729553222656	0.0	3.428447961807251	0.0	41.001338958740234	22.796859741210938	167.14697265625	93.4625473022461	0.0	0.0	111.57655334472656	192.23779296875	0.0	0.0	7.745290756225586	0.0	0.0	0.0	0.0	0.0	0.0	0.0	87.07559967041016	34.36210632324219	14.672786712646484	218.02838134765625	141.64036560058594	110.0223388671875	155.4694061279297	427.51544189453125	0.0	0.0	292.2969970703125	318.93316650390625	32.7364501953125	35.24791717529297	52.26131057739258	19.9205379486084	33.63518142700195	198.77207946777344	166.33314514160156	104.50538635253906	70.58612823486328	0.0	0.0	32.74040603637695	59.54444122314453	0.0	0.0	3.7462615966796875	0.0	0.0	0.0	52.01536560058594	0.0	0.0	0.0	0.0	0.0	0.0	147.02755737304688	0.0	0.0	269.3499450683594	174.771484375	0.0	953.5946044921875	831.55029296875	372.0554504394531	0.0	139.70086669921875	683.6098022460938	999.738037109375	336.9353332519531	0.0	0.0	0.0	0.0	0.0	0.0	0.0	0.0	290.9142150878906	0.0	0.0	298.5129699707031	22.583354949951172	0.0	1107.675048828125	994.3053588867188	0.0	703.4927368164062	1007.3121337890625	6.818391799926758	0.0	1056.6881103515625	712.6280517578125	0.0	0.0	0.0	0.0	0.0	0.0	0.0	0.0	0.0	68.67384338378906	6.57590389251709	0.0	0.0	87.03534698486328	0.0	0.0	59.8275260925293	925.3944091796875	844.2565307617188	639.9351806640625	316.0576171875	0.0	0.0	363.0794982910156	365.3898010253906	0.0	0.0	178.4623260498047	162.43495178222656	0.0	0.0	301.2999572753906	145.2236328125	189.8455047607422	212.99974060058594	194.60325622558594	109.03050994873047	0.0	0.0	123.3225326538086	14.228625297546387	376.5453796386719	257.1047058105469	0.0	0.0	0.0	0.0	0.0	4.176640033721924	51.72618103027344	199.38795471191406	83.5049819946289	163.60264587402344	377.8082580566406	150.86614990234375	6.419925689697266	233.4436492919922	0.0	0.0	612.6585693359375	500.29669189453125	0.0	177.60565185546875	795.5092163085938	203.031494140625	283.53070068359375	529.297607421875	613.6329956054688	342.3734130859375	0.0	0.0	0.0	39.21167755126953	75.67157745361328	132.2479248046875	0.0	0.0	188.0489501953125	121.28390502929688	0.0	0.0
329.2936706542969	82.735595703125	80.58104705810547	466.7985534667969	267.834716796875	797.8219604492188	710.415283203125	78.79562377929688	133.24488830566406	309.3249816894531	296.980224609375	48.3036003112793	106.92694091796875	303.02362060546875	135.92010498046875	0.0	137.69517517089844	176.63418579101562	0.0	215.75120544433594	451.644287109375	0.0	267.3176574707031	502.3316650390625	268.86322021484375	0.0	267.68475341796875	541.998291015625	24.296804428100586	0.0	463.3058166503906	104.7123794555664	0.0	0.0	0.0	36.19755935668945	501.783447265625	551.9938354492188	144.07923889160156	0.0	255.4909210205078	488.6518249511719	399.8128967285156	81.5578842163086	285.50433349609375	241.5941925048828	0.0	49.63068771362305	629.7479248046875	152.17306518554688	42.837520599365234	534.9921875	536.1763305664062	50.78408432006836	18.145790100097656	419.9919128417969	389.1808166503906	0.0	510.1186828613281	159.60943603515625	0.0	0.0	704.25439453125	113.28565216064453	719.355712890625	0.0	0.0	608.8446655273438	973.1322631835938	0.0	415.0451354980469	1007.5880126953125	7.2706708908081055	0.0	756.3347778320312	52.37145233154297	0.0	0.0	371.7560729980469	0.0	0.0	0.0	100.02603912353516	42.26217269897461	0.0	0.0	20.66054916381836	0.0	0.0	40.33003234863281	24.728015899658203	0.0	228.87432861328125	253.68267822265625	0.0	0.0	0.0	89.69754028320312	0.0	0.0	0.0	110.25091552734375	0.0	11.024641036987305	0.0	0.0	0.0	247.99093627929688	92.90467071533203	288.3655700683594	400.22613525390625	486.9527587890625	40.34159469604492	0.0	38.08799362182617	37.528018951416016	81.62342071533203	88.76907348632812	13.743813514709473	0.0	74.25940704345703	103.75653839111328	0.0	0.0	0.0	136.91822814941406	92.68869018554688	20.442276000976562	153.41758728027344	6.097768306732178	0.0	110.45254516601562	180.83322143554688	0.0	88.06717681884766	233.6705780029297	0.0	0.0	52.71211242675781	51.60549545288086	0.0	0.0	50.05292510986328	0.0	155.67726135253906	0.0	37.56423568725586	120.94873809814453	80.94416809082031	0.0	101.59659576416016	1.5606151819229126	1119.52001953125	911.6804809570312	505.95916748046875	0.0	0.0	210.46795654296875	361.281494140625	0.0	947.47265625	633.01220703125	0.0	1080.052001953125	550.7909545898438	0.0	527.5474853515625	1022.26025390625	79.26884460449219	0.0	1016.7606201171875	467.79559326171875	0.0	86.21375274658203	1010.9235229492188	184.19557189941406	0.0	0.0	79.5723648071289	0.0	0.0	25.538618087768555	17.644392013549805	0.0	0.0	56.99744415283203	0.0	0.0	0.0	77.27596282958984	0.0	0.0	0.0	0.0	0.0	249.4253387451172	959.2815551757812	862.875732421875	0.0	181.01231384277344	1187.4959716796875	1103.701171875	548.9219360351562	313.6841735839844	0.0	0.0	0.0	151.3037567138672	142.1765899658203	69.07035827636719	62.9237060546875	150.59927368164062	0.0	0.0	0.0	0.0	267.7486572265625	159.40196228027344	28.006319046020508	35.293251037597656	248.384521484375	17.00775146484375	74.61052703857422	0.0	63.14459228515625	488.05218505859375	0.0	0.0	891.1646118164062	785.6324462890625	0.0	740.6038208007812	337.40087890625	194.05450439453125	0.0	667.6602783203125	271.2488708496094	188.24127197265625	422.7504577636719	572.1067504882812	58.0713996887207	78.53733825683594	194.5330810546875	124.3799819946289	420.79754638671875	673.411865234375	672.5402221679688	0.0	0.0	335.0975036621094	415.1149597167969	22.168752670288086	0.0	0.0	0.0	0.0
0.0	261.5281066894531	0.0	0.0	31.031404495239258	286.507080078125	797.2191162109375	904.1936645507812	461.8710021972656	318.87261962890625	0.0	0.0	1074.42138671875	1171.063232421875	959.4832153320312	654.4364624023438	195.441650390625	299.25347900390625	120.6261215209961	65.71183776855469	128.54107666015625	404.88262939453125	0.0	102.79925537109375	0.0	44.19126892089844	0.0	0.0	14.84813117980957	49.362674713134766	185.52297973632812	547.51708984375	0.0	0.0	0.0	16.036399841308594	0.0	451.629150390625	812.9896240234375	660.9754638671875	236.5214385986328	124.07754516601562	32.02359390258789	282.8458557128906	884.3899536132812	754.5341186523438	688.5586547851562	66.9046859741211	0.0	368.25555419921875	0.0	44.86048126220703	0.0	308.20672607421875	72.24457550048828	328.3655700683594	0.0	0.0	0.0	1346.2293701171875	177.56280517578125	74.37200927734375	0.0	466.5508728027344	47.31288528442383	718.186279296875	0.0	0.0	406.68609619140625	667.3692016601562	0.0	0.0	230.69749450683594	0.0	0.0	0.0	0.0	0.0	0.0	149.13185119628906	0.0	0.0	0.0	111.3297348022461	13.052997589111328	0.0	0.0	0.0	76.91512298583984	88.40304565429688	0.0	0.0	192.33128356933594	276.24041748046875	391.6954040527344	0.0	0.0	0.0	0.0	42.02402114868164	0.0	0.0	261.5214538574219	444.61383056640625	0.0	58.26383590698242	0.0	181.79547119140625	0.0	104.58808898925781	44.48264694213867	243.5666961669922	77.08443450927734	0.0	0.0	86.93956756591797	0.0	0.0	88.21569061279297	91.86502838134766	0.0	0.0	311.5549621582031	292.6881103515625	0.0	0.0	0.0	67.1105728149414	0.0	87.3183364868164	0.0	0.0	0.0	0.0	0.0	0.0	0.0	16.91636085510254	0.0	100.31820678710938	0.0	0.0	0.0	18.164278030395508	0.0	365.9455261230469	134.65208435058594	210.62374877929688	184.5702362060547	743.7020263671875	446.1058654785156	0.0	0.0	653.8902587890625	969.0347290039062	982.359619140625	953.0240478515625	0.0	0.0	4.773471832275391	36.4481315612793	1024.2745361328125	1020.9251708984375	135.88282775878906	338.92913818359375	426.7521057128906	0.0	0.0	225.58538818359375	0.0	0.0	691.8876342773438	1.6955279111862183	0.0	0.0	516.2108154296875	84.46077728271484	0.0	0.0	0.0	95.6353530883789	0.0	0.0	0.0	0.0	0.0	0.0	0.0	0.0	0.0	0.0	0.0	0.0	329.336181640625	543.3605346679688	172.89352416992188	209.97415161132812	1307.07861328125	1144.140625	164.1434783935547	0.0	27.165529251098633	0.0	0.0	1195.54833984375	1282.8289794921875	1120.0159912109375	502.8860778808594	83.76319122314453	271.44317626953125	164.4399871826172	0.0	0.0	414.3450622558594	395.60150146484375	305.8001403808594	0.0	0.0	46.20973205566406	59.094337463378906	360.2651672363281	402.2594909667969	310.0332946777344	0.0	0.0	461.834716796875	782.913818359375	5.320616245269775	20.31105613708496	906.62646484375	1074.910888671875	5.037545680999756	295.8534240722656	365.2240295410156	93.8594970703125	0.0	305.53521728515625	140.7021942138672	0.0	80.38050842285156	169.57269287109375	81.87688446044922	0.0	0.0	170.95042419433594	165.7101287841797	296.5938720703125	353.8033447265625	437.0626220703125	14.681303977966309	24.05367088317871	250.90469360351562	423.9014587402344	397.5117492675781	407.3145751953125	127.95293426513672
235.00009155273438	111.38262939453125	158.2432403564453	89.37245178222656	383.82647705078125	661.167724609375	621.9461059570312	533.7215576171875	375.0660095214844	456.9898376464844	594.5953979492188	139.94720458984375	156.93972778320312	125.92491149902344	91.50637817382812	94.91734313964844	130.56478881835938	124.54668426513672	95.37891387939453	271.4458312988281	446.4765625	0.0	418.04119873046875	650.4047241210938	322.2085876464844	28.172510147094727	568.5244140625	401.4248046875	88.54940032958984	1.6105848550796509	244.60536193847656	12.507290840148926	0.0	0.0	0.0	0.0	302.1134033203125	329.0908508300781	0.0	341.1629638671875	446.162353515625	538.5867309570312	237.7679901123047	0.0	352.17559814453125	215.43760681152344	163.38912963867188	234.96975708007812	652.9324951171875	144.9982452392578	301.11346435546875	620.6801147460938	624.1205444335938	156.43324279785156	477.04901123046875	672.06689453125	330.8315734863281	0.0	201.0609130859375	0.0	0.0	359.860595703125	710.4474487304688	0.0	762.1788940429688	0.0	840.1332397460938	847.947998046875	1127.0576171875	0.0	1042.289306640625	172.99073791503906	32.404911041259766	0.0	452.5027160644531	0.0	0.0	22.319244384765625	276.5104675292969	0.0	0.0	0.0	0.0	0.0	0.0	24.605979919433594	0.0	0.0	0.0	0.0	0.0	0.0	260.63311767578125	136.07537841796875	0.0	0.0	3.2928810119628906	0.0	0.0	0.0	0.0	14.259860038757324	0.0	17.7581844329834	0.0	0.0	0.0	94.6549072265625	134.27340698242188	502.3849792480469	486.052490234375	544.2085571289062	36.707244873046875	34.79609680175781	38.73443603515625	30.188188552856445	81.91300964355469	100.83642578125	0.0	90.61773681640625	60.51020050048828	88.71546936035156	0.0	28.48872947692871	60.98311233520508	158.72291564941406	65.06057739257812	24.867332458496094	200.01446533203125	0.0	0.0	239.7865753173828	240.95999145507812	0.0	263.4471740722656	609.6763916015625	0.0	0.0	0.0	0.0	0.0	0.0	0.0	0.0	139.33885192871094	0.0	109.4677734375	166.0056915283203	0.0	0.0	0.0	0.0	1117.0909423828125	895.8338012695312	0.0	338.1529235839844	0.0	442.65789794921875	150.3450469970703	0.0	926.2283935546875	586.9120483398438	481.60809326171875	1006.185546875	758.2703247070312	0.0	696.28857421875	561.6245727539062	73.2542953491211	175.782470703125	894.3499755859375	341.1115417480469	0.0	401.88037109375	951.2547607421875	0.0	0.0	0.0	117.81995391845703	0.0	0.0	0.0	0.0	0.0	0.0	8.23010540008545	0.0	0.0	0.0	4.271664619445801	0.0	0.0	0.0	0.0	0.0	105.0128402709961	795.2499389648438	535.822265625	191.35000610351562	981.9547729492188	1479.05712890625	1176.3206787109375	765.2771606445312	1067.7430419921875	0.0	0.0	108.65056610107422	0.0	128.9489288330078	84.75340270996094	163.9987030029297	133.0399627685547	38.60584259033203	0.0	20.959165573120117	128.68887329101562	186.5474853515625	63.044288635253906	135.56011962890625	77.813232421875	127.94829559326172	0.0	250.24099731445312	236.44091796875	141.4144744873047	500.351806640625	0.0	677.5484008789062	1049.3524169921875	763.29345703125	0.0	877.173095703125	670.0953979492188	302.49505615234375	520.4421997070312	568.2583618164062	408.5206604003906	176.9781494140625	740.7313842773438	428.2364196777344	57.427276611328125	156.70960998535156	247.68165588378906	0.0	581.1863403320312	680.231689453125	433.25054931640625	263.4850158691406	210.0588836669922	460.989501953125	359.2366943359375	0.0	0.0	0.0	0.0	0.0
25.805065155029297	644.966552734375	614.1964721679688	255.53646850585938	109.59931182861328	61.47095489501953	381.8786315917969	51.2440299987793	0.0	61.00637435913086	0.0	0.0	0.0	207.38897705078125	0.0	0.0	57.037017822265625	27.805326461791992	142.69752502441406	22.283987045288086	121.91668701171875	471.13824462890625	441.0544128417969	296.70806884765625	105.20628356933594	208.61256408691406	470.29119873046875	439.1856689453125	12.186766624450684	203.93434143066406	450.2064208984375	127.71509552001953	0.0	41.050968170166016	268.4397277832031	250.61671447753906	0.0	341.4605407714844	347.0369567871094	0.638427734375	16.873531341552734	13.459025382995605	0.0	78.54920196533203	99.90235900878906	44.785804748535156	0.4135570228099823	32.500938415527344	0.0	224.06369018554688	121.2188720703125	372.3316345214844	0.0	266.4332275390625	288.4763488769531	282.9391784667969	0.0	338.04180908203125	430.461669921875	26.942136764526367	0.0	217.3813934326172	51.284183502197266	0.0	0.0	51.150917053222656	0.0	0.0	16.949127197265625	382.2598571777344	0.0	0.0	19.877431869506836	28.83460235595703	201.7013702392578	0.0	0.0	509.2976989746094	0.0	0.0	31.397232055664062	162.91781616210938	0.0	0.0	0.0	7.231954574584961	0.0	0.0	1.4991896152496338	158.0421600341797	0.0	0.0	156.93748474121094	101.87097930908203	0.0	0.0	0.0	0.0	0.0	0.0	0.0	0.0	0.0	477.90423583984375	0.0	0.0	96.98954010009766	251.68783569335938	0.0	14.062450408935547	371.89105224609375	304.91094970703125	66.6435317993164	49.69091033935547	0.0	41.302101135253906	56.57149887084961	22.235322952270508	0.0	74.5050048828125	5.268182277679443	107.92863464355469	22.79026222229004	6.781824111938477	74.12696838378906	0.0	7.92631196975708	8.173314094543457	0.0	69.0243911743164	0.0	0.0	0.0	0.0	0.0	0.0	0.0	0.0	21.13320541381836	0.0	0.0	224.83401489257812	80.29302215576172	0.0	0.0	116.63436126708984	306.5968933105469	244.79489135742188	0.0	0.0	0.0	0.0	23.171056747436523	766.473876953125	222.82327270507812	0.0	0.0	0.0	0.0	0.0	0.0	811.0999755859375	595.423828125	337.16986083984375	150.8670654296875	334.2874450683594	486.4582214355469	785.5542602539062	126.86112213134766	307.95306396484375	907.5013427734375	0.0	0.0	769.5509033203125	609.4614868164062	0.0	54.56167221069336	0.0	0.0	0.0	61.17738342285156	0.0	0.0	0.0	0.0	0.0	0.0	0.0	48.853267669677734	0.0	0.0	52.040164947509766	0.0	99.1432113647461	391.2769775390625	382.315185546875	70.10449981689453	461.00927734375	614.2487182617188	0.0	0.0	349.05859375	230.22657775878906	197.86134338378906	0.0	0.0	166.92385864257812	89.57186126708984	27.05345916748047	165.8021697998047	240.0740203857422	43.341182708740234	0.0	16.56182861328125	46.91377258300781	0.0	0.0	125.59736633300781	67.44255065917969	19.327957153320312	167.67800903320312	115.58610534667969	41.26742172241211	0.0	0.0	0.0	0.0	7.704275608062744	12.277115821838379	437.8055419921875	638.9221801757812	112.80435180664062	143.04925537109375	110.51148223876953	451.66290283203125	353.7874450683594	19.338918685913086	0.0	514.8746948242188	129.1624298095703	88.11589050292969	116.58366394042969	0.0	172.5168914794922	122.26112365722656	176.0150604248047	181.5913543701172	0.0	131.62112426757812	0.0	0.0	27.557756423950195	80.26351165771484	17.712825775146484	0.0	0.0
0.0	0.0	217.5277099609375	317.4564208984375	0.0	117.91278839111328	493.3705749511719	455.4223327636719	21.83366584777832	0.0	49.006446838378906	215.9645233154297	37.29228591918945	18.95536994934082	286.660888671875	270.3700866699219	310.15399169921875	415.5921936035156	0.0	0.0	244.37496948242188	272.9581604003906	311.8905334472656	189.4857635498047	329.88641357421875	282.1244812011719	639.0562744140625	207.1822052001953	349.40765380859375	156.51515197753906	286.7086486816406	327.7156066894531	0.0	0.0	118.78868103027344	110.97811889648438	0.0	0.0	183.70314025878906	339.2306823730469	0.0	22.060590744018555	128.02383422851562	0.0	0.0	231.87635803222656	459.4231872558594	345.8138122558594	386.3647155761719	419.82562255859375	315.64947509765625	97.65242767333984	791.3890991210938	559.177734375	321.3168640136719	853.3629150390625	680.6727294921875	487.3471374511719	146.1020965576172	1194.215576171875	0.0	0.0	95.1253433227539	0.0	956.452880859375	751.0885009765625	0.0	0.0	994.5587768554688	0.0	0.0	0.0	651.3933715820312	0.0	0.0	0.0	78.16565704345703	0.0	0.0	0.0	0.0	0.0	0.0	0.0	0.0	0.0	0.0	0.0	0.0	0.0	0.0	0.0	12.208748817443848	0.0	0.0	0.0	0.0	0.0	227.60633850097656	59.148494720458984	43.833473205566406	51.81131362915039	105.71577453613281	81.99410247802734	35.14240264892578	0.0	0.0	125.11148071289062	0.0	0.0	0.0	259.44158935546875	0.0	69.53780364990234	42.85521697998047	0.0	92.07022094726562	123.76873779296875	121.65583801269531	99.70428466796875	97.03832244873047	49.7815055847168	89.42808532714844	321.5802917480469	0.0	8.36074161529541	23.589399337768555	73.61797332763672	0.0	164.0107421875	0.0	168.53436279296875	105.65879821777344	187.26124572753906	0.0	0.0	129.24099731445312	10.90587043762207	0.0	0.0	0.0	0.0	0.0	0.0	0.0	0.0	0.0	0.0	0.0	0.0	187.7665252685547	307.96636962890625	9.517400741577148	124.7104263305664	0.0	560.6527709960938	107.17174530029297	710.9191284179688	608.0761108398438	432.95404052734375	644.9908447265625	994.131591796875	0.0	244.03443908691406	461.4559631347656	389.3974609375	817.30078125	406.0697021484375	159.62586975097656	354.0704345703125	547.2982788085938	403.79180908203125	166.82205200195312	46.30884552001953	41.81466293334961	153.24896240234375	102.83427429199219	0.0	0.0	0.0	0.0	0.0	0.0	0.0	0.0	0.0	0.0	0.0	0.0	0.0	0.0	0.0	0.0	270.8087158203125	0.0	0.0	0.0	127.25364685058594	0.0	90.69434356689453	299.5229797363281	736.9380493164062	392.6264343261719	487.3296813964844	344.16815185546875	1175.70947265625	1213.2618408203125	1076.7781982421875	0.0	0.0	0.0	31.953903198242188	0.0	237.49078369140625	164.10047912597656	100.24784851074219	0.0	122.27303314208984	0.0	0.0	0.0	0.0	69.75509643554688	0.0	0.0	707.6228637695312	464.9623107910156	0.0	0.0	771.0156860351562	0.0	110.82455444335938	0.0	708.4512939453125	637.7470703125	513.649169921875	210.63461303710938	505.75775146484375	511.4784240722656	270.4859924316406	123.4585952758789	0.0	296.7009582519531	252.72137451171875	75.30751037597656	152.1368408203125	145.53330993652344	389.0190734863281	56.665672302246094	368.3327941894531	247.8811798095703	184.56007385253906	71.79939270019531	202.68309020996094	303.8272399902344	293.89654541015625
0.0	684.4224243164062	522.906005859375	222.1203155517578	344.5188293457031	642.2291870117188	262.2330017089844	237.06417846679688	0.0	0.0	0.0	401.2442321777344	927.8665771484375	1151.939453125	703.086181640625	0.0	95.65167999267578	158.03713989257812	0.0	152.87086486816406	73.50324249267578	32.407344818115234	272.6609802246094	44.39793014526367	183.34815979003906	78.6613998413086	0.0	156.5083770751953	72.00724029541016	131.56724548339844	504.88482666015625	273.31402587890625	146.3759002685547	158.79713439941406	306.3603515625	265.29571533203125	400.60406494140625	582.0254516601562	364.7137451171875	7.831315994262695	129.42662048339844	0.0	474.0939025878906	80.52410888671875	422.89886474609375	459.1835021972656	18.603252410888672	33.495887756347656	0.0	94.3089828491211	912.5498046875	414.8009948730469	0.0	164.4378662109375	7.091926097869873	113.84403228759766	0.0	116.26146697998047	1294.4542236328125	398.5625915527344	269.058837890625	0.0	674.0361938476562	499.1945495605469	0.0	0.0	0.0	0.0	0.0	0.0	0.0	0.0	0.0	92.6734390258789	0.0	0.0	0.0	0.0	0.0	0.0	25.57455825805664	283.376708984375	46.59340286254883	0.0	260.1567687988281	187.870361328125	0.0	0.0	5.841724395751953	0.0	0.0	0.0	275.0521240234375	380.6835021972656	0.0	0.0	0.0	0.0	0.0	109.94686889648438	0.0	59.6563835144043	390.9003601074219	386.5801696777344	0.0	0.0	232.7853546142578	181.52171325683594	28.153730392456055	0.0	278.1528625488281	360.50909423828125	0.0	160.5492706298828	164.4086151123047	0.0	0.0	0.0	118.78572845458984	64.05061340332031	0.0	279.5771789550781	237.902587890625	30.498971939086914	8.551480293273926	0.0	99.91387939453125	24.91716766357422	0.0	0.0	33.36655807495117	0.0	0.0	0.0	0.0	0.0	0.0	0.0	30.868473052978516	0.0	91.41983795166016	378.4383850097656	57.56203079223633	0.0	110.52153015136719	1146.1807861328125	959.3839721679688	166.0921630859375	9.45218563079834	180.11880493164062	0.0	213.51412963867188	0.0	921.7951049804688	1100.933349609375	0.0	0.0	0.0	430.75177001953125	253.90895080566406	198.29812622070312	166.84756469726562	923.1842041015625	539.9140625	46.677268981933594	271.8151550292969	592.0270385742188	0.0	129.02410888671875	110.22955322265625	325.2227478027344	612.8382568359375	20.76446533203125	281.24383544921875	617.3984375	303.7418212890625	0.0	0.0	0.0	0.0	1.1026126146316528	0.0	0.0	0.0	0.0	0.0	0.0	0.0	2.99877667427063	0.0	0.0	0.0	0.0	212.98793029785156	306.31243896484375	235.5169219970703	78.18496704101562	156.7729034423828	187.19436645507812	0.0	0.0	0.0	66.27134704589844	24.623624801635742	513.0916748046875	660.8948364257812	237.63970947265625	286.8305969238281	36.442649841308594	186.89227294921875	172.7821502685547	0.0	292.9847106933594	227.44813537597656	0.0	0.0	0.0	0.0	258.337646484375	84.40509796142578	218.30245971679688	328.62408447265625	0.0	0.0	278.4657287597656	216.41404724121094	0.0	65.25483703613281	77.87395477294922	5.4120402336120605	540.2274169921875	197.65646362304688	165.70559692382812	76.11014556884766	252.65699768066406	121.08494567871094	7.5020928382873535	143.06166076660156	0.0	382.9356994628906	87.99883270263672	31.04718017578125	220.39114379882812	251.9588165283203	43.80719757080078	63.511512756347656	221.03558349609375	41.07014846801758	100.0330810546875	53.00730895996094	289.5226135253906	234.9895477294922	315.3985900878906	345.5307312011719	0.0	36.78233337402344
120.57167053222656	190.80943298339844	247.30496215820312	125.46546173095703	45.40631103515625	0.0	60.45525360107422	326.29315185546875	199.93646240234375	152.88992309570312	174.32125854492188	0.0	201.70606994628906	733.6687622070312	646.82421875	0.0	244.44163513183594	242.88958740234375	244.55560302734375	1.8813763856887817	140.6194305419922	213.8546142578125	6.59490966796875	91.72453308105469	0.0	0.0	41.81816482543945	98.4589614868164	278.8726806640625	203.2761993408203	388.2745361328125	474.56414794921875	90.42228698730469	325.2381591796875	259.3502502441406	0.0	54.02173614501953	140.9339599609375	456.0457458496094	297.8583984375	194.90293884277344	104.95023345947266	0.0	24.240463256835938	274.0350341796875	315.2734680175781	94.51158142089844	0.0	0.0	396.160888671875	437.82769775390625	0.0	0.0	126.028564453125	835.036865234375	387.1279602050781	325.0110778808594	0.0	836.7569580078125	1076.5740966796875	614.6067504882812	75.92579650878906	0.0	126.82638549804688	0.0	88.65756225585938	0.0	0.0	0.0	0.0	0.0	0.0	0.0	0.0	0.0	0.0	307.7627868652344	0.0	451.82830810546875	0.0	116.55995178222656	0.0	0.0	0.0	62.572349548339844	0.0	0.0	0.0	170.7267303466797	29.43885040283203	0.0	0.0	0.0	362.59271240234375	101.9566650390625	0.0	0.0	0.0	222.601806640625	102.6263198852539	0.0	38.47731018066406	316.01202392578125	70.26453399658203	149.4190216064453	0.0	305.785888671875	127.41828155517578	51.47425079345703	0.0	0.0	259.05303955078125	14.769238471984863	50.672691345214844	152.6719970703125	0.0	0.0	216.08651733398438	231.0946044921875	45.18362045288086	0.0	8.317718505859375	257.51434326171875	45.08225631713867	44.824485778808594	83.33720397949219	0.0	0.0	0.0	0.0	23.44027328491211	0.0	0.0	0.0	0.0	0.0	25.25651741027832	0.0	179.44424438476562	119.80267333984375	35.25216293334961	119.14571380615234	177.14210510253906	42.84286117553711	0.0	55.071327209472656	0.0	0.0	0.0	502.6826171875	1080.6923828125	0.0	0.0	0.0	1026.7962646484375	577.0177001953125	171.0162811279297	0.0	0.0	0.0	102.61815643310547	523.7251586914062	648.8576049804688	2.3894615173339844	184.65713500976562	154.68167114257812	0.0	215.36636352539062	215.09381103515625	3.969961166381836	217.5074462890625	581.8615112304688	199.21078491210938	68.73168182373047	898.8226318359375	374.6607971191406	45.625030517578125	0.0	0.0	0.0	0.0	0.0	0.0	0.0	0.0	0.0	0.0	0.0	0.0	0.0	0.0	0.0	264.43743896484375	432.764892578125	288.3355712890625	0.0	145.43728637695312	323.9190979003906	405.16888427734375	72.27972412109375	0.0	0.0	0.0	0.0	620.5430297851562	966.2088012695312	293.4996032714844	315.33966064453125	1.7005559206008911	1.0428534746170044	1.9688893556594849	0.0	0.0	87.1517333984375	78.33229064941406	67.33956909179688	261.47930908203125	243.80250549316406	35.299591064453125	6.832422733306885	20.494047164916992	155.12521362304688	44.880775451660156	0.0	48.16023635864258	234.03765869140625	528.6212158203125	0.0	170.33743286132812	108.56920623779297	295.5303955078125	181.73724365234375	171.03598022460938	230.69122314453125	0.0	379.25054931640625	171.8096466064453	558.3993530273438	0.0	422.3241271972656	85.99617004394531	140.8876190185547	288.33758544921875	97.57207489013672	57.341678619384766	0.0	344.16485595703125	317.3485107421875	80.8262710571289	20.809406280517578	89.37584686279297	113.25775146484375	258.0738220214844	404.41461181640625	227.5073699951172	17.422870635986328
0.0	0.0	387.0547790527344	392.371826171875	0.0	256.2447509765625	179.28933715820312	0.0	185.0648956298828	208.63267517089844	0.0	0.0	210.7893829345703	0.0	0.0	5.089526653289795	0.0	0.0	87.7762451171875	483.52117919921875	0.0	26.550230026245117	438.3749694824219	474.5969543457031	23.830114364624023	411.66729736328125	472.39501953125	34.74324035644531	317.365478515625	488.56011962890625	200.01795959472656	112.07418823242188	5.965802192687988	0.0	0.0	0.0	14.662747383117676	0.0	0.0	113.97872924804688	0.0	0.0	75.37652587890625	130.55612182617188	42.76757049560547	50.50937271118164	115.63916778564453	68.4664077758789	1.3944759368896484	0.0	242.4840087890625	505.26849365234375	0.0	67.31702423095703	91.22057342529297	8.763924598693848	67.40918731689453	91.78192138671875	0.0	0.0	144.2379913330078	70.8963851928711	0.0	0.0	0.0	0.0	388.9877624511719	643.5236206054688	0.0	106.51131439208984	748.736328125	157.2475128173828	0.0	695.5723876953125	476.1757507324219	0.0	670.2116088867188	686.2559204101562	0.0	0.0	0.0	7.567127227783203	68.3055191040039	0.0	21.903690338134766	70.79570007324219	0.0	0.0	60.928855895996094	0.0	0.0	0.0	1.9019906520843506	0.0	0.0	0.0	0.0	0.0	0.0	0.0	0.0	0.0	0.0	326.89385986328125	0.0	0.0	281.4322814941406	330.55908203125	0.0	172.22540283203125	347.62689208984375	265.2881774902344	28.097352981567383	67.26665496826172	42.63599395751953	13.087140083312988	61.14832305908203	67.71665954589844	0.0	30.25348472595215	82.1117172241211	0.0	27.28009796142578	47.94797134399414	0.0	0.0	15.023946762084961	18.965972900390625	0.0	0.0	126.50379943847656	168.2197723388672	0.0	94.86719512939453	108.43151092529297	0.0	59.94548416137695	100.244873046875	0.0	0.0	0.0	0.0	0.0	0.0	1.086591124534607	0.0	0.0	40.545345306396484	0.0	0.0	0.0	0.0	0.0	0.0	0.0	0.0	0.0	0.0	0.0	0.0	0.0	0.0	892.5369262695312	1178.819091796875	0.0	599.3182373046875	1142.33837890625	732.4414672851562	334.69134521484375	1111.7879638671875	951.2161254882812	0.0	814.7452392578125	1060.69873046875	0.0	0.0	0.0	17.97152328491211	7.147730827331543	0.0	14.868049621582031	20.374393463134766	0.0	0.0	35.83365249633789	0.0	0.0	0.0	12.071569442749023	0.0	0.0	43.452674865722656	0.0	0.0	87.07586669921875	389.49462890625	0.0	0.0	154.3809051513672	351.48968505859375	0.0	63.86638259887695	349.187255859375	248.03564453125	437.9294128417969	433.1601867675781	242.06240844726562	0.0	3.0211517810821533	32.762794494628906	154.03359985351562	155.58409118652344	0.0	23.928688049316406	0.0	0.0	52.337364196777344	8.366952896118164	0.0	6.9952778816223145	0.12219636142253876	0.0	0.0	18.447786331176758	9.264333724975586	0.0	0.0	380.4895935058594	0.0	0.0	386.5290832519531	657.931884765625	0.0	254.1150360107422	621.9354248046875	490.2109680175781	158.51832580566406	743.7252197265625	673.5350341796875	0.0	17.14948272705078	95.81539916992188	149.02359008789062	17.268369674682617	72.10662841796875	200.85423278808594	143.42662048339844	0.0	183.82569885253906	178.9667510986328	0.0	0.0	197.2810821533203	0.0	0.0	0.0
0.0	0.0	0.0	0.0	0.0	362.18426513671875	369.0561828613281	198.2965087890625	141.79428100585938	105.78630828857422	0.0	0.0	141.53378295898438	36.373016357421875	0.30765652656555176	0.0	76.83260345458984	296.26153564453125	137.51116943359375	0.0	187.04518127441406	368.6422119140625	81.93059539794922	289.519775390625	409.4489440917969	413.4309387207031	363.7043151855469	201.09933471679688	262.9323425292969	107.95111846923828	261.9656677246094	202.2059326171875	0.0	0.0	0.0	0.0	0.0	59.63943099975586	87.08016967773438	0.0	0.0	130.61135864257812	51.537025451660156	0.0	254.2638702392578	169.91970825195312	20.541458129882812	0.0	150.4250946044922	734.4953002929688	161.05528259277344	5.872114658355713	339.555419921875	873.9972534179688	338.9756774902344	0.0	20.150922775268555	720.3900756835938	868.1757202148438	491.49591064453125	0.0	0.0	958.3624877929688	409.6254577636719	590.3714599609375	1040.1036376953125	0.0	17.019800186157227	971.7981567382812	797.5867919921875	0.0	0.0	707.4406127929688	0.0	212.7473602294922	0.0	192.16893005371094	0.0	258.78240966796875	0.0	0.0	0.0	0.0	0.0	0.0	0.0	0.0	0.0	0.0	0.0	0.0	0.0	164.03929138183594	152.2387237548828	0.0	0.0	0.0	0.0	146.5457305908203	0.0	0.0	0.0	205.00875854492188	80.96063995361328	0.0	0.0	136.30946350097656	54.42818069458008	0.0	0.0	282.0468444824219	180.85824584960938	75.62237548828125	26.360761642456055	0.0	6.175158977508545	52.70193862915039	173.2400360107422	0.0	0.0	30.403600692749023	74.9605941772461	80.79818725585938	0.0	0.0	102.49911499023438	119.96429443359375	18.017303466796875	0.0	114.90210723876953	0.0	64.597900390625	0.0	300.9904479980469	0.0	124.37956237792969	0.0	73.52606964111328	62.57826232910156	0.0	0.0	0.0	93.85355377197266	0.0	41.2004508972168	122.20109558105469	0.0	7.151525020599365	0.0	0.0	0.0	0.0	53.06378936767578	739.9036865234375	94.93045806884766	0.0	0.0	313.8915100097656	238.29661560058594	0.0	332.8221740722656	776.7670288085938	195.50198364257812	85.85894012451172	387.18341064453125	617.092041015625	424.4956970214844	432.2060546875	399.3861389160156	0.0	351.7124328613281	461.2502746582031	106.23341369628906	0.0	523.8057250976562	465.86334228515625	119.37482452392578	0.0	0.0	0.587304949760437	115.74527740478516	0.0	0.0	0.0	27.762813568115234	0.0	0.0	0.0	0.0	0.0	0.0	0.0	0.0	27.869182586669922	122.30516815185547	0.0	0.0	393.375244140625	45.44285583496094	1.074598789215088	240.3913116455078	834.1616821289062	282.3085632324219	258.9730224609375	0.0	0.0	0.0	328.7980651855469	89.55494689941406	93.77493286132812	0.03636948764324188	25.772838592529297	0.0	149.16932678222656	56.75335693359375	75.57658386230469	0.0	0.0	33.25116729736328	41.11224365234375	0.0	0.0	0.0	2.920269012451172	0.0	606.609375	479.9236755371094	0.0	16.02943229675293	910.0524291992188	263.6007385253906	186.01039123535156	112.88826751708984	765.6054077148438	0.0	615.4696044921875	205.66355895996094	324.04461669921875	0.0	653.1388549804688	174.3144073486328	0.0	111.5896987915039	63.55515670776367	227.70411682128906	453.2984619140625	244.46080017089844	146.5956268310547	202.4876251220703	490.2201843261719	144.32461547851562	101.10601043701172	147.73397827148438	0.0	64.63655853271484	103.85330200195312
535.4540405273438	908.37255859375	376.1645812988281	75.87848663330078	141.2367706298828	894.7550048828125	750.9299926757812	268.32769775390625	130.43572998046875	225.6994171142578	50.436485290527344	0.0	351.0666198730469	566.4961547851562	3.5004465579986572	0.0	60.59720230102539	199.1276397705078	161.51495361328125	0.0	377.69171142578125	470.8482360839844	140.52890014648438	655.4421997070312	326.41607666015625	0.0	449.8880615234375	561.9632568359375	49.33546829223633	0.0	471.23779296875	114.97216033935547	68.16091918945312	155.10780334472656	176.44161987304688	179.4044647216797	321.1656494140625	496.79290771484375	327.0217590332031	0.0	340.9518737792969	480.4972229003906	135.9641876220703	90.49532318115234	345.5359191894531	293.3697509765625	0.0	45.38395690917969	248.107421875	227.25509643554688	10.995298385620117	1297.1885986328125	490.916259765625	115.83416748046875	137.0092010498047	736.1384887695312	435.35577392578125	50.00483703613281	630.1649780273438	234.68670654296875	0.0	120.39912414550781	494.4646301269531	0.0	0.0	128.2224578857422	0.0	74.83927154541016	625.943359375	0.0	0.0	261.5761413574219	459.3023986816406	0.0	394.3385009765625	19.49923324584961	0.0	0.0	404.50677490234375	0.0	198.7823028564453	22.220083236694336	63.274253845214844	17.46419334411621	0.0	60.643638610839844	236.0051727294922	0.0	0.0	0.0	0.0	0.0	325.14263916015625	259.3285217285156	0.0	0.0	0.0	0.0	0.0	71.83100891113281	0.0	0.0	0.0	266.0677185058594	0.0	0.0	0.0	332.657958984375	39.45902633666992	159.4337615966797	481.7252502441406	509.6225891113281	41.602294921875	0.0	208.9219970703125	158.20765686035156	0.0	130.90945434570312	58.294795989990234	91.15565490722656	13.156922340393066	61.02766799926758	0.0	24.0877685546875	0.0	42.7089729309082	10.457968711853027	0.0	183.0942840576172	213.73744201660156	0.0	123.82167053222656	0.0	0.0	0.0	5.94060754776001	0.0	0.0	0.0	0.0	0.0	0.0	0.0	0.0	0.0	22.0540828704834	321.9638366699219	515.6015625	0.0	0.0	0.0	232.77944946289062	705.5159912109375	848.0045776367188	201.30397033691406	0.0	0.0	209.7781982421875	43.40955352783203	0.0	797.1468505859375	1201.777099609375	390.0244445800781	972.392333984375	872.1433715820312	529.6138305664062	582.4688110351562	1163.9923095703125	331.8403625488281	0.0	1081.5777587890625	728.7536010742188	0.0	597.211181640625	1123.8509521484375	0.0	0.0	0.0	0.0	0.0	0.0	0.0	0.0	0.0	0.0	0.0	0.0	0.0	35.09803771972656	0.0	0.0	0.0	155.83543395996094	490.516357421875	343.0985412597656	0.0	314.2761535644531	667.6864013671875	49.854713439941406	163.34963989257812	1010.5272827148438	1133.311767578125	283.1590881347656	325.4944763183594	0.0	0.0	54.655853271484375	104.98026275634766	179.92019653320312	284.97076416015625	144.7139434814453	140.94259643554688	0.0	145.95355224609375	198.93841552734375	0.0	147.68643188476562	177.62783813476562	37.16008377075195	0.0	92.31949615478516	6.752033233642578	0.0	0.0	0.0	0.0	16.583248138427734	0.0	354.0359191894531	1060.7969970703125	157.47056579589844	272.0614929199219	276.3656005859375	588.65625	226.29617309570312	589.0655517578125	265.8633728027344	173.30824279785156	448.04241943359375	485.2813720703125	179.6464080810547	86.3440170288086	43.44304656982422	248.67837524414062	159.66070556640625	385.3123779296875	222.09071350097656	0.0	0.0	257.5577392578125	177.88401794433594	0.0	0.0	0.0	0.0	0.0
208.6456298828125	0.0	0.0	110.55118560791016	395.57061767578125	617.287841796875	476.6708679199219	27.646127700805664	32.86604309082031	0.0	0.0	6.686075210571289	745.6282958984375	1095.0244140625	289.0424499511719	0.0	84.3133773803711	58.53510284423828	0.0	76.80512237548828	0.0	19.842470169067383	590.1539306640625	325.90191650390625	165.6485137939453	0.0	321.0366516113281	129.29766845703125	87.20654296875	123.50486755371094	600.9522705078125	132.9401092529297	0.0	0.8188484907150269	208.78289794921875	144.93167114257812	411.570556640625	477.12518310546875	145.03729248046875	0.0	0.0	2.500124931335449	137.37667846679688	6.203319549560547	616.9491577148438	483.6199645996094	0.0	0.0	0.0	0.0	1105.6728515625	748.237060546875	246.04579162597656	207.44107055664062	272.99322509765625	278.97705078125	0.0	0.0	1223.3359375	347.3390197753906	264.7193603515625	0.0	654.4393920898438	255.67877197265625	0.0	0.0	241.48095703125	0.0	0.0	0.0	149.50791931152344	0.0	0.0	0.0	490.51702880859375	0.0	0.0	0.0	245.9246063232422	0.0	0.0	155.10946655273438	2.0149643421173096	0.0	243.81651306152344	229.84619140625	0.0	0.0	0.0	0.10024428367614746	0.0	0.0	267.6819763183594	387.9338073730469	0.0	0.0	0.0	0.0	61.82545471191406	46.17143630981445	1.6254873275756836	0.0	259.9469909667969	305.2053527832031	0.0	0.0	50.215213775634766	159.56509399414062	0.0	0.0	408.2868957519531	421.2098083496094	0.0	107.89921569824219	238.14305114746094	51.026695251464844	68.77241516113281	8.989983558654785	47.26771545410156	2.8109099864959717	3.9493508338928223	222.38153076171875	186.5746307373047	22.89475440979004	0.0	0.0	84.97306060791016	0.0	0.0	0.0	24.700380325317383	5.7136549949646	0.0	0.0	207.309814453125	0.0	0.0	0.0	211.38812255859375	0.0	0.0	179.44166564941406	52.28999328613281	0.0	485.3233642578125	619.546142578125	788.51123046875	178.5995635986328	0.0	0.0	0.0	120.3812484741211	378.291015625	662.9703369140625	721.9868774414062	0.0	0.0	0.0	242.4785614013672	27.609249114990234	370.8360900878906	190.14317321777344	795.8399047851562	843.4912719726562	0.0	0.0	1022.2674560546875	390.8555603027344	283.7744445800781	90.80864715576172	664.484130859375	502.0430908203125	0.0	259.8970642089844	808.1229858398438	94.61228942871094	0.0	0.0	0.0	0.0	0.0	0.0	0.0	0.0	0.0	0.0	0.0	0.0	0.0	0.0	0.0	0.0	486.3245849609375	494.1255187988281	281.4610900878906	227.67262268066406	39.60654067993164	268.81658935546875	0.0	159.39120483398438	307.3168640136719	395.59857177734375	243.50302124023438	328.3163146972656	461.3909912109375	607.3131713867188	107.37470245361328	282.25164794921875	182.3241424560547	153.9152069091797	201.60125732421875	15.481610298156738	421.6402282714844	388.8266296386719	66.3507080078125	0.0	132.98104858398438	0.0	0.0	0.0	251.05328369140625	262.8852844238281	0.0	0.0	130.27894592285156	344.1296691894531	0.0	198.50852966308594	182.18399047851562	265.03790283203125	149.11199951171875	576.81103515625	123.19966888427734	55.924129486083984	438.50738525390625	683.2698974609375	214.0054473876953	274.5854797363281	176.05136108398438	489.6272888183594	27.22661590576172	0.0	37.254173278808594	202.59580993652344	6.940285682678223	335.4841003417969	127.88849639892578	0.6064931750297546	176.45419311523438	77.69914245605469	245.1591339111328	150.5895233154297	323.1911315917969	404.3614196777344	0.0	0.5334137678146362
550.1402587890625	166.0721435546875	0.0	0.0	87.04286193847656	784.2940063476562	850.5848388671875	812.6541748046875	135.80764770507812	362.650390625	291.6354064941406	0.0	468.6844177246094	432.71478271484375	0.0	0.0	374.16619873046875	151.9283447265625	0.0	0.0	191.7834014892578	0.0	117.44561004638672	270.0245666503906	218.086669921875	45.70718765258789	18.533916473388672	467.50872802734375	100.88427734375	55.52262496948242	565.8075561523438	211.61471557617188	156.90692138671875	129.97586059570312	298.5094909667969	361.2742919921875	686.8334350585938	769.81982421875	513.7239990234375	76.9354019165039	182.76577758789062	58.07918930053711	0.0	102.6864242553711	128.7798309326172	99.81825256347656	87.99472045898438	128.530029296875	273.6679382324219	0.0	89.57178497314453	772.1401977539062	471.9555969238281	68.6746826171875	0.0	686.5674438476562	0.0	0.0	333.57415771484375	0.0	94.26716613769531	23.11130142211914	0.0	0.0	253.1150360107422	0.0	0.0	0.0	115.01898956298828	0.0	0.0	0.0	0.0	0.0	186.46649169921875	259.017578125	0.0	430.00079345703125	20.60299301147461	0.0	0.0	0.0	0.0	56.891544342041016	0.0	34.31832504272461	195.60504150390625	125.27843475341797	0.0	237.31497192382812	121.68949127197266	0.0	265.6477355957031	292.4391174316406	0.0	0.0	0.0	0.0	0.0	65.41759490966797	94.86013793945312	105.93831634521484	27.30742835998535	95.27500915527344	37.46201705932617	0.0	0.0	275.91534423828125	23.855810165405273	0.0	396.35711669921875	527.0614013671875	0.0	0.0	194.10232543945312	123.69618225097656	101.86644744873047	57.93147659301758	242.37513732910156	193.12083435058594	34.03813171386719	145.17776489257812	0.0	49.6783332824707	54.46824264526367	0.0	0.0	14.71009349822998	0.0	0.0	0.0	166.28660583496094	0.0	0.0	0.0	76.92753601074219	0.0	0.0	0.0	0.0	131.6661376953125	63.820064544677734	0.0	0.0	43.244930267333984	472.7853088378906	635.728759765625	789.673828125	960.7090454101562	279.363037109375	0.0	329.119384765625	473.76751708984375	778.4379272460938	655.1244506835938	0.0	0.0	0.0	0.0	0.0	888.548828125	488.25372314453125	0.0	82.05191802978516	0.0	0.0	0.0	588.0916137695312	1.679427981376648	0.0	1077.3443603515625	1004.39794921875	0.0	965.2001342773438	932.9957885742188	0.0	0.0	0.0	0.0	0.0	0.0	0.0	0.0	0.0	0.0	0.0	0.0	0.0	30.558589935302734	0.0	0.0	0.0	439.0493469238281	625.984619140625	628.1014404296875	187.60458374023438	633.7080688476562	491.2060852050781	492.1896667480469	453.814697265625	0.0	0.0	211.81167602539062	240.70135498046875	0.0	0.0	184.4577178955078	142.37477111816406	362.5919189453125	303.8250732421875	192.7559814453125	32.34186935424805	441.7861328125	471.66314697265625	436.0789794921875	107.96797943115234	0.0	135.46484375	177.8507537841797	0.0	232.8957061767578	208.84373474121094	0.0	34.7649040222168	574.3353881835938	510.975341796875	0.0	112.16699981689453	841.0484008789062	791.1531372070312	160.71856689453125	0.0	152.0780487060547	65.67192077636719	0.0	401.60552978515625	0.0	0.0	442.9541015625	414.44287109375	293.1522521972656	121.34029388427734	96.32830047607422	346.7698974609375	169.53749084472656	338.038330078125	307.6932067871094	14.65091609954834	0.0	0.0	12.453564643859863	0.0	218.38587951660156	59.58759307861328	0.0	0.0
236.57901000976562	166.11167907714844	3.8742167949676514	0.0	68.18390655517578	15.193541526794434	216.8598175048828	348.3305358886719	0.0	120.477783203125	0.0	327.2486572265625	26.66904640197754	168.67498779296875	810.6055908203125	423.4905700683594	118.3072509765625	456.16143798828125	157.06309509277344	210.04360961914062	115.8342056274414	2.3737313747406006	286.82672119140625	44.79567337036133	193.81161499023438	353.4628601074219	0.0	84.66897583007812	155.1110382080078	211.5280303955078	317.70111083984375	264.0457763671875	47.76710510253906	98.57421112060547	54.04425048828125	98.45789337158203	79.07359313964844	379.59967041015625	441.6541748046875	84.72151947021484	28.21459197998047	81.53132629394531	311.9485168457031	335.9942932128906	0.0	506.0779113769531	337.7294616699219	15.164360046386719	65.84288787841797	166.13790893554688	597.959716796875	91.9598617553711	0.0	358.7003479003906	192.00070190429688	0.0	0.0	36.58268737792969	483.2157897949219	836.5712890625	0.0	535.3233642578125	33.216270446777344	1039.0823974609375	108.40471649169922	0.0	100.73817443847656	0.0	0.0	0.0	0.0	0.0	70.71080017089844	400.3348693847656	0.0	0.0	235.71926879882812	507.0131530761719	0.0	0.0	0.0	0.0	0.0	0.0	97.70865631103516	0.0	0.0	0.0	75.29789733886719	0.0	0.0	0.0	44.17746353149414	76.52159881591797	0.0	0.0	0.0	0.0	0.0	161.4440155029297	0.0	45.52854919433594	286.0207214355469	213.92132568359375	0.0	56.636383056640625	293.4544372558594	207.6417694091797	0.0	74.3315658569336	210.08975219726562	224.98146057128906	15.714470863342285	167.73318481445312	43.67456817626953	0.0	56.78229904174805	0.0	93.36909484863281	32.149906158447266	0.0	144.12709045410156	248.8877410888672	3.9463491439819336	68.2012939453125	8.128212928771973	226.45700073242188	67.67462921142578	0.0	0.0	0.0	0.0	0.0	0.0	0.0	0.0	0.0	0.0	0.0	0.0	0.0	34.185646057128906	0.0	73.0289306640625	135.2653045654297	532.19873046875	335.47845458984375	0.0	139.26004028320312	458.15167236328125	0.0	8.274967193603516	0.0	539.818359375	769.2383422851562	342.66314697265625	0.0	25.480424880981445	217.73202514648438	691.3521118164062	344.523193359375	318.78558349609375	768.6924438476562	189.08657836914062	3.7262401580810547	339.3078918457031	222.88121032714844	0.0	0.0	476.0849609375	22.91952896118164	339.82867431640625	137.88394165039062	0.0	0.0	710.3892822265625	8.401532173156738	0.0	0.0	0.0	0.0	0.0	0.0	0.0	37.415470123291016	0.0	0.0	0.0	32.98373031616211	0.0	0.0	0.0	161.7611083984375	411.35736083984375	412.71649169921875	208.52801513671875	0.0	122.10334014892578	264.37860107421875	0.0	0.0	199.00247192382812	233.8061065673828	0.0	7.212948799133301	484.5104675292969	626.1023559570312	173.18728637695312	83.58080291748047	289.7950744628906	85.66507720947266	0.0	187.1258544921875	208.6396026611328	99.97523498535156	78.84568786621094	0.0	157.79734802246094	224.0282440185547	81.96088409423828	0.0	45.323394775390625	25.940128326416016	43.66975784301758	0.0	508.52105712890625	51.497520446777344	165.98985290527344	21.00018310546875	209.41085815429688	473.8446960449219	224.14794921875	57.14335632324219	463.2249450683594	390.63494873046875	107.53816986083984	84.30675506591797	612.2680053710938	619.1134033203125	216.1046905517578	76.38070678710938	189.448486328125	58.383705139160156	93.19769287109375	61.64045715332031	100.12323760986328	346.2949523925781	183.89181518554688	88.50492095947266	4.8107099533081055	126.43045043945312	352.91278076171875	112.24380493164062	289.8816223144531	498.8883972167969	103.48786163330078
816.0277709960938	781.3762817382812	299.6336364746094	452.48284912109375	142.481201171875	330.00213623046875	38.9193000793457	0.0	139.4268798828125	686.5986938476562	945.3067626953125	50.64817810058594	148.1941680908203	63.83277893066406	0.0	0.0	207.73440551757812	315.6202087402344	100.08920288085938	71.50410461425781	312.30596923828125	170.22146606445312	8.617417335510254	18.437049865722656	189.26625061035156	75.52609252929688	346.3942565917969	328.5644836425781	228.110595703125	0.0	234.2222442626953	0.0	122.6263656616211	402.4710388183594	494.5269775390625	246.4298553466797	563.8837280273438	472.4752502441406	0.0	71.44437408447266	555.7772216796875	743.6053466796875	355.0362548828125	166.4388885498047	251.01776123046875	179.58981323242188	143.91334533691406	155.6047821044922	334.1664733886719	0.0	1184.52587890625	491.08563232421875	610.3784790039062	0.0	1218.328369140625	1056.81494140625	709.0107421875	314.0470275878906	71.8904800415039	790.7836303710938	0.0	0.0	0.0	1174.3271484375	234.52430725097656	0.0	0.0	0.0	813.7673950195312	0.0	10.142518043518066	0.0	222.4847412109375	0.0	454.83990478515625	0.0	0.0	0.0	248.51585388183594	100.0956039428711	97.00935363769531	0.0	0.0	0.0	0.0	0.0	0.0	0.0	0.0	144.07708740234375	0.0	0.0	166.46751403808594	166.505859375	150.39291381835938	0.0	0.0	0.0	197.4977569580078	0.0	95.47938537597656	144.7312469482422	522.0441284179688	279.766845703125	105.44831848144531	69.17041778564453	241.03477478027344	333.3333740234375	168.1049041748047	160.56991577148438	0.0	327.9347839355469	1.3797049522399902	155.44277954101562	141.19358825683594	1.6400954723358154	0.0	81.91664123535156	300.7164001464844	58.677249908447266	103.40287017822266	0.0	63.89306640625	30.323261260986328	47.364994049072266	75.6793441772461	263.9090881347656	197.7979278564453	82.75123596191406	0.0	0.0	0.0	5.277963638305664	0.0	167.4176483154297	247.04421997070312	0.0	0.0	0.0	8.863007545471191	0.0	0.0	0.0	0.0	180.92115783691406	364.2913513183594	812.728271484375	0.0	0.0	0.0	1051.5430908203125	430.4090270996094	1429.307373046875	981.2394409179688	0.0	86.9113998413086	272.1724853515625	807.8440551757812	263.1549072265625	625.8786010742188	1209.9620361328125	796.8724365234375	66.52179718017578	446.953857421875	695.9541625976562	88.02738952636719	114.77851104736328	595.65869140625	74.26668548583984	0.0	64.02454376220703	196.79112243652344	0.0	191.14669799804688	92.71194458007812	378.7009582519531	0.0	0.0	0.0	0.0	0.0	0.0	0.0	0.0	0.0	15.617785453796387	25.360376358032227	0.0	0.0	0.0	0.0	0.0	591.6226196289062	887.66650390625	442.0468444824219	188.92910766601562	291.09521484375	0.0	0.0	10.567362785339355	912.0823364257812	968.168212890625	707.198486328125	435.8598937988281	0.0	55.322662353515625	0.0	146.0421142578125	299.5587463378906	254.6550750732422	57.47542953491211	109.23138427734375	0.0	0.0	0.0	72.22911834716797	240.88406372070312	236.9226837158203	0.0	23.488876342773438	0.0	12.896245002746582	0.0	0.0	25.46404457092285	324.411376953125	63.91463851928711	243.05796813964844	1020.8057250976562	1026.5997314453125	0.0	549.6797485351562	634.9755249023438	565.8170166015625	0.0	754.4067993164062	249.38328552246094	191.30564880371094	214.90371704101562	434.743408203125	54.093997955322266	98.6225814819336	442.4743347167969	359.4023132324219	309.5846862792969	250.521728515625	0.0	170.92726135253906	164.0384521484375	633.9312744140625	469.5129699707031	298.93603515625	0.0	0.0	9.677220344543457	252.82174682617188
0.0	0.0	0.0	225.83900451660156	0.0	0.0	331.74041748046875	338.7013854980469	0.0	78.39811706542969	56.3945426940918	0.0	63.73649597167969	148.98785400390625	45.369510650634766	0.0	64.52516174316406	255.0918426513672	383.1036376953125	0.0	88.23295593261719	557.2988891601562	303.9343566894531	407.07073974609375	432.3426818847656	542.563720703125	611.4808959960938	541.0075073242188	398.6933898925781	347.42388916015625	363.2669982910156	118.9793930053711	0.0	0.0	0.0	0.0	0.0	0.0	13.0514497756958	84.07624053955078	0.0	0.0	0.0	0.0	2.3156251907348633	139.7710418701172	144.55584716796875	131.86819458007812	0.0	440.7145690917969	404.5975341796875	285.09918212890625	221.6240997314453	412.1947937011719	354.9129943847656	691.1923828125	543.1046752929688	408.07940673828125	415.7732849121094	716.3871459960938	161.16773986816406	92.8330078125	0.0	0.0	0.0	1039.9647216796875	298.9867248535156	0.0	807.841064453125	1057.0936279296875	0.0	47.68924331665039	1003.295654296875	6.183423042297363	48.48579406738281	117.99909210205078	358.4135437011719	0.0	0.0	0.0	4.338642120361328	0.0	0.0	0.0	0.0	0.0	0.0	0.0	0.0	0.0	0.0	0.0	0.0	0.0	0.0	0.0	0.0	0.0	141.18482971191406	162.44110107421875	0.0	0.0	71.27689361572266	0.0	0.0	0.0	0.0	155.83262634277344	0.0	0.0	177.29103088378906	398.3238220214844	72.0875015258789	0.0	37.33419418334961	0.0	30.368600845336914	39.161216735839844	55.054298400878906	75.98826599121094	35.14250564575195	64.37629699707031	83.62374114990234	95.39440155029297	0.0	0.0	26.581279754638672	84.23920440673828	0.0	141.9391632080078	99.5469970703125	169.98971557617188	0.0	269.6278991699219	0.0	33.413822174072266	71.21080780029297	370.6897277832031	0.0	0.0	0.0	0.0	0.0	0.0	0.0	0.0	0.0	0.0	0.0	0.0	0.0	0.0	0.0	0.0	0.0	0.0	324.9701843261719	768.6052856445312	87.50669860839844	0.0	0.0	1013.7694091796875	887.79296875	402.6802673339844	570.9771118164062	891.291748046875	662.4820556640625	803.1097412109375	523.5166015625	418.0364990234375	852.4590454101562	840.5682983398438	287.6639099121094	283.29766845703125	310.6601257324219	0.0	91.44837951660156	0.0	0.0	0.0	100.90524291992188	0.0	0.0	0.0	68.6463851928711	0.0	0.0	0.0	0.0	0.0	0.0	0.0	0.0	0.0	0.0	0.0	0.0	0.0	113.75650024414062	17.074594497680664	60.52625274658203	708.8703002929688	603.1627807617188	451.0767517089844	627.796142578125	1246.4954833984375	830.5648193359375	341.3055725097656	0.0	0.0	0.0	0.0	0.0	125.72306060791016	104.9850845336914	122.12362670898438	0.0	110.93800354003906	0.0	0.0	0.0	0.0	0.0	0.0	0.0	41.19624328613281	620.5648193359375	112.48979187011719	0.0	602.9256591796875	560.53466796875	134.04971313476562	0.0	789.119384765625	305.48248291015625	397.49908447265625	158.31019592285156	759.8348388671875	417.1744689941406	392.8934020996094	164.18040466308594	137.3035430908203	199.8408660888672	209.18161010742188	184.02052307128906	24.820466995239258	154.86668395996094	72.57347106933594	175.34564208984375	327.38873291015625	91.50807189941406	45.65314865112305	52.67677307128906	361.9111633300781	182.90206909179688	62.42245101928711
410.3183898925781	369.97161865234375	30.776227951049805	502.9759521484375	0.0	182.90713500976562	692.7313232421875	0.0	359.9222412109375	287.7516784667969	0.0	146.47312927246094	157.98712158203125	463.01861572265625	456.32159423828125	0.0	104.65990447998047	395.7154541015625	0.0	299.8965759277344	135.1796875	184.12118530273438	346.6981201171875	659.8921508789062	272.895263671875	144.0307159423828	490.1455078125	362.42279052734375	356.4754333496094	663.7879028320312	370.83599853515625	342.4305114746094	80.66744995117188	0.0	199.57191467285156	150.33807373046875	0.0	442.542236328125	59.02983856201172	0.0	114.6371078491211	0.0	226.97299194335938	151.68333435058594	78.59854125976562	274.5945129394531	149.8806915283203	36.59795379638672	230.4101104736328	203.1410675048828	550.3735961914062	374.4869689941406	341.8368225097656	945.9179077148438	0.0	0.0	0.0	531.5393676757812	949.8235473632812	546.6962280273438	187.1916046142578	156.038330078125	482.1965026855469	394.1293029785156	597.9327392578125	329.1976013183594	0.0	560.513671875	697.9974365234375	0.0	179.9685516357422	226.8238067626953	0.0	0.0	204.2321319580078	0.0	495.1585998535156	69.05526733398438	0.0	0.0	0.0	0.0	53.263328552246094	0.0	0.0	0.0	0.0	0.0	189.64071655273438	0.0	0.0	0.0	121.45774841308594	0.0	0.0	0.0	0.0	0.0	0.0	0.0	0.0	117.49699401855469	17.188886642456055	322.3919982910156	0.0	0.0	203.98641967773438	170.86187744140625	0.0	0.0	277.2265319824219	448.894775390625	94.70207214355469	138.5121612548828	179.81948852539062	0.0	164.4235382080078	73.62610626220703	105.81226348876953	0.0	100.06787109375	100.16899871826172	185.0161590576172	31.367807388305664	0.0	0.0	96.77363586425781	42.91262435913086	0.0	0.0	0.0	22.37799835205078	0.0	2.5241611003875732	0.0	0.0	19.570636749267578	113.45266723632812	0.0	0.0	0.0	250.30245971679688	0.0	0.0	64.48445129394531	196.87998962402344	446.8336486816406	154.43345642089844	361.1190185546875	824.08447265625	0.0	23.26171875	0.0	673.4224243164062	503.7060852050781	0.0	0.0	0.0	0.0	81.56928253173828	404.7298583984375	1053.4862060546875	110.51071166992188	1281.716064453125	173.89173889160156	0.0	774.3911743164062	1180.707763671875	13.949665069580078	686.6526489257812	905.6136474609375	444.9667053222656	588.3951416015625	593.4270629882812	409.19244384765625	140.484619140625	108.10198211669922	0.0	0.0	0.0	22.828319549560547	0.0	0.0	0.0	3.727259874343872	0.0	0.0	0.0	83.5906982421875	0.0	0.0	0.0	144.46868896484375	266.0850830078125	82.65521240234375	414.48724365234375	0.0	400.20361328125	154.46768188476562	90.82518768310547	0.0	0.0	0.0	219.63746643066406	564.4285278320312	1244.2384033203125	780.0241088867188	195.64854431152344	248.90072631835938	270.1370544433594	93.49279022216797	103.5085220336914	86.7223129272461	412.5876159667969	128.544677734375	0.0	0.0	94.47959899902344	0.0	0.0	129.1123504638672	71.21932220458984	0.0	0.0	0.0	798.0853271484375	201.9980010986328	0.0	4.180623531341553	1085.8646240234375	293.85308837890625	602.4109497070312	0.0	96.18265533447266	262.3200988769531	622.1904907226562	0.0	849.7884521484375	411.81451416015625	197.0286407470703	183.9636993408203	190.54244995117188	147.11795043945312	330.5373840332031	105.761962890625	477.6416931152344	204.1638946533203	0.0	150.4514617919922	0.0	56.78742599487305	181.86325073242188	153.41246032714844	201.25486755371094	50.756126403808594	53.4497184753418
0.0	0.0	71.98780059814453	0.0	0.0	0.0	0.0	0.0	0.0	0.0	0.0	0.0	0.0	0.0	17.488168716430664	0.0	0.0	82.02428436279297	394.46875	299.5343933105469	0.0	171.62680053710938	489.2646789550781	114.30235290527344	7.883633136749268	260.48797607421875	472.89111328125	116.28153228759766	112.46571350097656	485.44195556640625	352.2538146972656	123.87272644042969	0.0	0.0	0.0	0.0	0.0	0.0	0.0	0.0	0.0	0.0	0.0	17.293237686157227	0.0	0.0	0.0	21.2764892578125	27.757028579711914	0.0	716.5407104492188	279.6474304199219	31.60163688659668	230.91383361816406	589.1349487304688	127.2751235961914	12.429340362548828	478.7887878417969	331.80926513671875	0.0	0.0	484.9196472167969	59.55266189575195	0.0	0.0	25.428905487060547	1003.501220703125	0.0	0.0	874.4104614257812	1237.4296875	0.0	0.0	1185.7894287109375	547.5693969726562	0.0	88.13436889648438	1071.8851318359375	0.0	0.0	0.0	0.0	0.0	0.0	0.0	26.005470275878906	0.0	0.0	0.0	0.0	0.0	0.0	2.745605230331421	0.0	0.0	0.0	0.0	0.0	0.0	127.31580352783203	0.0	0.0	65.74960327148438	238.26502990722656	0.0	0.0	194.6358642578125	221.93252563476562	0.0	17.65513038635254	261.2072448730469	127.60575866699219	49.52486038208008	76.7673568725586	47.58500671386719	4.9106764793396	57.16896438598633	19.436683654785156	0.0	0.0	67.77562713623047	0.0	0.0	0.0	52.50112533569336	32.53338623046875	23.695083618164062	0.0	0.0	0.0	321.5150146484375	27.315690994262695	0.0	0.0	334.232666015625	0.0	0.0	238.60765075683594	355.5653076171875	0.0	0.0	271.8324890136719	15.521641731262207	0.0	1.583376407623291	0.0	154.22129821777344	0.0	0.0	0.0	0.0	0.0	0.0	0.0	0.0	0.0	0.0	0.0	0.0	0.2037617266178131	0.0	29.151803970336914	876.1901245117188	609.8465576171875	0.0	629.34375	974.6192016601562	8.134148597717285	0.0	940.8903198242188	747.033935546875	0.0	63.01776123046875	843.0366821289062	251.21034240722656	0.0	0.0	97.89227294921875	0.0	0.0	58.92547607421875	107.15959930419922	0.0	21.641036987304688	117.79248046875	2.3488619327545166	0.0	67.16345977783203	101.52776336669922	0.0	0.0	52.1951789855957	0.0	0.0	4.227829456329346	315.55609130859375	0.0	0.0	274.3089294433594	344.9120178222656	0.0	0.0	340.6124267578125	155.36563110351562	0.0	255.38583374023438	442.935546875	0.0	0.0	28.037860870361328	81.93528747558594	50.53574752807617	0.032663747668266296	0.0	0.0	0.0	0.0	0.0	0.0	0.0	0.0	0.0	37.56962585449219	5.6898088455200195	6.116001129150391	0.0	240.27078247070312	750.2010498046875	0.0	0.0	811.919677734375	710.3162231445312	0.0	0.0	837.7026977539062	269.470947265625	0.0	513.7279052734375	938.8893432617188	0.0	35.42426681518555	128.38973999023438	1.8422632217407227	0.0	112.03402709960938	171.2399444580078	0.0	3.9259257316589355	172.7952880859375	146.1228790283203	15.855673789978027	0.0	228.09262084960938	183.46142578125	113.50010681152344	15.500957489013672
9.653308868408203	0.0	0.0	367.6250305175781	103.7535400390625	763.4963989257812	812.7872924804688	400.9493408203125	945.7838134765625	662.15771484375	668.5208129882812	716.5581665039062	175.8980255126953	557.322265625	737.7789306640625	631.8190307617188	221.26918029785156	54.595794677734375	0.0	0.0	0.0	0.0	115.11046600341797	396.3442077636719	204.73974609375	367.89892578125	311.0566711425781	152.05941772460938	315.3016357421875	346.1877136230469	0.0	28.21354866027832	211.00929260253906	80.68141174316406	449.5006408691406	473.5000915527344	233.9008331298828	277.4494934082031	342.4177551269531	0.0	292.387451171875	206.9932861328125	486.1055908203125	484.0137634277344	336.39776611328125	701.283203125	855.6703491210938	688.4083862304688	0.0	60.88378143310547	344.8802185058594	1112.2138671875	171.97836303710938	203.5076904296875	0.0	739.7947998046875	134.26715087890625	0.0	0.0	43.976863861083984	0.0	28.961381912231445	0.0	106.82620239257812	0.0	0.0	0.0	22.677000045776367	0.0	0.0	0.0	0.0	0.0	0.0	0.0	0.0	0.0	0.0	0.0	0.0	25.549020767211914	0.0	54.245079040527344	0.0	262.7538757324219	434.50048828125	220.94732666015625	0.0	170.2385711669922	0.0	179.55325317382812	96.42143249511719	0.0	0.0	0.0	0.0	0.0	0.0	0.0	0.0	71.41751098632812	58.46820831298828	0.0	445.8426208496094	0.0	0.0	0.0	233.78155517578125	0.0	31.199668884277344	238.62289428710938	293.3702087402344	0.0	108.36595153808594	310.29541015625	171.9219512939453	78.31658935546875	0.0	79.18248748779297	169.95594787597656	19.327089309692383	0.0	41.550235748291016	99.7298355102539	0.0	0.0	49.44470977783203	12.025967597961426	0.0	0.0	0.0	0.0	262.08135986328125	413.8074645996094	109.64224243164062	0.0	361.6077880859375	72.16826629638672	0.0	0.0	0.0	0.0	0.0	0.0	230.50924682617188	1127.661865234375	1300.6121826171875	1142.149169921875	21.83123016357422	0.0	0.0	529.226806640625	0.0	0.0	0.0	0.0	799.1964721679688	641.3367309570312	511.6579895019531	420.6669616699219	185.620849609375	179.13946533203125	12.517587661743164	811.68408203125	0.0	61.90266418457031	529.0757446289062	953.2538452148438	377.4937438964844	728.512451171875	400.7674255371094	0.0	172.40196228027344	145.5050048828125	0.0	0.0	0.0	0.0	0.0	0.0	0.0	0.0	0.0	0.0	0.0	0.0	0.0	0.0	0.0	0.0	0.0	0.0	77.92250061035156	532.0917358398438	487.39093017578125	329.20849609375	0.0	0.0	0.0	145.24020385742188	728.0098266601562	421.775146484375	329.4159240722656	129.19931030273438	1431.34375	1433.1602783203125	1393.0753173828125	709.7921142578125	0.0	150.61839294433594	156.5912628173828	129.6995086669922	213.40956115722656	397.3125305175781	265.9696960449219	0.0	253.75709533691406	230.2516632080078	0.0	0.0	12.358179092407227	253.19635009765625	337.92547607421875	181.96395874023438	349.56268310546875	318.4767761230469	0.0	0.0	0.0	0.0	0.0	106.73139953613281	18.384498596191406	257.0927734375	531.1507568359375	357.3436584472656	380.80303955078125	490.4178466796875	312.5065612792969	0.0	23.418851852416992	0.0	134.25543212890625	423.5334777832031	215.8340606689453	223.6272430419922	33.417205810546875	0.0	341.5899353027344	288.8354797363281	331.1623840332031	380.26922607421875	190.76646423339844	145.0723876953125	93.75253295898438	228.28079223632812
276.1307373046875	55.701358795166016	0.0	28.54802894592285	254.57713317871094	602.0697631835938	581.7003784179688	46.4605598449707	197.6740264892578	792.9971923828125	611.0780639648438	0.0	188.6324005126953	186.86990356445312	155.88229370117188	44.064178466796875	163.1347198486328	75.50762939453125	5.238779544830322	64.28919219970703	317.84100341796875	0.0	227.00770568847656	343.6003723144531	256.3562316894531	184.01109313964844	323.20050048828125	505.7436828613281	158.52476501464844	0.0	60.316226959228516	186.54957580566406	71.82804870605469	0.0	0.0	94.82742309570312	419.3634948730469	220.16612243652344	0.0	0.0	448.53619384765625	586.4228515625	258.79351806640625	13.857359886169434	354.34820556640625	367.5173034667969	196.08705139160156	0.0	754.0814208984375	0.0	571.666748046875	1185.18994140625	996.9403076171875	0.0	306.1576843261719	1031.93896484375	549.5884399414062	49.80076217651367	164.4258270263672	903.7954711914062	0.0	0.0	286.5714111328125	1041.865966796875	477.5426330566406	0.0	716.072265625	343.7594299316406	522.7117309570312	0.0	868.5492553710938	514.8573608398438	0.0	0.0	682.463623046875	126.0809326171875	0.0	0.0	245.97134399414062	66.7376480102539	0.0	0.0	0.0	0.0	0.0	186.15750122070312	90.870849609375	0.0	0.0	0.0	0.0	0.0	240.99417114257812	171.78997802734375	52.47508239746094	0.0	23.2197208404541	112.4771957397461	109.8336410522461	76.31316375732422	112.87386322021484	74.98412322998047	0.0	34.02280044555664	0.0	0.0	0.0	183.90658569335938	252.2914276123047	341.78167724609375	315.3187255859375	418.04290771484375	0.0	0.0	144.69288635253906	25.8830623626709	88.77118682861328	90.54257202148438	82.00053405761719	30.764219284057617	65.31403350830078	8.984673500061035	0.0	40.5385856628418	4.491235733032227	43.880523681640625	152.24166870117188	113.76079559326172	138.63113403320312	0.0	0.0	290.7224426269531	165.34487915039062	0.0	221.19606018066406	538.9279174804688	0.0	0.0	0.0	94.79971313476562	0.0	0.0	0.0	60.01246643066406	0.0	0.0	291.8778076171875	403.7708435058594	121.35890197753906	0.0	0.0	181.95632934570312	1360.0992431640625	1105.527587890625	114.31531524658203	0.0	0.0	301.50201416015625	217.45016479492188	330.2090148925781	721.3148803710938	87.32306671142578	161.0558624267578	595.5767211914062	405.4522399902344	0.0	588.57763671875	680.14794921875	65.60568237304688	147.46060180664062	262.4150390625	320.0981140136719	0.0	0.0	244.52053833007812	498.43310546875	0.0	0.0	78.32966613769531	0.0	0.0	0.0	3.69295334815979	0.0	0.0	9.846766471862793	45.696434020996094	0.0	0.0	0.0	0.0	0.0	0.0	0.0	0.0	118.0667495727539	774.1017456054688	323.6095886230469	0.0	158.29417419433594	1370.4708251953125	1327.1053466796875	574.5990600585938	453.51165771484375	0.0	0.0	0.0	253.26707458496094	144.1394500732422	41.430233001708984	60.202781677246094	117.98502349853516	49.08939743041992	0.0	0.0	20.355655670166016	146.565673828125	201.67593383789062	0.0	0.0	68.77830505371094	0.0	0.0	43.539005279541016	496.466796875	185.07691955566406	0.0	624.6356201171875	980.001708984375	432.0376281738281	0.0	719.9031982421875	518.808349609375	346.83734130859375	0.0	780.44287109375	374.94342041015625	284.18414306640625	108.66696166992188	596.2557373046875	104.65015411376953	213.09608459472656	246.43858337402344	155.20433044433594	615.448974609375	537.6041870117188	506.2460021972656	109.81127166748047	178.66273498535156	561.7997436523438	538.3422241210938	197.85922241210938	0.0	0.0	0.0	174.5030517578125
1039.5771484375	834.0541381835938	399.59002685546875	508.045166015625	215.24070739746094	849.8659057617188	725.6326293945312	0.0	319.3196716308594	393.9261779785156	0.0	104.70032501220703	473.6669616699219	1324.328857421875	899.5282592773438	106.0015869140625	221.42031860351562	109.48684692382812	0.0	107.07057189941406	110.06855010986328	0.0	313.9573669433594	519.4249267578125	128.66249084472656	90.13031005859375	247.2754364013672	260.8124084472656	0.0	94.24545288085938	223.61558532714844	553.4816284179688	360.77484130859375	500.4986267089844	506.81634521484375	325.6911315917969	462.60565185546875	610.4175415039062	301.9633483886719	0.0	143.04766845703125	266.84210205078125	156.28602600097656	175.1163330078125	485.7530822753906	599.2680053710938	383.5705261230469	1.6100273132324219	165.81280517578125	0.0	1040.9866943359375	1130.76708984375	0.0	159.97059631347656	616.3663940429688	890.0377197265625	0.0	0.0	685.2246704101562	1226.302490234375	58.215660095214844	0.0	212.25230407714844	724.5145263671875	0.0	0.0	0.0	75.41472625732422	0.0	0.0	38.1310920715332	14.884078979492188	0.0	55.318111419677734	0.0	0.0	0.0	0.0	0.0	0.0	0.0	0.0	90.92405700683594	0.0	232.2785186767578	344.55499267578125	208.96568298339844	0.0	112.59220123291016	0.0	0.0	0.0	347.0142517089844	398.4253234863281	204.32144165039062	0.0	0.0	0.0	0.0	0.0	55.76836013793945	196.5349578857422	371.5314025878906	405.6113586425781	137.2294921875	120.87733459472656	231.69329833984375	236.4134063720703	0.0	0.0	129.0679473876953	470.9024353027344	0.0	84.2086181640625	217.16354370117188	13.780133247375488	61.82206344604492	87.20732879638672	199.42361450195312	92.62274932861328	17.146268844604492	0.0	208.90020751953125	49.99100875854492	0.0	0.0	190.2343292236328	102.15180206298828	0.0	0.0	0.0	42.50986099243164	0.0	0.0	0.0	0.0	0.0	0.0	0.0	114.49308776855469	0.0	234.9170379638672	153.79161071777344	0.0	408.2956848144531	495.40447998046875	926.4713134765625	151.26329040527344	177.9201202392578	0.0	417.66143798828125	501.42022705078125	0.0	525.459716796875	740.389404296875	318.5794677734375	0.0	0.0	61.66091537475586	324.85968017578125	496.0160217285156	213.03546142578125	193.56402587890625	779.7486572265625	0.0	0.0	984.236328125	1181.05029296875	129.03836059570312	234.41160583496094	27.166671752929688	558.3790283203125	0.0	0.0	750.089111328125	771.5045776367188	0.0	0.0	0.0	0.0	0.0	0.0	0.0	0.0	0.0	0.0	0.0	0.0	24.675609588623047	0.0	0.0	0.0	1129.07763671875	1184.779541015625	712.7341918945312	157.60308837890625	0.0	0.0	0.0	31.29252815246582	0.0	459.0968933105469	359.1339416503906	231.90077209472656	0.0	409.6477355957031	295.9446105957031	217.96595764160156	269.5994873046875	183.3014373779297	154.03573608398438	80.28174591064453	9.472369194030762	138.58203125	0.0	0.0	427.397705078125	449.46844482421875	105.3562240600586	28.706762313842773	0.0	221.1149444580078	0.0	0.0	184.83538818359375	94.75675964355469	0.0	123.58045196533203	615.0347900390625	385.74432373046875	0.0	520.53515625	0.0	0.0	240.2675018310547	464.53155517578125	104.18326568603516	276.435546875	242.90834045410156	294.60211181640625	205.90919494628906	173.1918182373047	411.7766418457031	473.0889587402344	0.0	6.711503028869629	51.20232009887695	83.54469299316406	54.722476959228516	36.50457000732422	86.00965118408203	321.8921203613281	218.3770751953125	237.0482940673828	125.11503601074219	11.20979118347168
130.18341064453125	0.0	0.0	0.0	0.0	0.0	0.0	0.0	110.27837371826172	391.13433837890625	618.4249877929688	300.7991638183594	121.3040771484375	16.217376708984375	0.0	10.739622116088867	0.0	150.6397247314453	214.39979553222656	67.02831268310547	83.40630340576172	111.56521606445312	111.25931549072266	0.0	246.50259399414062	297.4626770019531	437.31378173828125	142.20481872558594	312.420654296875	36.73767852783203	316.33282470703125	0.0	143.69297790527344	0.0	0.0	3.18623685836792	129.05691528320312	0.0	0.0	0.0	91.52433013916016	322.2994384765625	203.86415100097656	109.14725494384766	217.85848999023438	127.39512634277344	199.14559936523438	45.171607971191406	354.0634765625	0.0	863.3407592773438	298.4090270996094	903.8372802734375	393.911376953125	794.123779296875	309.2857971191406	727.5159301757812	446.1427307128906	509.36187744140625	263.8447570800781	0.0	0.0	474.6761169433594	166.9995880126953	0.0	0.0	834.7156372070312	0.0	574.88427734375	0.0	771.6123657226562	0.0	403.46221923828125	0.0	449.84002685546875	0.0	181.750732421875	0.0	538.7900390625	0.0	19.358783721923828	0.0	0.0	0.0	0.0	0.0	0.0	0.0	0.0	0.0	0.0	0.0	77.70539093017578	105.76933288574219	0.0	0.0	66.38925170898438	0.0	107.4089126586914	175.3055877685547	155.4797821044922	0.0	256.6152648925781	272.7906799316406	0.0	0.0	0.0	103.36930847167969	0.0	0.0	186.19715881347656	260.8695373535156	14.44897174835205	77.8169174194336	38.02836990356445	59.813697814941406	69.09574127197266	48.86185836791992	0.0	0.0	77.32915496826172	28.008878707885742	67.54521942138672	0.0	0.0	86.4509048461914	78.84119415283203	118.13302612304688	8.936450958251953	0.0	146.76231384277344	0.0	47.40144729614258	148.03851318359375	547.7661743164062	96.75868225097656	24.085596084594727	0.0	218.6620635986328	0.0	0.0	0.0	0.0	0.0	47.491878509521484	0.0	389.8724365234375	0.0	91.27455139160156	0.0	0.0	0.0	622.405029296875	771.1083984375	42.58605194091797	0.0	0.0	584.0211791992188	233.85086059570312	23.197738647460938	30.964950561523438	193.0712127685547	628.1688232421875	527.5100708007812	272.8365173339844	264.6506652832031	366.56646728515625	351.8302307128906	428.7950134277344	0.0	377.20062255859375	107.56788635253906	200.1187744140625	79.55115509033203	644.3912353515625	137.60374450683594	0.0	0.0	0.0	0.0	7.262073993682861	0.0	0.0	0.0	0.0	0.0	0.0	0.0	0.0	0.0	0.0	0.0	0.0	0.0	17.860843658447266	277.3135681152344	0.0	0.0	0.0	13.223424911499023	616.2754516601562	827.7137451171875	892.1554565429688	760.4051513671875	16.471420288085938	0.0	445.0567626953125	365.4427185058594	0.0	14.582498550415039	73.12137603759766	55.23102569580078	75.51117706298828	22.93162727355957	37.57654571533203	41.348079681396484	129.43148803710938	10.499388694763184	180.66363525390625	0.0	0.0	0.0	9.881081581115723	0.0	0.0	160.96595764160156	167.2227020263672	822.0917358398438	0.0	493.9979553222656	0.0	735.5993041992188	0.0	770.356689453125	208.9031524658203	802.8575439453125	299.0898132324219	313.62982177734375	537.5244750976562	604.2373046875	79.24394989013672	260.6091003417969	0.0	0.0	80.8740005493164	368.0299377441406	136.126220703125	157.96401977539062	45.352508544921875	638.589599609375	300.55242919921875	323.2922668457031	2.809250593185425	0.0	161.44598388671875	5.698209285736084
205.6678466796875	180.91183471679688	0.0	0.0	278.69830322265625	663.341552734375	458.2638244628906	112.28056335449219	136.35853576660156	186.4109649658203	0.0	0.0	186.76727294921875	111.0396499633789	85.28649139404297	0.0	0.0	100.48236083984375	53.84322738647461	254.16220092773438	545.8038330078125	229.871337890625	290.1583251953125	411.86895751953125	312.9755859375	0.0	297.41143798828125	526.6715698242188	70.41626739501953	31.558382034301758	448.1031494140625	198.22418212890625	12.9570894241333	0.0	0.0	0.0	287.30718994140625	360.8279724121094	122.44355773925781	0.0	271.1482238769531	389.0262756347656	191.42222595214844	18.09295654296875	253.82115173339844	162.78689575195312	2.282012939453125	0.0	585.3276977539062	218.60296630859375	58.721500396728516	927.6193237304688	466.9326171875	197.39305114746094	241.13665771484375	588.9664916992188	272.9567565917969	0.0	707.1105346679688	310.5292053222656	0.0	0.0	667.0112915039062	246.48265075683594	594.792236328125	80.77860260009766	507.0458679199219	959.734375	690.7905883789062	0.0	740.779296875	975.0878295898438	456.5889892578125	0.0	896.6990356445312	48.12582778930664	0.0	0.0	418.9508056640625	0.0	53.858360290527344	0.0	0.0	0.0	0.0	0.0	63.0344352722168	0.0	0.0	4.520270347595215	0.0	0.0	198.9805908203125	174.4490966796875	0.0	0.0	3.0801353454589844	0.0	0.0	69.94454193115234	0.0	0.0	0.0	106.99297332763672	0.0	0.0	0.0	158.44485473632812	196.08641052246094	212.97357177734375	296.64703369140625	327.9598693847656	53.38422775268555	36.31447219848633	78.30647277832031	66.2588882446289	48.6157341003418	94.16506958007812	0.0	2.431385040283203	34.23183059692383	76.2243423461914	0.0	0.0	26.578256607055664	105.00992584228516	112.09711456298828	16.411256790161133	129.83738708496094	166.04769897460938	0.0	293.49273681640625	223.31747436523438	78.25501251220703	160.68173217773438	538.3851318359375	0.0	0.0	127.75218200683594	217.25331115722656	0.0	0.0	154.9503936767578	0.0	66.11628723144531	0.0	101.21874237060547	224.94723510742188	0.0	0.0	0.0	0.0	822.38720703125	566.2237548828125	298.7520446777344	0.0	0.0	0.0	127.3193130493164	0.0	791.98583984375	630.1578979492188	104.07652282714844	587.1395263671875	734.1615600585938	93.93678283691406	509.61773681640625	865.1768188476562	312.61285400390625	0.0	971.6369018554688	645.4929809570312	0.0	0.0	882.6491088867188	388.69012451171875	0.0	0.0	8.024627685546875	0.0	0.0	0.0	25.20037078857422	0.0	0.0	39.62080764770508	0.0	0.0	0.0	0.0	0.0	0.0	0.0	0.0	0.0	127.78111267089844	805.22900390625	948.4471435546875	0.0	229.23565673828125	1377.6947021484375	1234.7288818359375	254.05511474609375	349.04669189453125	0.0	0.0	210.47438049316406	361.2654724121094	123.27838134765625	99.92481994628906	94.40052795410156	79.24192810058594	4.322072982788086	0.0	0.0	0.0	186.6905517578125	60.13642501831055	0.0	0.0	244.7541961669922	128.71351623535156	63.7896842956543	0.0	0.0	205.6323699951172	0.0	533.017822265625	640.1463623046875	901.6441650390625	0.0	697.8074340820312	525.5402221679688	387.72052001953125	0.0	675.0435180664062	341.0435791015625	246.86419677734375	318.61285400390625	698.3638305664062	91.41812896728516	97.6270523071289	271.2135925292969	41.51724624633789	381.3570556640625	548.5053100585938	593.8817138671875	15.873554229736328	67.32527923583984	270.83489990234375	251.3496856689453	18.946880340576172	0.0	0.0	0.0	68.77774810791016
315.7409973144531	322.4252624511719	49.346435546875	0.0	325.6565856933594	142.02809143066406	435.9853210449219	518.570068359375	0.0	0.0	174.1763916015625	0.0	360.4655456542969	187.44346618652344	27.66681671142578	137.91217041015625	4.205246448516846	299.48345947265625	208.7412109375	423.74456787109375	491.97601318359375	514.5220336914062	727.1036987304688	597.3906860351562	285.82208251953125	71.35757446289062	600.90478515625	83.49574279785156	49.66230010986328	326.7410888671875	125.02302551269531	49.72627258300781	0.0	0.0	0.0	0.0	93.583740234375	50.127803802490234	212.8577423095703	395.709716796875	0.0	63.33174133300781	26.459430694580078	109.70484924316406	248.98748779296875	175.57574462890625	259.0734558105469	243.35287475585938	457.0910339355469	631.9378662109375	171.52369689941406	399.82220458984375	374.3395080566406	536.5133666992188	396.3462219238281	356.7734680175781	0.0	322.3025207519531	0.0	145.51307678222656	0.0	294.00311279296875	26.15793228149414	0.0	160.71644592285156	299.0118713378906	913.49609375	710.631591796875	563.011962890625	0.0	431.541748046875	0.0	206.92581176757812	0.0	0.0	0.0	0.0	0.0	0.0	0.0	132.38168334960938	0.0	0.0	0.0	0.0	0.0	0.0	0.0	0.0	0.0	0.0	0.0	241.13583374023438	0.0	0.0	27.54306983947754	0.0	0.0	0.0	114.33612060546875	0.0	0.0	0.0	137.11373901367188	0.0	0.0	0.0	171.34909057617188	91.03783416748047	422.9322814941406	542.5240478515625	468.1951599121094	75.1564712524414	29.82916831970215	0.0	29.584590911865234	120.70703125	79.99845886230469	27.038053512573242	13.968953132629395	96.86711120605469	30.22270393371582	0.0	133.48097229003906	4.588525295257568	8.940180778503418	12.290763854980469	74.81802368164062	144.94183349609375	195.41310119628906	0.0	292.9095458984375	0.0	310.3450927734375	165.22340393066406	320.1196594238281	0.0	0.0	0.0	0.0	0.0	0.0	0.0	0.0	90.31812286376953	0.0	0.0	0.0	0.0	0.0	0.0	10.185155868530273	529.7132568359375	587.3778076171875	67.45262145996094	471.6722412109375	0.0	0.0	0.0	0.0	417.1809997558594	794.7151489257812	750.7855834960938	1046.0843505859375	774.664794921875	534.74365234375	624.06103515625	68.6361083984375	109.67515563964844	935.616943359375	972.2781982421875	96.17573547363281	21.899534225463867	707.9251098632812	196.61810302734375	0.0	0.0	0.0	0.0	0.0	3.5985724925994873	0.0	0.0	0.0	0.0	0.0	0.0	0.0	24.835453033447266	0.0	0.0	0.0	0.0	0.0	0.0	0.0	623.375	885.4064331054688	845.1503295898438	1289.8861083984375	615.8153076171875	817.2265625	963.1578979492188	1055.711181640625	165.2472686767578	269.258544921875	186.28277587890625	0.0	194.66506958007812	95.05133056640625	67.59739685058594	40.84126663208008	72.72746276855469	0.0	0.0	40.40754318237305	0.0	34.27431869506836	2.0886523723602295	0.0	145.35919189453125	60.25908660888672	177.0300750732422	204.02114868164062	0.0	124.50924682617188	0.0	573.4642944335938	139.30776977539062	631.3888549804688	144.36021423339844	592.2875366210938	236.58261108398438	447.88763427734375	571.2894287109375	215.18414306640625	220.61642456054688	406.3588562011719	744.8129272460938	30.699317932128906	165.65699768066406	178.92800903320312	175.13682556152344	59.112457275390625	244.804443359375	358.0787658691406	103.3010025024414	270.0780029296875	87.08796691894531	252.0093231201172	22.488676071166992	0.0	0.0	0.0	0.0	0.0
27.18365478515625	0.0	297.6324157714844	0.0	434.6451416015625	734.0824584960938	588.9346923828125	212.0194549560547	224.31961059570312	0.0	0.0	149.91690063476562	945.555419921875	1144.1676025390625	593.7728271484375	0.0	93.10527801513672	0.0	0.0	116.32910919189453	19.510967254638672	81.29226684570312	504.2933349609375	446.58892822265625	137.4507293701172	67.47956085205078	160.87423706054688	147.254150390625	0.0	0.0	332.76715087890625	491.73291015625	148.83155822753906	204.82102966308594	13.187565803527832	143.35360717773438	344.5912780761719	368.0718688964844	262.1661071777344	21.428966522216797	0.0	6.764599800109863	313.103759765625	258.9068908691406	478.01495361328125	401.3432922363281	164.14501953125	15.248993873596191	0.0	0.0	657.1122436523438	916.2357788085938	58.64495849609375	0.14459079504013062	0.0	16.060550689697266	0.0	0.0	973.73486328125	877.8741455078125	176.52459716796875	0.0	395.646728515625	538.2032470703125	0.0	0.0	0.0	37.06584548950195	0.0	0.0	0.0	0.0	46.861637115478516	10.990113258361816	0.0	0.0	0.0	0.0	0.0	0.0	35.68018341064453	268.5312805175781	308.78485107421875	0.0	265.0938415527344	276.485107421875	0.0	0.0	0.0	0.0	43.67514419555664	0.0	323.460693359375	343.22979736328125	68.31499481201172	0.0	0.0	0.0	0.0	30.251651763916016	228.1148681640625	248.75506591796875	194.72288513183594	408.6472473144531	0.0	0.0	107.15419006347656	23.570981979370117	0.0	0.0	169.18344116210938	387.7296447753906	0.0	87.2345199584961	168.68202209472656	72.26456451416016	9.986645698547363	0.0	0.0	48.89476776123047	1.8370294570922852	86.82087707519531	299.36846923828125	42.01775360107422	14.892834663391113	0.0	90.86126708984375	26.624353408813477	0.0	0.0	0.0	6.043776035308838	29.952011108398438	6.0545454025268555	2.7649905681610107	0.0	0.0	0.0	8.866172790527344	13.358028411865234	62.1302490234375	223.0098114013672	147.51792907714844	0.0	665.6754150390625	540.55615234375	890.9490966796875	439.7975769042969	0.0	0.0	0.0	60.644920349121094	263.86688232421875	452.3979187011719	837.9520263671875	196.23939514160156	0.0	0.0	122.37999725341797	250.16815185546875	324.5777893066406	68.88795471191406	780.3787841796875	993.719482421875	0.0	149.45057678222656	969.4993286132812	373.112060546875	301.4208068847656	355.7265930175781	10.907642364501953	536.7210083007812	0.0	0.0	739.8588256835938	577.75732421875	0.0	0.0	0.0	0.0	0.0	3.5955631732940674	0.0	0.0	0.0	0.0	0.0	0.0	0.0	0.0	0.0	0.0	353.84521484375	313.3142395019531	50.73408508300781	44.897308349609375	66.32946014404297	377.63214111328125	89.80643463134766	237.447509765625	418.8039855957031	550.400390625	301.5419616699219	285.8087158203125	279.0190124511719	363.2702331542969	102.91400146484375	229.12303161621094	73.09407806396484	58.64159393310547	130.7960205078125	29.964563369750977	300.0570068359375	311.3345642089844	100.85269165039062	0.0	134.01210021972656	10.518452644348145	53.760169982910156	3.3174643516540527	254.82754516601562	364.8433532714844	24.748313903808594	0.0	325.8427734375	362.4716796875	0.0	99.0382308959961	91.95751190185547	0.0	61.53262710571289	489.855224609375	78.63109588623047	186.35508728027344	258.93499755859375	369.83184814453125	169.74375915527344	128.71978759765625	0.0	296.9395751953125	0.0	0.0	0.0	141.9922637939453	0.0	173.65562438964844	174.0240478515625	153.0372314453125	85.98445892333984	6.069199562072754	22.162015914916992	244.39419555664062	409.7875671386719	313.0849609375	130.84414672851562	0.0
229.2001953125	0.0	0.0	99.8457260131836	658.4710083007812	922.001220703125	715.2584228515625	329.79827880859375	751.93701171875	578.98583984375	137.4771728515625	171.50953674316406	184.0924072265625	762.6323852539062	794.400634765625	0.0	194.6689453125	287.85955810546875	0.0	75.82788848876953	0.0	0.0	322.7945556640625	272.83929443359375	165.00233459472656	211.4705810546875	167.6053466796875	276.6165771484375	368.6966247558594	281.3492126464844	403.87493896484375	438.1886901855469	0.0	125.03652954101562	114.92796325683594	358.77728271484375	335.9627685546875	416.5262451171875	307.8847351074219	0.0	137.65042114257812	271.8904113769531	246.6875762939453	0.0	543.7086791992188	839.5554809570312	401.5285339355469	68.90345764160156	0.0	0.0	917.3917846679688	1515.3504638671875	250.4123077392578	183.1753692626953	0.0	1024.54248046875	295.49615478515625	0.0	525.5426635742188	587.07568359375	547.9312133789062	278.07122802734375	111.2802963256836	86.3310317993164	320.8523254394531	0.0	0.0	0.0	61.73127746582031	0.0	0.0	0.0	319.74176025390625	0.0	536.2723388671875	466.2891540527344	632.66357421875	0.0	190.03273010253906	0.0	0.0	0.0	0.0	0.0	321.8052062988281	227.30569458007812	67.81358337402344	0.0	71.3205795288086	0.0	255.37051391601562	0.0	0.0	239.26492309570312	175.38673400878906	0.0	0.0	0.0	176.1272735595703	286.7358703613281	159.45269775390625	166.58885192871094	353.4431457519531	494.66656494140625	0.0	0.0	0.0	0.0	0.0	0.0	327.78021240234375	507.82696533203125	0.0	76.647705078125	342.27032470703125	156.44908142089844	0.0	0.0	167.87051391601562	79.40190124511719	0.0	36.746734619140625	0.0	53.97368240356445	8.299267768859863	101.82440948486328	51.51526641845703	42.264495849609375	0.0	0.0	0.0	0.0	231.29638671875	167.8957977294922	118.50928497314453	305.1766052246094	9.702412605285645	0.0	60.17327117919922	257.524169921875	0.0	0.0	0.0	0.0	319.1371154785156	276.2197265625	944.9015502929688	914.2625732421875	0.0	0.0	0.0	481.7578430175781	120.76490783691406	0.0	318.20465087890625	30.143966674804688	626.0376586914062	54.63212585449219	0.0	39.5816535949707	582.6113891601562	324.9439392089844	55.442626953125	641.1576538085938	0.0	0.0	31.491100311279297	618.0164184570312	966.9234619140625	785.0697631835938	689.6177368164062	1076.2542724609375	302.4959716796875	0.0	903.18115234375	613.6133422851562	0.0	0.0	0.0	0.0	0.0	0.0	0.0	0.0	0.0	0.0	0.0	0.0	0.0	0.0	0.0	0.0	523.224853515625	582.8362426757812	174.1545867919922	175.5680389404297	0.0	0.0	0.0	26.693405151367188	468.38067626953125	624.7293701171875	353.67724609375	469.6927490234375	973.179931640625	1412.4910888671875	361.62249755859375	223.33787536621094	64.47444915771484	38.6100959777832	46.4798583984375	37.92825698852539	261.45159912109375	312.1795349121094	0.0	57.992530822753906	384.6363220214844	290.9254455566406	0.0	22.0208797454834	195.88592529296875	260.5858154296875	0.0	0.0	245.7712860107422	687.2127075195312	0.0	363.4006652832031	212.5496826171875	223.03440856933594	0.0	486.5590515136719	0.0	451.8598327636719	0.0	585.4174194335938	553.2716674804688	1255.4432373046875	0.0	453.5929870605469	0.0	0.0	0.0	288.3016052246094	66.6479721069336	318.78021240234375	517.3589477539062	150.7321014404297	105.90003204345703	117.09062957763672	327.56390380859375	124.05164337158203	157.2587890625	352.630126953125	111.38521575927734	0.0
0.0	356.9225769042969	203.1809844970703	0.0	0.0	0.0	63.21488952636719	0.0	117.10126495361328	94.15656280517578	0.0	4.920902252197266	198.60179138183594	491.6224365234375	0.0	13.245550155639648	69.72691345214844	168.77288818359375	494.9021301269531	202.79818725585938	46.844383239746094	307.2878723144531	289.6905212402344	299.25848388671875	84.46483612060547	184.32652282714844	309.12933349609375	108.00569915771484	288.9576110839844	553.5830078125	159.57623291015625	137.82850646972656	0.0	25.895614624023438	0.0	6.512007713317871	0.0	55.493099212646484	16.854764938354492	16.914297103881836	19.66575813293457	0.0	0.0	5.326908111572266	161.49905395507812	108.36283111572266	0.0	22.891687393188477	21.917423248291016	181.62582397460938	405.3899841308594	548.98876953125	0.0	541.1663208007812	509.3152160644531	7.397833347320557	0.0	286.7159423828125	643.5354614257812	0.0	220.11477661132812	189.26824951171875	627.6547241210938	0.0	0.0	178.3760986328125	118.43573760986328	37.739566802978516	0.0	441.4223937988281	33.22878646850586	0.0	0.0	688.9547729492188	0.0	0.0	144.0457305908203	141.3192596435547	0.0	0.0	3.1681101322174072	0.0	0.0	0.0	0.0	0.0	0.0	0.0	107.98116302490234	0.0	0.0	0.0	0.0	0.0	0.0	0.0	0.0	0.0	0.0	65.53584289550781	0.0	0.0	124.56271362304688	362.9209289550781	0.0	0.0	191.42787170410156	248.85018920898438	0.0	39.78012466430664	227.85740661621094	207.97479248046875	82.39196014404297	0.0	20.894804000854492	44.610530853271484	33.33810806274414	74.48206329345703	0.0	31.89268684387207	23.776594161987305	56.437808990478516	33.18780517578125	8.881556510925293	0.0	28.44407081604004	0.0	0.0	0.0	0.0	79.53038024902344	0.0	0.0	82.54507446289062	19.43866729736328	0.0	27.337421417236328	110.8603515625	84.86209869384766	0.0	77.51988220214844	195.04917907714844	89.89293670654297	0.0	0.0	0.0	172.0194854736328	18.386384963989258	0.0	268.1045837402344	0.0	0.0	0.0	0.0	51.01929473876953	0.0	0.0	0.0	17.746767044067383	0.0	0.0	397.46820068359375	811.1735229492188	602.9408569335938	0.0	332.1861572265625	826.4890747070312	38.747833251953125	45.29922103881836	541.5057983398438	465.2408142089844	0.0	481.7888488769531	504.0157775878906	279.998291015625	0.0	67.4466323852539	49.82817077636719	0.0	0.0	70.10359954833984	31.900672912597656	0.0	0.0	3.024979829788208	0.0	0.0	59.017372131347656	13.146340370178223	0.0	0.0	54.77195358276367	0.0	0.0	121.4524154663086	179.64910888671875	0.0	31.514684677124023	369.45440673828125	100.3717041015625	0.0	0.0	160.29730224609375	107.40185546875	231.37571716308594	582.5737915039062	203.34228515625	92.61812591552734	8.086591720581055	132.54808044433594	201.38002014160156	0.0	0.0	0.0	14.016422271728516	0.0	9.250171661376953	0.0	3.4822890758514404	8.745408058166504	11.103012084960938	0.0	0.0	25.502761840820312	0.0	0.0	402.64056396484375	309.171142578125	12.08327579498291	0.0	629.7159423828125	318.6216125488281	0.0	0.0	801.684814453125	195.4447021484375	100.5235366821289	563.7682495117188	349.4681091308594	85.11058807373047	93.83953094482422	96.68707275390625	43.60836410522461	0.0	166.2994384765625	31.707063674926758	106.49690246582031	2.1949753761291504	239.04039001464844	133.02052307128906	88.46527099609375	8.228799819946289	248.73280334472656	284.90228271484375	35.061519622802734	22.765064239501953
243.6518096923828	18.38698387145996	0.0	0.0	103.34968566894531	35.60531234741211	33.87040328979492	0.0	223.26724243164062	345.2752380371094	173.66986083984375	0.0	739.1968994140625	597.878173828125	184.24314880371094	113.40444946289062	162.69320678710938	246.69174194335938	42.40199661254883	38.874141693115234	90.54591369628906	0.0	146.95738220214844	375.32550048828125	0.0	0.0	464.41485595703125	554.7975463867188	239.40528869628906	275.25177001953125	657.8759155273438	250.87083435058594	30.360904693603516	55.52960968017578	0.0	213.15736389160156	238.686279296875	356.6944274902344	61.513065338134766	0.0	86.39875030517578	0.0	0.0	0.0	123.18925476074219	222.01837158203125	236.07177734375	74.93955993652344	0.0	0.0	764.5110473632812	1367.15966796875	0.0	0.0	257.61895751953125	743.8228759765625	232.21014404296875	151.621337890625	438.7230224609375	271.3858947753906	253.1129150390625	201.43556213378906	354.4596862792969	0.0	141.42784118652344	0.0	0.0	41.17707443237305	57.781368255615234	0.0	543.8397827148438	242.95068359375	0.0	0.0	1228.7908935546875	114.10694885253906	0.0	43.082271575927734	707.1195678710938	0.0	0.0	3.085273504257202	0.0	0.0	199.05386352539062	145.1566162109375	10.00003433227539	0.0	100.52665710449219	129.6139373779297	0.0	0.0	117.85664367675781	0.0	0.0	0.0	0.0	0.0	116.74185180664062	162.73828125	227.9225616455078	297.27362060546875	348.3751220703125	329.27734375	84.68821716308594	0.0	0.0	273.5107116699219	0.0	0.0	21.903797149658203	202.80784606933594	0.0	32.03926467895508	280.17803955078125	140.09129333496094	0.0	0.0	116.58702087402344	76.77730560302734	61.26118850708008	50.63631820678711	0.0	0.0	46.16121292114258	0.0	8.945548057556152	32.3491096496582	0.0	0.0	0.0	0.0	0.0	0.0	179.5526885986328	397.66473388671875	151.6044464111328	416.57720947265625	351.0453186035156	344.89947509765625	42.807098388671875	0.0	84.66664123535156	0.0	464.5992126464844	459.45489501953125	673.3283081054688	733.8487548828125	0.0	0.0	0.0	202.64566040039062	0.0	0.0	0.0	0.0	22.50082015991211	66.23094940185547	0.0	0.0	440.3253479003906	381.8475646972656	241.86956787109375	711.434814453125	19.616519927978516	0.0	525.7696533203125	796.4617309570312	0.0	199.20794677734375	1116.419677734375	733.461669921875	507.0505676269531	416.3270568847656	812.3489990234375	0.0	0.0	0.0	0.0	0.0	0.0	0.0	0.0	0.0	0.0	0.0	0.0	0.0	0.0	0.0	0.0	0.0	718.6683349609375	918.4537353515625	386.0360412597656	241.53594970703125	0.0	0.0	0.0	141.01449584960938	0.0	0.0	0.0	308.3819580078125	858.685546875	987.9802856445312	713.964599609375	419.08526611328125	112.21044921875	66.96656799316406	80.45751953125	4.192682266235352	281.1604919433594	250.72007751464844	116.1849365234375	40.00044250488281	115.706298828125	71.12754821777344	0.0	0.0	190.11219787597656	118.65513610839844	0.0	0.0	159.6002197265625	556.6927490234375	115.29597473144531	407.9056091308594	305.34588623046875	393.8123779296875	0.0	642.27880859375	0.0	0.0	0.0	679.415771484375	0.0	88.83004760742188	737.6644287109375	658.2373657226562	15.829008102416992	13.347918510437012	0.0	187.94964599609375	0.0	0.0	83.78182983398438	0.0	307.4522399902344	359.9760437011719	266.2729797363281	75.7759780883789	188.73545837402344	398.7106628417969	299.2848205566406	172.47190856933594
0.0	0.0	0.0	0.0	247.11996459960938	449.8283386230469	499.65625	49.73847579956055	666.4715576171875	632.0791015625	343.5487365722656	217.56813049316406	75.89777374267578	15.549893379211426	147.08750915527344	0.0	112.77754211425781	163.17506408691406	93.47289276123047	196.58914184570312	123.93060302734375	262.7899169921875	186.10000610351562	126.89313507080078	376.087158203125	195.13558959960938	267.672607421875	313.0940856933594	282.71807861328125	0.0	151.15321350097656	198.55160522460938	0.0	0.0	0.0	51.27775955200195	0.0	230.87811279296875	1.2029045820236206	0.0	98.32310485839844	469.4198913574219	413.05377197265625	41.15614318847656	356.7384338378906	355.95269775390625	49.374961853027344	50.85400390625	568.7142333984375	557.0850219726562	683.2469482421875	697.6493530273438	553.5213623046875	302.1339111328125	459.13800048828125	729.7562866210938	245.62277221679688	20.01136589050293	604.6300659179688	277.22625732421875	0.0	0.0	865.827392578125	548.7106323242188	843.527099609375	169.9427947998047	696.4702758789062	0.0	922.3881225585938	0.0	695.783935546875	0.0	527.5927734375	0.0	550.0191650390625	0.0	384.9333190917969	0.0	240.3944091796875	0.0	0.0	0.0	0.0	0.0	0.0	0.0	0.0	0.0	0.0	0.0	0.0	0.0	164.52589416503906	162.8245849609375	63.79638671875	0.0	94.21826934814453	0.0	149.25059509277344	6.6840972900390625	6.627833366394043	0.0	102.14322662353516	44.247779846191406	0.0	0.0	185.6991424560547	155.27369689941406	203.97901916503906	167.7312469482422	483.3763122558594	288.61834716796875	81.00924682617188	0.0	30.90475845336914	51.637298583984375	0.0	35.10972213745117	85.57931518554688	0.0867602601647377	0.0	38.569950103759766	15.464069366455078	8.547618865966797	0.0	99.41234588623047	145.57789611816406	76.08051300048828	20.520736694335938	193.242919921875	0.0	143.27122497558594	408.47003173828125	331.9721374511719	172.64389038085938	278.1935119628906	150.458740234375	0.0	0.0	74.85934448242188	0.0	0.0	0.0	0.0	170.6143798828125	0.0	93.06532287597656	210.9560546875	0.0	0.0	143.45692443847656	349.39935302734375	259.8189392089844	448.6739807128906	402.80938720703125	0.0	0.0	0.0	423.60546875	237.98106384277344	450.3567810058594	532.273193359375	75.64862060546875	380.8343811035156	414.5378112792969	273.74188232421875	86.7667236328125	258.4471740722656	654.6734008789062	72.99237060546875	237.83250427246094	350.4504699707031	184.9007110595703	0.0	329.6166687011719	405.11602783203125	66.32524871826172	0.0	0.0	0.0	0.0	0.0	0.0	0.0	0.0	0.0	6.902824401855469	0.0	0.0	0.0	0.0	0.0	0.0	0.0	0.0	221.39190673828125	0.0	240.43331909179688	0.0	109.53811645507812	829.010009765625	1163.121337890625	379.5733642578125	239.81871032714844	124.63213348388672	0.0	0.0	232.75341796875	50.713382720947266	17.555866241455078	0.0	54.238162994384766	0.0	0.0	19.61206817626953	0.0	152.56150817871094	148.57101440429688	0.0	67.07093048095703	0.0	0.0	0.0	25.685155868530273	0.0	624.1898193359375	0.0	587.9917602539062	0.0	666.153564453125	0.0	554.212158203125	341.21337890625	560.202392578125	0.0	539.89013671875	739.373291015625	662.3435668945312	0.0	427.9563903808594	105.40699005126953	127.34095764160156	77.90704345703125	211.16358947753906	132.4657440185547	550.394775390625	587.7184448242188	158.351806640625	136.9383544921875	262.4195251464844	382.4739990234375	214.28688049316406	0.0	0.0	0.0	153.8454132080078
462.5570068359375	861.8411254882812	511.9522705078125	178.89231872558594	61.7784538269043	795.6685180664062	825.4430541992188	54.33308029174805	150.55970764160156	247.4908447265625	218.44711303710938	0.0	124.56156158447266	341.12811279296875	0.0	0.0	84.31683349609375	205.54014587402344	18.69789695739746	26.941591262817383	337.85113525390625	379.9609680175781	99.97106170654297	629.454345703125	309.1349792480469	0.0	476.2408447265625	662.0675048828125	73.59429168701172	0.0	343.44573974609375	26.508371353149414	24.030494689941406	179.55714416503906	267.41845703125	237.86572265625	320.99029541015625	572.7774047851562	309.74249267578125	0.0	248.48800659179688	501.09808349609375	236.84039306640625	89.04562377929688	264.1855163574219	145.0655517578125	0.0	61.1628532409668	282.56207275390625	347.282958984375	29.998014450073242	1160.03759765625	506.2381591796875	265.16326904296875	211.26556396484375	716.2479248046875	421.40576171875	269.9817199707031	367.9099426269531	92.44991302490234	0.0	233.79620361328125	611.7133178710938	0.0	55.620304107666016	158.3926239013672	0.0	169.15415954589844	660.9208984375	0.0	0.0	434.01385498046875	391.10986328125	0.0	358.3740539550781	0.0	0.0	0.0	347.979248046875	0.0	156.01405334472656	23.529664993286133	21.567049026489258	0.0	0.0	65.19491577148438	245.5260009765625	0.0	0.0	0.0	0.0	0.0	312.4369201660156	192.8135528564453	0.0	0.0	0.0	0.0	0.0	74.99323272705078	0.0	0.0	0.0	340.4844970703125	0.0	0.0	0.0	270.02215576171875	0.0	228.50503540039062	477.00775146484375	471.86212158203125	62.99105453491211	0.0	150.03558349609375	109.57537078857422	0.0	111.66724395751953	85.71788024902344	87.18689727783203	64.79058074951172	78.94152069091797	0.0	0.0	0.0	94.61510467529297	76.79753875732422	0.0	128.26040649414062	200.7588653564453	0.0	81.08338165283203	0.0	0.0	0.0	42.83906555175781	0.0	0.0	0.0	0.0	0.0	0.0	42.20952606201172	0.0	47.86605453491211	86.28160858154297	278.7827453613281	446.1600036621094	29.48625373840332	0.0	0.0	279.89593505859375	804.36279296875	1053.667236328125	227.0299835205078	0.0	0.0	393.65435791015625	275.690673828125	0.0	798.6383056640625	1246.15576171875	230.98342895507812	961.4404907226562	785.7780151367188	544.7073974609375	601.7576293945312	1174.3189697265625	359.60040283203125	20.223506927490234	991.7701416015625	382.7206115722656	0.0	589.352294921875	1046.4222412109375	0.0	20.63022804260254	0.0	0.0	0.0	0.0	0.0	0.0	0.0	0.0	0.0	0.0	0.0	18.308128356933594	0.0	0.0	17.517681121826172	115.61891174316406	614.478515625	460.1435241699219	78.39139556884766	244.92430114746094	626.7823486328125	0.0	121.40425109863281	840.877197265625	1124.7977294921875	384.9327392578125	311.86846923828125	0.0	0.0	50.08279800415039	119.83967590332031	203.1199951171875	308.35809326171875	134.20858764648438	155.41452026367188	0.0	90.49189758300781	90.78298950195312	0.0	112.76239013671875	284.7973937988281	85.46305084228516	0.0	98.68143463134766	0.0	26.10611915588379	0.0	0.0	100.107177734375	0.0	0.0	227.0518035888672	1041.681396484375	201.00958251953125	368.59954833984375	138.53094482421875	577.1011352539062	191.40269470214844	589.2720947265625	251.69496154785156	220.35986328125	496.66070556640625	373.87921142578125	172.7319793701172	60.255165100097656	69.0704116821289	246.2168731689453	133.71685791015625	442.0012512207031	310.0051574707031	0.0	0.0	279.2991943359375	261.59478759765625	0.0	0.0	0.0	0.0	0.0
504.643310546875	907.4781494140625	730.6224975585938	247.3858642578125	0.0	416.8316955566406	1023.3474731445312	555.0122680664062	104.71827697753906	288.09075927734375	0.0	46.63220977783203	125.64427185058594	584.4046020507812	80.37337493896484	58.1481819152832	89.69540405273438	169.2458038330078	41.04697036743164	0.0	157.2124481201172	265.2307434082031	0.0	404.71453857421875	258.2105712890625	129.7071990966797	225.45156860351562	355.1996765136719	117.99378967285156	461.704345703125	481.27655029296875	26.86958122253418	144.44818115234375	260.6485595703125	491.9430847167969	390.0009460449219	0.0	630.9060668945312	675.6510009765625	83.2914047241211	0.0	45.52178955078125	274.67974853515625	187.3167266845703	156.1156768798828	205.82843017578125	126.5276107788086	148.19320678710938	320.0346984863281	337.954345703125	0.0	1066.107666015625	34.78542709350586	1032.989990234375	0.0	557.0621337890625	0.0	562.7523803710938	595.6710815429688	17.527421951293945	500.5070495605469	93.9473648071289	669.0684814453125	7.100881099700928	220.5061798095703	133.48281860351562	0.0	6.571376800537109	693.5682983398438	206.54689025878906	0.0	0.0	324.9945068359375	0.0	0.0	0.0	555.6695556640625	0.0	0.0	0.0	89.5182876586914	0.0	0.0	84.24858856201172	0.0	3.0942914485931396	452.3500061035156	68.26200866699219	28.62952995300293	0.0	0.0	0.0	69.0220718383789	36.807640075683594	0.0	0.0	0.0	0.0	0.0	41.24293518066406	0.0	68.533203125	146.79116821289062	453.3353576660156	0.0	73.26399993896484	171.09915161132812	340.960693359375	0.0	0.0	403.23797607421875	465.65753173828125	84.36628723144531	0.0	17.51626205444336	156.82855224609375	79.04688262939453	20.851728439331055	83.2557373046875	116.338134765625	73.61888885498047	120.29713439941406	0.0	59.67005920410156	0.0	48.08305740356445	63.21379089355469	0.0	0.0	14.173324584960938	0.0	15.150979042053223	0.0	0.0	0.0	0.0	0.0	0.0	0.0	0.0	95.83480834960938	306.373291015625	0.0	0.0	177.6743621826172	50.1479606628418	428.1463928222656	776.759521484375	88.32855224609375	274.5177917480469	0.0	272.7669372558594	0.0	685.0340576171875	475.3882141113281	0.0	0.0	0.0	128.05201721191406	0.0	419.68756103515625	940.792236328125	116.17704772949219	393.46734619140625	237.30702209472656	256.7559814453125	210.3264617919922	876.6004638671875	285.8935852050781	502.19158935546875	582.6907348632812	395.8125305175781	308.5526428222656	303.7209167480469	602.5042724609375	44.71974563598633	77.81411743164062	0.0	0.0	0.0	81.3083724975586	0.0	0.0	0.0	18.142940521240234	0.0	0.0	0.0	40.1462516784668	0.0	0.0	27.04409408569336	130.87326049804688	907.896728515625	1023.7133178710938	649.59228515625	0.0	444.16168212890625	380.2313232421875	0.0	0.0	497.3817443847656	318.55419921875	133.23318481445312	0.0	415.4894714355469	0.0	73.16722106933594	198.18984985351562	313.9659423828125	181.297119140625	150.37730407714844	0.0	212.91941833496094	306.2498779296875	0.0	140.87925720214844	503.6070861816406	335.2342224121094	4.067425727844238	0.0	105.70536041259766	23.951494216918945	8.277447700500488	0.0	403.54669189453125	66.42915344238281	0.0	5.728133678436279	1150.9791259765625	646.2626953125	0.0	34.736045837402344	359.0105895996094	292.02197265625	537.1275024414062	0.0	684.30419921875	200.68820190429688	315.02972412109375	113.55949401855469	97.45242309570312	222.98963928222656	299.9185791015625	115.67288970947266	198.74574279785156	81.84160614013672	0.0	185.73101806640625	0.0	131.9048309326172	0.0	194.1050262451172	291.2327575683594	0.0	0.0
122.42884826660156	127.08149719238281	0.0	0.0	174.3745880126953	0.0	21.457386016845703	255.6564178466797	222.1850128173828	160.9815216064453	405.4515686035156	127.200927734375	175.28623962402344	157.19662475585938	0.0	111.53380584716797	0.0	0.0	229.18667602539062	422.453125	82.78520202636719	402.01629638671875	480.0185852050781	474.60479736328125	331.5505676269531	534.24462890625	680.7201538085938	228.87326049804688	293.3058776855469	18.59238624572754	379.1086120605469	0.0	11.888134956359863	0.0	0.0	0.0	0.0	0.0	0.0	51.15341567993164	0.0	114.42926788330078	73.167724609375	178.11465454101562	223.6895294189453	219.0550079345703	239.23406982421875	167.40306091308594	280.4652099609375	482.6012878417969	246.4865264892578	578.8321533203125	570.5176391601562	530.7318115234375	567.0164184570312	462.0435791015625	296.4046325683594	296.22576904296875	259.0753479003906	244.72061157226562	0.0	448.37890625	119.84159088134766	56.93810272216797	0.0	32.3017578125	1004.0030517578125	721.9844360351562	738.216552734375	270.9528503417969	1091.91748046875	0.0	413.283935546875	0.0	245.76312255859375	0.0	0.0	30.90074348449707	0.0	0.0	64.43598175048828	0.0	0.0	0.0	36.781005859375	0.0	0.0	0.0	0.0	0.0	0.0	0.0	261.09619140625	0.0	0.0	0.0	35.72505569458008	0.0	0.0	51.04021072387695	0.0	0.0	0.0	213.25038146972656	0.0	0.0	0.0	210.17556762695312	0.0	106.92256927490234	392.7129211425781	402.3824157714844	71.30379486083984	33.75993347167969	4.980041027069092	50.20581817626953	70.13091278076172	55.47868728637695	0.0	0.0	111.60040283203125	0.0	0.0	23.68077850341797	110.9653549194336	56.20701217651367	34.61841583251953	84.04097747802734	24.85476303100586	101.3951416015625	0.0	222.64767456054688	76.84471130371094	411.1466369628906	401.2983703613281	405.6136779785156	0.0	31.884428024291992	24.119796752929688	0.0	0.0	0.0	0.0	0.0	87.11547088623047	0.0	0.0	180.96539306640625	41.28850173950195	0.0	0.0	0.0	397.7240295410156	510.5877380371094	8.460001945495605	216.2365264892578	7.280013084411621	346.18304443359375	0.0	155.5602264404297	0.0	303.9207458496094	724.7138671875	994.8873901367188	707.7039794921875	687.7091064453125	747.1268310546875	547.5468139648438	522.5023803710938	449.5925598144531	1027.9324951171875	75.8510971069336	0.0	709.7636108398438	911.0657348632812	0.0	36.489105224609375	0.0	0.0	0.0	15.454642295837402	0.0	0.0	0.0	0.0	0.0	0.0	0.0	0.0	0.0	0.0	0.0	0.0	0.0	0.0	144.35983276367188	0.0	0.0	0.0	286.86920166015625	521.8496704101562	856.0585327148438	839.3724975585938	895.7346801757812	43.40047836303711	15.613762855529785	152.49949645996094	33.45096969604492	88.36506652832031	38.55186080932617	31.89972686767578	39.17277908325195	110.25035858154297	8.21536636352539	0.0	10.08792495727539	34.52037811279297	0.0	0.0	0.0	0.0	0.0	0.0	0.0	0.0	0.0	0.0	790.3969116210938	0.0	492.16131591796875	0.0	729.3968505859375	215.56886291503906	588.5125732421875	342.75201416015625	596.1243286132812	543.0294799804688	311.4629821777344	731.0491943359375	280.8226013183594	88.9966049194336	188.1409149169922	122.68684387207031	0.0	158.48561096191406	284.57073974609375	115.6281967163086	181.4127197265625	226.3557586669922	500.1387023925781	142.7796173095703	202.31776428222656	67.18023681640625	90.01847076416016	0.0	0.0
472.2053527832031	711.1915893554688	771.3662719726562	812.7131958007812	568.0906982421875	469.7770690917969	242.2179412841797	309.9171142578125	584.0680541992188	482.2949523925781	600.01904296875	340.4903564453125	901.2210083007812	883.149658203125	283.849365234375	0.0	0.0	64.97321319580078	65.8237075805664	0.0	301.8191833496094	413.6341552734375	59.462364196777344	0.0	229.96705627441406	11.049405097961426	177.89822387695312	122.08243560791016	148.752197265625	73.24188995361328	230.98609924316406	257.2203369140625	148.45706176757812	293.8128967285156	378.7926330566406	459.23870849609375	129.72486877441406	160.00184631347656	429.1601867675781	290.8491516113281	152.91139221191406	414.2267761230469	477.1605224609375	428.0617980957031	664.4669799804688	702.1312866210938	361.86468505859375	95.54165649414062	221.34669494628906	178.75743103027344	178.78662109375	26.102041244506836	262.2435302734375	0.0	0.0	0.0	87.37370300292969	0.0	721.0632934570312	387.1631164550781	0.0	0.0	0.0	200.68426513671875	0.0	0.0	0.0	0.0	155.11695861816406	0.0	0.0	0.0	422.42218017578125	0.0	0.0	0.0	0.0	0.0	0.0	0.0	199.17237854003906	111.94113159179688	178.61180114746094	170.61880493164062	0.0	5.552928924560547	200.50396728515625	174.35585021972656	110.50650787353516	220.03045654296875	101.12061309814453	0.0	51.462615966796875	80.27832794189453	0.0	0.0	0.0	0.0	0.0	0.0	0.0	0.0	0.0	0.0	0.0	0.0	300.29998779296875	381.3323669433594	66.25753021240234	101.09281921386719	233.2369842529297	231.1097412109375	30.33698844909668	29.03761863708496	8.121403694152832	30.999094009399414	0.0	10.621712684631348	13.527287483215332	124.79668426513672	37.94337844848633	75.75100708007812	119.87691497802734	4.158932209014893	0.0	0.0	72.1031723022461	59.5025520324707	149.7473907470703	361.15643310546875	357.1502380371094	121.24226379394531	0.0	0.0	0.0	0.0	89.24737548828125	0.0	0.0	0.0	0.0	0.0	0.0	0.0	0.0	0.0	59.98402786254883	204.05711364746094	99.437255859375	156.16970825195312	199.0940399169922	306.4966735839844	651.7333984375	512.0635986328125	433.08160400390625	0.0	552.8142700195312	89.61393737792969	2.782083749771118	194.74900817871094	78.94158172607422	395.85809326171875	68.96906280517578	0.0	653.5537109375	703.72119140625	196.53909301757812	255.78079223632812	279.965087890625	0.0	312.8346252441406	226.9359588623047	7.867452621459961	0.0	85.3409652709961	0.0	0.0	0.0	0.0	0.0	0.0	0.0	0.0	0.0	0.0	0.0	0.0	0.0	0.0	0.0	0.0	0.0	0.0	423.2496032714844	846.4155883789062	987.1668701171875	349.78460693359375	564.1201171875	170.01405334472656	165.4680938720703	70.36553955078125	291.9411926269531	119.5050048828125	7.2542219161987305	1041.6534423828125	1027.197021484375	585.7486572265625	235.38433837890625	38.88462448120117	122.30460357666016	117.67654418945312	151.66220092773438	200.14425659179688	249.4927215576172	101.95777130126953	78.40128326416016	119.42475891113281	151.29554748535156	221.19578552246094	235.95053100585938	402.68170166015625	328.7598876953125	0.0	0.0	0.0	4.740315914154053	0.0	31.51210594177246	29.06935691833496	659.3004150390625	350.3728942871094	258.97967529296875	287.6112365722656	424.8581237792969	0.0	0.0	321.21881103515625	258.3424377441406	0.0	238.7272186279297	156.6992950439453	205.0034637451172	298.8792419433594	501.7199401855469	121.72814178466797	260.94598388671875	87.12451934814453	19.93663215637207	273.208251953125	240.13192749023438	179.65414428710938	0.0	97.78214263916016	99.5245132446289	24.634544372558594	56.201725006103516
455.9659118652344	505.0309753417969	0.0	92.11392974853516	71.2733154296875	511.3497009277344	564.4502563476562	121.58306884765625	20.495906829833984	0.0	0.0	0.0	73.85133361816406	197.287353515625	71.9323501586914	0.0	89.30224609375	273.4678039550781	76.37557220458984	32.632633209228516	395.85321044921875	399.75653076171875	390.602294921875	360.0171813964844	300.42181396484375	0.0	471.8203125	125.08981323242188	0.0	146.40530395507812	442.731689453125	121.27648162841797	25.22393035888672	0.0	168.56887817382812	106.79080963134766	295.69384765625	469.5016174316406	203.86790466308594	0.0	0.0	0.0	14.711374282836914	54.414024353027344	250.0384521484375	189.31854248046875	0.0	46.48862838745117	267.11553955078125	148.2117156982422	1013.0470581054688	760.3649291992188	507.12298583984375	102.05374908447266	523.0167236328125	473.6441345214844	0.0	101.46187591552734	727.3472290039062	232.74073791503906	68.95004272460938	282.66741943359375	364.5068664550781	0.0	352.8592224121094	123.21536254882812	97.31108093261719	0.0	580.7904663085938	0.0	85.02059173583984	0.0	420.3484802246094	0.0	511.8228454589844	0.0	0.0	466.05487060546875	113.12762451171875	0.0	79.606201171875	0.0	0.0	0.0	0.0	87.86075592041016	0.0	0.0	0.0	0.0	0.0	0.0	151.47222900390625	113.43933868408203	0.0	0.0	0.0	0.0	210.37484741210938	0.0	0.0	0.0	115.37025451660156	239.53456115722656	0.0	0.0	0.0	171.46043395996094	8.314386367797852	236.7766876220703	323.207763671875	390.49444580078125	59.97745132446289	11.103618621826172	91.68769073486328	57.483978271484375	25.450681686401367	91.70547485351562	67.34070587158203	41.352420806884766	35.012699127197266	89.74600219726562	90.16349792480469	31.67330551147461	0.0	5.530900478363037	13.738994598388672	0.0	65.15811157226562	0.0	87.4090347290039	161.85499572753906	0.0	36.37392044067383	128.5566864013672	16.917705535888672	0.0	0.0	182.24554443359375	0.0	0.0	0.0	233.12802124023438	0.0	118.44815063476562	115.55314636230469	457.268310546875	135.21543884277344	140.5084686279297	0.0	0.0	22.82366943359375	755.5139770507812	871.5678100585938	303.6292724609375	0.0	0.0	0.0	0.0	21.643707275390625	737.711669921875	855.3452758789062	282.6243591308594	594.247314453125	503.4393310546875	0.0	707.5364379882812	493.23736572265625	377.06109619140625	237.7094268798828	821.5210571289062	105.50072479248047	0.0	417.75872802734375	727.5477905273438	0.0	22.546249389648438	0.0	0.0	0.0	16.656007766723633	0.0	0.0	0.0	0.0	0.0	0.0	0.0	56.4195442199707	44.56730651855469	0.0	44.9559440612793	42.87269973754883	195.01568603515625	100.92057800292969	137.19276428222656	574.2063598632812	954.4124755859375	268.16363525390625	246.0189971923828	424.0355224609375	497.1534729003906	279.26275634765625	343.038818359375	0.0	0.0	269.4615783691406	28.972320556640625	188.21112060546875	228.0203857421875	140.41127014160156	68.41267395019531	0.0	186.76829528808594	85.07552337646484	21.694299697875977	91.89167022705078	60.64623260498047	1.767828106880188	0.0	304.3536071777344	148.86671447753906	110.38525390625	0.0	0.0	249.9148406982422	0.0	206.7471923828125	58.58624267578125	808.9201049804688	0.0	346.4581298828125	285.96942138671875	329.7620849609375	556.4878540039062	514.1184692382812	160.636962890625	26.54070281982422	624.12158203125	162.97149658203125	99.68821716308594	40.25908660888672	68.07725524902344	246.2386016845703	117.27168273925781	378.1587829589844	215.26544189453125	4.127527713775635	0.0	30.525146484375	4.5726518630981445	41.090721130371094	0.0	30.605884552001953	0.0	28.15235137939453
0.0	0.0	116.9909439086914	0.0	0.0	49.1848258972168	43.20526885986328	0.0	0.0	22.80402946472168	0.0	0.0	249.35894775390625	102.27030181884766	0.0	0.0	0.0	0.0	224.3917236328125	612.0617065429688	0.0	71.72566223144531	541.1864013671875	526.826904296875	2.489201307296753	356.8575439453125	479.54718017578125	22.91868782043457	264.0566711425781	442.6231994628906	379.5248718261719	124.84252166748047	2.159010887145996	0.0	0.0	0.0	0.0	0.0	0.0	44.82433319091797	0.0	0.0	0.0	38.133995056152344	65.72415924072266	31.187358856201172	61.132293701171875	39.2764778137207	12.59928035736084	0.0	358.894775390625	490.91595458984375	0.0	182.1668701171875	404.2699890136719	163.4840087890625	0.0	335.2381286621094	349.1241149902344	0.0	41.85218048095703	353.6288757324219	112.67174530029297	0.0	0.0	0.0	1028.1683349609375	814.8268432617188	0.0	439.8495178222656	1003.2515258789062	0.0	0.0	939.4981689453125	724.4121704101562	0.0	454.44366455078125	902.5328369140625	0.0	0.0	0.0	40.34141159057617	0.0	0.0	0.0	17.78432846069336	0.0	0.0	19.002605438232422	0.0	0.0	0.0	9.789673805236816	0.0	0.0	0.0	0.8676376342773438	0.0	0.0	97.83114624023438	0.0	0.0	0.0	279.6014099121094	0.0	0.0	242.11952209472656	311.22381591796875	0.0	20.027009963989258	302.7493896484375	258.7240905761719	37.44381332397461	75.05121612548828	0.0	7.43059778213501	75.74047088623047	31.409055709838867	0.0	0.0	72.63272094726562	0.0	5.870996952056885	1.6433533430099487	50.48398208618164	0.0	56.343055725097656	0.0	0.0	20.201459884643555	221.24972534179688	233.49072265625	0.0	41.99607849121094	235.26463317871094	35.173831939697266	0.0	214.59255981445312	243.41651916503906	0.0	0.0	186.00152587890625	0.0	0.0	0.821448802947998	0.0	0.0	0.0	0.0	0.0	0.0	0.0	0.0	0.0	0.0	0.0	0.0	0.0	0.0	0.0	0.0	0.0	1134.881591796875	1179.8812255859375	0.0	585.2687377929688	1163.1644287109375	389.191162109375	0.0	1058.338623046875	1103.68701171875	0.0	551.5111083984375	954.6325073242188	118.65931701660156	0.0	0.0	41.79526901245117	0.0	0.0	44.178504943847656	56.97349548339844	0.0	0.0	62.67818832397461	0.0	0.0	30.88517951965332	93.59268188476562	0.0	0.0	63.30913162231445	0.0	0.0	0.0	292.0578308105469	0.0	0.0	196.60067749023438	315.8669128417969	0.0	32.2460823059082	306.8944396972656	223.7434539794922	414.5568542480469	564.0385131835938	393.91204833984375	0.0	0.0	17.1763973236084	24.23133087158203	14.28719425201416	0.0	0.0	0.0	0.0	0.0	0.0	0.0	0.0	0.0	0.0	0.0	0.0	6.184665203094482	0.0	0.0	754.9785766601562	0.0	0.0	525.8773803710938	702.376220703125	0.0	151.6531219482422	738.1231689453125	482.2275390625	0.0	714.8759155273438	735.3530883789062	0.0	30.687118530273438	145.33323669433594	171.2635040283203	0.0	101.19145965576172	204.5583038330078	71.81251525878906	31.001447677612305	162.6804656982422	214.3892364501953	0.0	9.191205024719238	243.46983337402344	108.8907470703125	31.592002868652344	0.0
419.2435302734375	531.9092407226562	0.0	0.0	210.19801330566406	0.0	0.0	110.28845977783203	3.8240320682525635	374.0315246582031	488.91082763671875	200.79205322265625	640.701904296875	1020.2783203125	475.4119567871094	0.0	108.66413116455078	435.87066650390625	380.7042236328125	0.0	343.5826110839844	365.7155456542969	0.0	303.3995666503906	331.5992736816406	0.0	221.9118194580078	543.3016357421875	330.788330078125	427.3161926269531	405.4044189453125	510.22540283203125	0.0	0.0	0.0	360.59503173828125	0.0	231.35369873046875	304.075439453125	0.0	106.13504791259766	68.46443939208984	0.0	0.0	483.2115173339844	392.0613098144531	91.69116973876953	171.1230010986328	152.5403289794922	70.45934295654297	0.0	1448.0169677734375	223.15548706054688	0.0	0.0	984.511962890625	486.8876953125	0.700291097164154	0.0	156.88034057617188	787.796875	0.0	0.0	0.0	162.3914337158203	498.1576843261719	0.0	0.0	802.6878662109375	132.757568359375	0.0	528.1551513671875	637.9412841796875	0.0	145.91554260253906	756.300537109375	0.0	0.0	197.55197143554688	26.799325942993164	111.33421325683594	0.0	0.0	0.0	0.0	0.0	56.41066360473633	0.0	0.0	3.72334885597229	64.84638977050781	0.0	0.0	0.0	0.0	0.0	0.0	0.0	0.0	208.85308837890625	0.0	345.9507751464844	162.30215454101562	337.61761474609375	121.96308898925781	285.4889831542969	0.0	25.99636459350586	25.223905563354492	0.0	0.0	253.6602325439453	36.78514862060547	0.0	191.32391357421875	354.89300537109375	0.0	56.047061920166016	0.0	205.45594787597656	130.9815673828125	44.92033767700195	29.917634963989258	0.0	121.44148254394531	73.48365783691406	0.0	33.799522399902344	194.2390899658203	140.07553100585938	0.0	0.0	66.81598663330078	0.0	0.0	416.7197570800781	158.17779541015625	59.5248908996582	246.56358337402344	273.8245544433594	95.16814422607422	0.0	0.0	0.0	0.0	0.0	431.6478271484375	1040.880615234375	0.0	0.0	0.0	564.1802978515625	0.0	0.0	0.0	0.0	867.259033203125	0.0	0.0	0.0	887.817626953125	1156.427734375	584.84375	370.7237854003906	1092.71826171875	635.854248046875	0.0	842.882568359375	1023.228515625	0.0	839.0045166015625	915.1297607421875	0.0	282.3256530761719	608.504150390625	259.6280212402344	0.0	0.0	0.0	0.0	0.0	0.0	0.0	0.0	0.0	0.0	0.0	0.0	0.0	0.0	0.0	0.0	122.27427673339844	421.49261474609375	525.5596313476562	249.65750122070312	205.50746154785156	142.37115478515625	0.0	0.0	0.0	0.0	6.601675987243652	278.45233154296875	1600.5936279296875	1241.7666015625	648.6764526367188	409.9279479980469	144.753662109375	143.87924194335938	14.555280685424805	74.99128723144531	10.336103439331055	33.01414108276367	42.96573257446289	0.0	28.843233108520508	64.12939453125	54.61664962768555	0.0	203.3905792236328	153.2852783203125	0.0	0.0	0.0	505.7527160644531	686.7518920898438	0.0	575.032958984375	649.8763427734375	474.48388671875	0.0	948.3890380859375	392.13360595703125	0.0	377.8534851074219	877.2669067382812	63.43503952026367	327.09033203125	551.8731689453125	205.65382385253906	42.57023239135742	0.0	160.62750244140625	72.20024871826172	0.0	164.27236938476562	56.636680603027344	160.6820068359375	260.3470458984375	314.3647766113281	70.51040649414062	516.0591430664062	377.3717041015625	222.63388061523438	0.0
841.0560913085938	550.0213012695312	154.4103240966797	413.3873596191406	330.3370666503906	804.0675048828125	727.2096557617188	135.82984924316406	178.6244354248047	0.0	0.0	0.0	77.61222839355469	162.6612548828125	0.0	0.0	71.7109146118164	3.6564128398895264	0.0	108.24154663085938	465.8670349121094	172.70013427734375	185.62847900390625	606.6353149414062	166.01638793945312	17.6207332611084	167.7105712890625	400.6668395996094	0.0	115.91211700439453	465.1824951171875	54.16096878051758	162.5122833251953	421.3005676269531	242.9315643310547	0.0	726.6809692382812	817.050048828125	275.5338134765625	0.0	98.09452056884766	53.6212043762207	0.0	119.17061614990234	266.5107421875	170.80787658691406	0.0	4.895755767822266	205.51123046875	0.0	193.76300048828125	529.859375	211.00375366210938	0.0	114.90809631347656	49.15616989135742	0.0	0.0	495.3533935546875	152.74122619628906	74.16905975341797	220.5697784423828	90.71275329589844	0.0	41.343387603759766	0.0	0.0	486.6480712890625	144.32679748535156	0.0	0.0	529.3388061523438	0.0	0.0	354.7198486328125	0.0	0.0	556.2626342773438	184.4590606689453	0.0	121.78469848632812	0.0	116.83303833007812	106.7164077758789	31.446949005126953	279.78533935546875	156.722900390625	0.0	0.0	196.0983428955078	0.0	0.0	174.21334838867188	200.2130584716797	0.0	0.0	0.0	54.678688049316406	0.0	0.0	0.0	0.0	131.27943420410156	71.96357727050781	6.373818397521973	57.790611267089844	43.73540115356445	361.496826171875	117.77560424804688	314.77105712890625	441.27838134765625	498.2691650390625	0.0	23.379892349243164	100.69679260253906	31.543684005737305	0.0	221.17494201660156	138.98721313476562	0.0	32.337127685546875	61.91084289550781	39.164207458496094	25.260562896728516	12.918696403503418	0.0	0.0	0.0	127.94279479980469	0.0	114.71797180175781	216.14971923828125	0.0	0.0	0.0	0.0	0.0	0.0	0.0	0.0	0.0	0.0	228.57989501953125	0.0	0.0	316.9339599609375	0.0	0.0	635.4442749023438	0.0	0.0	0.0	887.1488037109375	443.5933532714844	219.039306640625	0.0	0.0	0.0	0.0	0.0	808.2275390625	482.8385925292969	0.0	1084.71484375	248.25965881347656	0.0	559.6458740234375	1069.8819580078125	4.557189464569092	88.93721771240234	906.22705078125	548.613525390625	0.0	483.21551513671875	818.6741943359375	0.0	0.0	0.0	0.0	0.0	0.0	0.0	0.0	0.0	0.0	0.0	0.0	0.0	67.96043395996094	40.73103713989258	0.0	16.436203002929688	505.0334777832031	560.0068969726562	0.0	0.0	1095.409912109375	944.4512939453125	284.90411376953125	351.4555969238281	197.02845764160156	0.0	0.0	211.04190063476562	0.0	0.0	224.46746826171875	79.31971740722656	263.48394775390625	160.5675506591797	65.35113525390625	119.22281646728516	79.2085189819336	104.40840911865234	71.59867095947266	0.0	346.54925537109375	241.82037353515625	0.0	0.0	238.1858367919922	95.68802642822266	99.97490692138672	0.0	44.979408264160156	0.0	0.0	0.0	876.954345703125	826.1570434570312	0.0	613.8017578125	312.74542236328125	219.61488342285156	182.93310546875	551.4822998046875	54.38518524169922	0.0	728.0733032226562	327.9961853027344	154.83221435546875	244.36782836914062	387.6806335449219	204.30625915527344	315.5057678222656	313.3602294921875	283.19647216796875	22.63108253479004	0.0	0.0	0.0	0.0	11.763087272644043	54.89379119873047	0.0	0.0
490.69549560546875	218.56747436523438	0.0	241.79725646972656	349.9397888183594	701.97216796875	415.98382568359375	0.0	167.52035522460938	0.0	0.0	0.0	239.57188415527344	566.4064331054688	532.658447265625	0.0	129.19358825683594	224.64537048339844	0.0	104.41560363769531	366.68017578125	73.308349609375	448.09625244140625	145.65164184570312	198.1091766357422	121.73230743408203	341.19091796875	177.6909637451172	0.0	20.51462173461914	315.41845703125	538.4199829101562	73.97209930419922	85.44479370117188	233.37911987304688	195.98931884765625	477.1877746582031	491.2906188964844	30.8726806640625	0.0	16.1394100189209	22.662128448486328	41.39901351928711	0.0	330.7202453613281	215.90097045898438	0.0	0.0	239.59320068359375	0.0	927.243896484375	833.7348022460938	288.9314270019531	0.0	424.0370788574219	799.0328979492188	0.0	0.0	726.4064331054688	682.6597900390625	133.60418701171875	91.38954162597656	532.2385864257812	541.1439208984375	365.88641357421875	0.0	94.9666748046875	0.0	527.3170776367188	0.0	0.0	0.0	0.0	0.0	308.84637451171875	0.0	0.0	0.0	718.8428344726562	0.0	0.0	31.377063751220703	13.1616849899292	0.0	7.11604642868042	137.54315185546875	0.0	0.0	0.0	25.573162078857422	0.0	0.0	174.04798889160156	192.55935668945312	0.0	0.0	0.0	0.0	81.86164093017578	0.0	0.0	0.0	428.78887939453125	351.92718505859375	59.321693420410156	4.701126575469971	183.94119262695312	168.50563049316406	262.7793884277344	184.62315368652344	123.76720428466797	214.79916381835938	0.0	21.57377052307129	210.57310485839844	51.145851135253906	17.138139724731445	81.19499206542969	179.85076904296875	75.53424072265625	37.15652084350586	85.71138763427734	84.75732421875	22.22742462158203	12.681941032409668	50.04016876220703	29.055334091186523	26.133329391479492	51.4989013671875	0.0	0.0	86.54215240478516	10.45590591430664	0.0	0.0	0.0	0.0	0.0	0.0	257.3434753417969	0.0	214.36111450195312	213.43701171875	298.640625	100.13020324707031	255.27203369140625	481.1836242675781	0.0	347.2319030761719	0.0	144.28697204589844	366.39654541015625	856.681640625	454.86004638671875	254.96771240234375	25.105634689331055	0.0	0.0	0.0	0.0	826.9559936523438	671.5380859375	619.890380859375	578.986572265625	255.03543090820312	0.0	522.2420043945312	285.7347412109375	39.44624328613281	155.48114013671875	332.9593505859375	572.3307495117188	0.0	0.0	766.710693359375	594.7451171875	0.0	0.0	0.0	0.0	0.0	0.0	0.0	0.0	0.0	0.0	0.0	0.0	0.0	0.0	0.0	0.0	286.5899353027344	305.0054931640625	167.85577392578125	127.40454864501953	991.7493896484375	982.7177124023438	0.0	107.82198333740234	517.4526977539062	318.4132385253906	0.0	109.99457550048828	0.0	0.0	0.0	309.6884765625	234.48294067382812	230.12791442871094	112.79130554199219	68.5865249633789	235.9191131591797	276.9712829589844	0.0	0.0	115.84748840332031	0.0	0.0	33.770713806152344	200.38418579101562	181.80303955078125	0.0	1.6794105768203735	139.89535522460938	393.0328063964844	0.0	228.2589874267578	745.4666137695312	841.510009765625	0.0	464.7835998535156	246.8365020751953	142.39927673339844	42.753623962402344	539.1527099609375	57.092063903808594	0.0	0.0	602.0127563476562	115.18626403808594	79.93046569824219	149.6881561279297	292.33245849609375	224.02268981933594	229.68191528320312	95.3530502319336	36.40186309814453	0.0	0.0	59.131900787353516	70.0482406616211	32.243431091308594	322.18109130859375	143.7437286376953	47.6406135559082
0.0	0.0	0.0	303.84234619140625	552.8916015625	739.970703125	660.3209838867188	0.0	164.74533081054688	117.55760192871094	0.0	0.0	574.955078125	799.684326171875	713.1543579101562	0.0	149.4100341796875	143.7209014892578	0.0	135.7662353515625	8.33729362487793	0.0	377.9508056640625	447.5328674316406	210.2528076171875	111.72232055664062	110.46688842773438	159.70523071289062	81.04238891601562	196.99574279785156	428.651611328125	234.1510009765625	0.0	0.0	333.1396789550781	339.25531005859375	409.6741027832031	475.49285888671875	302.19134521484375	0.0	0.0	0.0	122.12371063232422	85.2052230834961	605.7420654296875	655.7650146484375	424.59088134765625	35.7789192199707	0.0	142.72474670410156	1152.047119140625	1182.0732421875	123.31340789794922	156.0602264404297	312.5352478027344	681.0150146484375	0.0	0.0	1022.2948608398438	488.2268371582031	80.6623764038086	75.79598236083984	674.7921142578125	550.66748046875	79.8482437133789	0.0	0.0	0.0	0.0	0.0	0.0	0.0	119.80903625488281	0.0	7.768245697021484	0.0	0.0	0.0	0.0	0.0	0.0	0.0	0.0	0.0	318.4627685546875	250.72264099121094	0.0	0.0	0.0	0.0	0.0	0.0	146.58990478515625	0.0	0.0	0.0	0.0	0.0	0.0	0.0	0.0	0.0	279.96307373046875	364.35528564453125	0.0	0.0	107.62027740478516	214.42593383789062	0.0	0.0	343.78802490234375	280.02423095703125	0.0	226.4853973388672	369.291259765625	28.816747665405273	0.0	0.0	169.13592529296875	87.83389282226562	0.0	207.7235565185547	182.5222930908203	68.15338897705078	0.0	94.94416809082031	262.9669189453125	61.76308822631836	0.0	0.0	0.0	8.76994514465332	0.0	0.0	0.0	0.0	0.0	15.819659233093262	108.22180938720703	57.57353210449219	0.0	0.0	0.0	0.0	415.4662170410156	1006.3533935546875	1089.3271484375	368.5760192871094	0.0	0.0	79.58592224121094	361.5120849609375	331.14825439453125	577.5372314453125	554.08837890625	0.0	490.8466491699219	240.47274780273438	164.6407470703125	11.749176979064941	330.2588806152344	207.04251098632812	502.46331787109375	914.835205078125	0.0	0.0	710.1521606445312	806.4663696289062	307.9206237792969	272.10223388671875	407.6322326660156	547.3502807617188	249.06488037109375	0.0	241.50067138671875	386.4911193847656	0.0	0.0	0.0	0.0	41.00934982299805	0.0	0.0	0.0	0.0	0.0	0.0	0.0	0.0	0.0	0.0	0.0	252.14064025878906	605.586181640625	449.2369384765625	188.25347900390625	167.38369750976562	418.2044372558594	180.77928161621094	73.98702239990234	0.0	163.4755096435547	0.0	147.3216094970703	699.9361572265625	1279.3438720703125	1021.1326293945312	449.1787414550781	2.2115581035614014	151.41323852539062	112.69888305664062	0.0	464.1622009277344	418.5042419433594	0.0	0.0	118.51263427734375	189.8709259033203	0.0	0.0	352.8102111816406	325.77874755859375	106.13597106933594	43.412078857421875	134.72007751464844	309.0614318847656	0.0	157.44927978515625	135.1230926513672	252.3385009765625	0.0	427.0972595214844	52.69407653808594	494.3153076171875	0.0	481.47247314453125	155.2137908935547	666.8926391601562	0.0	367.9490661621094	109.13089752197266	21.842029571533203	301.0833740234375	380.5047302246094	74.16773986816406	230.5345916748047	202.21791076660156	0.0	262.8656005859375	143.6016082763672	230.27777099609375	244.7804718017578	60.884368896484375	325.8697509765625	237.30316162109375	195.25567626953125
431.2580871582031	416.3854064941406	92.44345092773438	55.82038497924805	663.2809448242188	853.2501831054688	310.7740478515625	46.673954010009766	91.02137756347656	0.0	0.0	147.7497100830078	841.9458618164062	1046.028076171875	964.3274536132812	0.0	126.81581115722656	14.39551830291748	204.80686950683594	144.5199737548828	246.20150756835938	231.44639587402344	345.7213134765625	308.43280029296875	28.969417572021484	0.0	0.0	70.273193359375	0.0	189.89549255371094	283.2768249511719	411.6732177734375	256.2190246582031	244.10903930664062	0.0	115.17570495605469	545.0990600585938	528.8684692382812	309.38604736328125	34.65828323364258	178.27244567871094	61.115440368652344	367.73040771484375	216.46835327148438	674.1063842773438	659.2017822265625	91.51891326904297	0.0	94.9639892578125	18.30739402770996	741.4230346679688	967.1691284179688	0.0	0.0	183.4416961669922	7.5124006271362305	0.0	0.0	1044.1673583984375	657.8549194335938	515.2113037109375	0.0	549.4847412109375	602.0320434570312	0.0	0.0	110.3472671508789	0.0	0.0	0.0	0.0	0.0	0.0	0.0	0.0	0.0	0.0	0.0	269.4474182128906	0.0	0.0	89.1817855834961	0.0	0.0	290.5963439941406	236.5471649169922	0.0	0.0	147.3731689453125	137.04249572753906	0.0	0.0	162.0734100341797	207.98162841796875	0.0	0.0	0.0	0.0	0.0	68.98350524902344	0.0	78.28036499023438	440.7783203125	385.0948791503906	0.0	0.0	437.584228515625	234.8826904296875	102.85938262939453	204.57894897460938	315.3841247558594	221.26634216308594	0.0	42.42572021484375	175.2373809814453	62.68846893310547	0.0	78.80990600585938	25.774860382080078	83.01739501953125	0.0	105.61530303955078	210.21400451660156	65.32299041748047	0.0	0.0	23.050457000732422	0.0	0.0	58.86162567138672	50.955631256103516	0.0	0.0	0.0	0.0	0.0	0.0	0.0	0.0	14.674235343933105	0.0	0.0	270.6306457519531	112.27469635009766	347.7812194824219	493.1571960449219	302.7608947753906	208.18490600585938	88.07376098632812	43.21379852294922	0.0	0.0	227.65106201171875	178.48114013671875	683.1541748046875	168.0636444091797	272.13140869140625	0.0	7.298840045928955	176.68902587890625	139.8497314453125	223.14170837402344	1164.1199951171875	925.164306640625	138.10589599609375	122.01202392578125	666.1090087890625	190.71920776367188	199.4467315673828	0.0	39.25141525268555	434.4485778808594	0.0	0.0	489.02899169921875	517.34375	28.916946411132812	0.0	0.0	0.0	0.0	0.0	0.0	0.0	0.0	0.0	0.0	0.0	0.0	0.0	0.0	0.0	531.6532592773438	666.4180297851562	356.7733459472656	228.4457244873047	696.3109130859375	908.9968872070312	290.0610046386719	194.6322784423828	0.0	0.0	0.0	82.08670806884766	798.3754272460938	803.3632202148438	279.2146301269531	186.00186157226562	161.3655548095703	160.83607482910156	147.18991088867188	0.0	178.53933715820312	154.77268981933594	0.0	23.039339065551758	184.84056091308594	0.0	108.13719940185547	152.55230712890625	309.6960754394531	211.79339599609375	16.929515838623047	3.4664273262023926	0.0	179.85760498046875	22.564102172851562	222.66294860839844	206.40164184570312	488.662109375	108.06717681884766	580.2343139648438	360.7344970703125	285.467041015625	32.36418151855469	376.3023376464844	274.5499572753906	272.7020568847656	0.0	409.4444580078125	76.64759826660156	262.1759948730469	119.94355010986328	91.3532943725586	136.42135620117188	170.30943298339844	216.49464416503906	180.1230926513672	74.59950256347656	0.0	0.0	242.60888671875	307.5459289550781	638.96826171875	372.9662170410156	22.700450897216797
237.56692504882812	741.0144653320312	574.2991943359375	647.3489379882812	9.059618949890137	693.61865234375	708.9961547851562	0.0	0.0	80.3462905883789	0.0	0.0	248.5490264892578	121.07803344726562	0.0	76.97905731201172	71.77442932128906	28.336078643798828	83.78550720214844	74.31204986572266	115.10037994384766	428.53668212890625	178.2403106689453	310.4290771484375	277.16180419921875	166.49754333496094	576.2064819335938	305.6127014160156	237.25302124023438	412.2853698730469	253.66864013671875	169.95606994628906	29.040651321411133	196.58602905273438	470.33941650390625	259.7870178222656	100.69987487792969	490.7588806152344	244.45877075195312	38.677642822265625	0.0	263.8372802734375	112.87019348144531	70.67654418945312	36.54762649536133	0.0	93.90444946289062	100.15748596191406	71.62487030029297	261.05328369140625	545.9999389648438	618.69873046875	319.7589416503906	500.6800231933594	391.20794677734375	619.6712646484375	58.938926696777344	806.6669311523438	145.7493133544922	199.1360626220703	0.0	474.89630126953125	47.03184509277344	0.0	0.0	94.21941375732422	0.0	0.0	589.0552978515625	129.0035400390625	0.0	0.0	359.14093017578125	0.0	0.0	0.0	264.0397644042969	624.5640258789062	0.0	0.0	146.56631469726562	125.84774780273438	0.0	0.0	0.0	43.86415481567383	63.731239318847656	0.0	0.0	0.0	0.0	0.0	236.25619506835938	0.0	0.0	0.0	0.0	0.0	0.0	0.0	0.0	0.0	0.0	362.542724609375	0.0	54.09617233276367	148.36167907714844	427.7101745605469	0.0	205.90476989746094	420.2909851074219	180.6467742919922	43.6716194152832	9.184651374816895	29.903165817260742	42.33306884765625	45.2395133972168	0.0	109.79063415527344	102.27884674072266	113.1201171875	37.06312561035156	0.0	12.834078788757324	0.0	11.50268840789795	30.99958610534668	17.389204025268555	35.787940979003906	48.87694549560547	0.0	0.0	0.0	83.7753677368164	0.0	0.0	0.0	0.0	0.0	0.0	0.0	188.71768188476562	0.0	23.13517951965332	0.0	358.01513671875	768.7570190429688	53.23634719848633	0.0	0.0	420.2218933105469	475.03912353515625	435.9299621582031	852.2962036132812	0.0	112.05615997314453	0.0	203.4419403076172	0.0	61.084068298339844	225.5786895751953	933.7384033203125	162.336181640625	317.7828674316406	329.3370666503906	563.1216430664062	621.4976196289062	805.432861328125	74.38622283935547	839.3363037109375	730.9132690429688	0.0	263.2921142578125	811.7267456054688	258.1384582519531	0.0	51.30791473388672	0.0	0.0	0.0	88.22540283203125	0.0	0.0	0.0	7.267939567565918	0.0	0.0	0.0	48.33926010131836	0.0	0.0	0.0	0.0	441.580810546875	428.81634521484375	382.9380187988281	0.0	576.3591918945312	79.42655944824219	0.0	0.0	695.8367919921875	276.8808288574219	234.5034942626953	0.0	0.0	64.7837142944336	0.0	162.6900177001953	207.6091766357422	171.54318237304688	52.600181579589844	0.0	0.0	0.0	0.0	179.4167938232422	417.3164367675781	124.13043212890625	0.0	0.0	0.0	0.0	0.0	0.0	0.0	26.567337036132812	100.22562408447266	0.0	1042.8338623046875	216.86851501464844	93.95711517333984	21.869373321533203	406.46185302734375	465.5877380371094	52.55592727661133	42.2867431640625	410.7905578613281	764.7623291015625	0.0	85.50920867919922	64.47870635986328	407.3759765625	469.7941589355469	180.39947509765625	238.80398559570312	0.0	0.0	151.9000701904297	182.2586669921875	0.0	46.06266403198242	160.38253784179688	0.0	21.058853149414062	0.0
0.0	0.0	42.556575775146484	0.0	0.0	0.0	0.0	0.0	0.0	36.15604019165039	0.0	0.0	191.0455322265625	58.73026657104492	0.0	5.386346817016602	0.0	69.03746032714844	257.9461669921875	323.1726989746094	0.0	57.095985412597656	524.3614501953125	228.59779357910156	59.133419036865234	265.7209777832031	543.529541015625	116.2457275390625	134.1118621826172	509.69622802734375	336.90289306640625	119.17729949951172	0.0	0.0	0.0	0.0	0.0	0.0	0.0	0.0	0.0	0.0	0.0	23.162567138671875	9.795332908630371	0.0	13.943374633789062	22.14019203186035	16.67612075805664	0.0	769.8497314453125	431.6578674316406	13.963861465454102	215.15432739257812	444.3031311035156	80.56350708007812	0.0	346.55255126953125	213.86404418945312	0.0	92.65198516845703	220.01744079589844	4.959704875946045	0.0	0.0	0.0	803.140869140625	0.0	0.0	705.338134765625	1114.81982421875	0.0	0.0	1048.7008056640625	521.466552734375	0.0	618.0518188476562	916.8574829101562	0.0	0.0	0.0	35.849578857421875	0.0	0.0	0.0	48.796573638916016	0.0	0.0	77.49894714355469	0.0	0.0	0.0	71.4072265625	0.0	0.0	0.0	0.0	0.0	0.0	132.71109008789062	0.0	0.0	39.57865905761719	207.1226348876953	0.0	0.0	240.22579956054688	202.41592407226562	0.0	127.33395385742188	251.38018798828125	90.59095764160156	41.175472259521484	57.761558532714844	62.43101119995117	0.0	64.4848403930664	33.931026458740234	0.0	1.8091689348220825	60.02470397949219	0.0	0.0	6.7152018547058105	32.46778106689453	0.0	16.07793426513672	0.0	0.0	0.0	338.0895690917969	156.78448486328125	0.0	0.0	343.3709716796875	0.0	2.5231568813323975	254.1969451904297	309.8978271484375	0.0	9.511978149414062	169.8437042236328	0.0	0.0	0.4301222264766693	0.0	111.33320617675781	0.0	0.0	0.0	0.0	0.0	0.0	0.0	0.0	0.0	0.0	0.0	0.0	6.344995021820068	0.0	0.0	829.2438354492188	594.3876342773438	0.0	575.7821655273438	993.0927124023438	0.0	0.0	1075.127685546875	786.837890625	0.0	479.8210754394531	968.2971801757812	0.0	0.0	0.0	100.8917236328125	0.0	0.0	53.5224494934082	98.53831481933594	0.0	0.0	78.1456298828125	0.0	0.0	65.33981323242188	125.3556900024414	0.0	0.0	60.272178649902344	0.0	0.0	0.0	226.3056182861328	0.0	0.0	210.3645477294922	308.9241027832031	0.0	0.0	313.96588134765625	198.96006774902344	225.59881591796875	425.8543701171875	345.9471740722656	0.0	0.33833637833595276	0.0	23.5242977142334	59.7392692565918	0.0	0.0	0.0	0.0	0.0	0.0	0.0	0.0	0.0	0.0	0.0	12.807936668395996	8.377083778381348	0.0	41.554771423339844	636.6561889648438	0.0	0.0	690.0743408203125	663.6097412109375	0.0	0.0	718.2296142578125	238.22311401367188	0.0	743.1268310546875	683.1304931640625	0.0	21.651168823242188	139.18136596679688	37.8642692565918	0.0	81.0608139038086	148.63571166992188	0.0	3.2020998001098633	168.947265625	158.79580688476562	1.9034661054611206	0.0	219.81935119628906	81.22138214111328	30.426515579223633	0.0
634.9656982421875	909.4588623046875	528.2928466796875	487.8200988769531	47.27988815307617	239.2032928466797	296.5923767089844	0.0	374.6961669921875	698.9885864257812	180.61158752441406	36.83794021606445	107.5985336303711	0.0	0.0	0.0	103.47856903076172	209.5655059814453	94.01590728759766	115.84906005859375	312.1239929199219	216.62139892578125	176.3929901123047	352.1045227050781	390.84893798828125	130.4597625732422	600.5405883789062	235.8240203857422	249.04913330078125	157.3680877685547	138.6392059326172	115.25218963623047	84.04230499267578	222.78652954101562	446.05108642578125	192.49562072753906	124.949951171875	173.44357299804688	37.23180389404297	86.50169372558594	538.8406982421875	539.3958129882812	166.45091247558594	0.0	231.4973907470703	168.4418487548828	67.0096664428711	0.0	246.7530975341797	284.63165283203125	931.1005249023438	728.1015625	77.81495666503906	0.0	919.7105102539062	798.9706420898438	451.7876892089844	0.0	490.85614013671875	38.43819808959961	0.0	0.0	772.5716552734375	65.16213989257812	0.0	0.0	0.0	0.0	633.8279418945312	0.0	117.51324462890625	0.0	341.2484130859375	0.0	571.4611206054688	0.0	22.176204681396484	0.0	528.3831787109375	0.0	222.31944274902344	87.21768188476562	0.0	0.0	0.0	159.57107543945312	0.0	0.0	80.07034301757812	0.0	0.0	0.0	106.5431137084961	73.29652404785156	0.0	0.0	0.0	0.0	87.4939193725586	0.0	0.0	0.0	65.36859893798828	361.41802978515625	0.0	0.0	259.07891845703125	347.2217102050781	110.43925476074219	42.27821731567383	408.2369079589844	168.2689971923828	53.092350006103516	13.011176109313965	106.86123657226562	7.2444353103637695	0.0	88.43894958496094	206.21307373046875	87.62908172607422	37.3001594543457	66.87355041503906	0.0	0.0	0.0	118.32506561279297	112.2928237915039	0.0	146.5979461669922	111.01715850830078	0.0	0.0	0.0	0.0	109.64368438720703	0.0	50.3975830078125	0.0	140.36863708496094	0.0	0.0	0.0	139.22164916992188	0.0	114.30243682861328	92.73332977294922	505.1798400878906	0.0	0.0	0.0	584.3038940429688	479.40582275390625	945.4696044921875	341.5305480957031	0.0	0.0	224.4471435546875	304.5726318359375	258.0993347167969	0.0	660.8671264648438	915.8687744140625	87.9122543334961	444.6081237792969	907.7935180664062	285.78448486328125	927.6687622070312	747.1920166015625	196.9742431640625	66.7171401977539	182.3044891357422	18.4410343170166	76.55770874023438	117.66923522949219	394.68145751953125	231.9498291015625	28.364416122436523	0.0	0.0	0.0	0.0	0.0	0.0	0.0	0.0	0.0	0.0	0.0	0.0	0.0	0.0	0.0	453.880126953125	414.6380920410156	362.6667785644531	295.04986572265625	0.0	0.0	0.0	198.54306030273438	782.0865478515625	825.8409423828125	265.9989013671875	335.827392578125	0.0	0.0	84.38513946533203	152.7374725341797	156.3236541748047	191.47755432128906	137.74591064453125	112.31090545654297	11.511795043945312	0.0	0.0	0.0	311.9889221191406	195.7773895263672	78.35260772705078	28.406646728515625	0.0	0.0	43.63699722290039	58.499752044677734	0.0	0.0	0.0	231.7598419189453	360.8583068847656	851.1583251953125	1.3326268196105957	344.976806640625	497.8583984375	684.1318359375	472.0513000488281	655.6494750976562	197.72802734375	323.54876708984375	350.1648864746094	575.90380859375	172.38525390625	130.5688934326172	299.9944152832031	359.5098571777344	63.903961181640625	114.1092758178711	0.0	0.0	131.8992462158203	361.2391662597656	123.62957763671875	11.380056381225586	0.0	0.0	133.72772216796875	11.217042922973633
0.0	52.831703186035156	0.0	0.0	0.0	106.05126190185547	279.6732177734375	387.8878173828125	151.30877685546875	443.1529541015625	338.3450927734375	70.88001251220703	153.30641174316406	164.6548309326172	311.4136657714844	0.0	63.80750274658203	326.9228210449219	571.730224609375	0.0	106.36125946044922	360.49139404296875	0.0	178.4374542236328	331.98333740234375	550.1554565429688	619.3180541992188	186.57266235351562	303.74365234375	290.99102783203125	573.2686157226562	227.62054443359375	0.0	0.0	0.0	30.79096031188965	0.0	0.0	120.18335723876953	195.05027770996094	58.12742614746094	166.6630096435547	0.0	63.534236907958984	0.0	314.2475280761719	378.3419189453125	111.15962982177734	0.0	289.1823425292969	0.0	88.37191772460938	234.05612182617188	316.4240417480469	450.2299499511719	223.14781188964844	466.6153259277344	342.21026611328125	616.4476928710938	892.867919921875	0.0	99.44611358642578	0.0	227.2296600341797	0.0	993.5457763671875	270.99188232421875	0.0	940.653076171875	1061.08837890625	0.0	0.0	867.776611328125	0.0	0.0	0.0	117.26587677001953	0.0	0.0	0.0	1.3534009456634521	0.0	0.0	0.0	0.0	0.0	0.0	0.0	0.0	0.0	0.0	0.0	2.267152786254883	0.0	0.0	0.0	0.0	0.0	312.6308288574219	168.621826171875	0.0	0.0	214.65232849121094	32.79825210571289	0.0	0.0	0.0	0.0	0.0	0.0	79.27840423583984	323.5205078125	73.96723937988281	0.0	0.0	22.89573097229004	19.090801239013672	29.475271224975586	6.118567943572998	12.762834548950195	7.373651027679443	74.75603485107422	135.6501007080078	41.86518478393555	0.0	0.0	12.701725006103516	133.05459594726562	0.0	71.36953735351562	99.70376586914062	0.0	0.0	301.8407897949219	0.0	209.22708129882812	16.376155853271484	386.8364562988281	12.50516414642334	6.489908695220947	0.0	0.0	0.0	0.0	0.0	0.0	0.0	34.46701431274414	0.0	0.0	0.0	0.0	0.0	0.0	278.74505615234375	73.15377807617188	173.43785095214844	987.4403076171875	384.8709716796875	134.59988403320312	60.94499206542969	1144.585693359375	792.4334106445312	0.0	465.6015319824219	881.1375122070312	253.63088989257812	319.5651550292969	246.11297607421875	277.4404602050781	536.3819580078125	589.8098754882812	250.07272338867188	150.16294860839844	260.4835205078125	0.0	90.19132995605469	0.0	0.0	2.073936700820923	106.98609161376953	0.0	0.0	0.0	57.243263244628906	0.0	0.0	0.0	0.0	0.0	0.0	0.0	0.0	0.0	243.49978637695312	166.67225646972656	0.0	0.0	0.0	0.0	137.5128173828125	889.5091552734375	568.60791015625	357.1705017089844	531.287841796875	1355.36328125	1279.3248291015625	438.2759094238281	13.197608947753906	0.0	0.0	0.0	0.0	84.03142547607422	58.346092224121094	43.84965515136719	0.0	216.26673889160156	111.29974365234375	0.5971715450286865	0.0	0.0	0.0	0.0	0.0	229.31927490234375	758.9393920898438	215.8033447265625	0.0	712.1420288085938	508.4936218261719	57.657466888427734	0.0	629.0176391601562	153.3762664794922	286.2867736816406	112.57096862792969	569.9103393554688	507.23052978515625	324.2071533203125	113.5276107788086	99.102783203125	30.68729591369629	34.37026596069336	204.26576232910156	91.18695831298828	216.11000061035156	271.0553283691406	217.1634063720703	386.53741455078125	226.17572021484375	135.1932373046875	84.61005401611328	243.09161376953125	276.2286376953125	40.17969512939453
0.0	0.0	0.0	0.0	0.0	0.0	0.0	37.06412887573242	0.0	0.0	0.0	65.448974609375	5.620523452758789	39.05546951293945	7.297389030456543	189.26951599121094	251.30552673339844	188.5245361328125	19.833715438842773	67.13717651367188	181.71983337402344	264.972412109375	24.640687942504883	121.7530746459961	39.37443161010742	254.61172485351562	68.9367904663086	62.3260612487793	0.0	302.80572509765625	201.1989288330078	102.1319808959961	0.0	82.44017028808594	0.0	3.2932701110839844	11.419838905334473	0.0	90.35002136230469	0.0	47.71979904174805	0.0	149.0348358154297	0.0	56.51976776123047	0.0	177.236083984375	169.04347229003906	0.0	1274.666015625	532.4994506835938	0.0	0.0	1020.0215454101562	1093.579345703125	0.0	0.0	287.2134094238281	1201.646728515625	0.0	0.0	0.0	1096.3074951171875	454.6683349609375	38.58308410644531	772.9359741210938	0.0	48.64509963989258	0.0	607.918212890625	0.0	34.743560791015625	0.0	497.5228576660156	0.0	0.0	0.0	222.06057739257812	203.55699157714844	0.0	62.67607498168945	0.0	0.0	0.0	132.85667419433594	0.0	0.0	0.0	169.73118591308594	0.0	0.0	0.0	132.7481231689453	125.6439437866211	0.0	0.0	0.0	274.3670349121094	71.24213409423828	25.68436622619629	0.0	420.856201171875	228.90101623535156	81.65565490722656	0.0	198.6055145263672	429.47552490234375	103.96821594238281	17.249011993408203	0.0	330.46527099609375	85.74784851074219	202.3118133544922	127.61302185058594	32.263362884521484	0.0	0.0	158.17994689941406	47.96949005126953	0.0	0.0	160.67803955078125	60.69418716430664	0.0	9.347461700439453	161.0683135986328	122.12169647216797	42.81898880004883	0.0	77.5480728149414	0.0	0.0	0.0	60.49749755859375	0.0	0.0	0.0	0.0	0.0	0.0	1.7770220041275024	0.0	0.0	0.0	42.71797561645508	474.7237243652344	0.0	0.0	0.0	450.8598327636719	235.39556884765625	0.0	0.0	204.62606811523438	574.3138427734375	0.0	0.0	0.0	811.5185546875	35.789207458496094	20.69276237487793	461.9720458984375	528.8489379882812	0.0	0.0	93.36321258544922	355.95306396484375	0.0	0.0	80.4992446899414	358.53515625	217.3338623046875	0.0	94.56773376464844	68.79336547851562	209.7539825439453	70.38711547851562	0.0	0.0	0.0	9.851771354675293	0.0	0.0	0.0	0.0	0.0	0.0	0.0	0.0	0.0	0.0	0.0	0.0	0.0	255.3798065185547	0.0	0.0	0.0	200.04637145996094	0.0	0.0	0.0	195.26441955566406	73.94357299804688	0.0	0.0	390.1946716308594	487.35174560546875	0.0	24.672483444213867	42.67514419555664	20.030515670776367	0.0	0.0	81.73821258544922	47.495140075683594	0.0	0.0	39.148963928222656	68.59407806396484	28.41382598876953	0.0	0.0	72.34546661376953	116.14513397216797	201.51287841796875	793.3451538085938	0.0	102.8958740234375	0.0	724.553466796875	62.68545913696289	140.35647583007812	4.699812412261963	778.5355224609375	451.66802978515625	114.361328125	131.27117919921875	427.3236389160156	668.3020629882812	116.30179595947266	117.29234313964844	211.27491760253906	63.23295211791992	190.74061584472656	25.690807342529297	250.20599365234375	59.648277282714844	163.7688751220703	105.9232177734375	280.3413391113281	137.0260467529297	63.28947067260742	142.3021697998047	217.80697631835938	329.7541809082031
0.0	0.0	241.4728546142578	244.5404815673828	0.0	0.0	318.3529357910156	45.76096725463867	57.876529693603516	0.0	0.0	0.0	79.26123809814453	0.0	0.0	120.6973648071289	152.07310485839844	57.62858963012695	0.0	121.11785125732422	244.37770080566406	354.1361083984375	407.67376708984375	272.7194519042969	335.3714294433594	114.97637176513672	513.4534912109375	197.19078063964844	42.28019332885742	77.61998748779297	367.0521545410156	85.89168548583984	0.0	0.0	81.89643096923828	0.0	0.0	159.8426513671875	0.0	0.0	0.0	108.62779235839844	7.629025459289551	0.0	182.80792236328125	124.50350952148438	151.29864501953125	19.68212890625	595.7279052734375	1056.3131103515625	668.6277465820312	314.7583923339844	289.2535400390625	841.4763793945312	863.412353515625	580.8284912109375	0.0	158.2691650390625	500.3716735839844	312.5711364746094	7.309731483459473	0.0	725.2357788085938	81.93690490722656	811.121337890625	264.53271484375	561.5313110351562	37.61588668823242	958.5687866210938	0.0	770.3211059570312	0.0	538.828857421875	0.0	449.81463623046875	0.0	0.0	0.0	289.4149475097656	0.0	0.0	0.0	0.0	0.0	0.0	0.0	0.0	0.0	6.1761555671691895	0.0	0.0	0.0	165.3961639404297	198.48670959472656	0.0	0.0	106.6626968383789	5.490328788757324	103.97982788085938	37.085628509521484	41.706817626953125	45.63203430175781	19.18290138244629	74.7662124633789	0.0	0.0	107.73711395263672	168.9651336669922	19.22840118408203	0.0	423.6989440917969	325.5101318359375	156.7679901123047	129.55650329589844	0.0	27.462722778320312	19.85215950012207	131.653564453125	92.92509460449219	9.647549629211426	43.80070495605469	60.50611877441406	9.169397354125977	0.0	0.0	70.96078491210938	95.11237335205078	19.599456787109375	0.0	99.32698822021484	0.0	182.2078094482422	0.0	243.07711791992188	242.92227172851562	303.5198669433594	0.0	0.0	115.30448150634766	0.0	0.0	0.0	94.20909118652344	0.0	362.8722229003906	99.19072723388672	0.0	0.0	0.0	0.0	38.301605224609375	0.0	114.32398223876953	728.4336547851562	376.48382568359375	0.0	0.0	0.0	87.31232452392578	0.0	322.4869079589844	471.10113525390625	283.8388671875	552.3010864257812	302.3064880371094	105.84780883789062	460.45733642578125	634.7198486328125	354.1518249511719	0.0	704.5455932617188	367.1922912597656	0.0	0.0	523.5969848632812	305.3651123046875	119.71280670166016	0.0	0.0	0.0	81.7119140625	0.0	0.0	0.0	0.0	0.0	0.0	0.0	0.0	0.0	0.0	0.0	0.0	0.0	0.0	30.685678482055664	48.0135612487793	700.9056396484375	428.99755859375	389.7440490722656	192.9895782470703	584.2593383789062	328.6208801269531	465.6577453613281	0.0	0.0	161.69252014160156	421.6500549316406	89.26982116699219	36.64137268066406	73.30986785888672	135.38131713867188	0.0	0.0	0.0	8.196941375732422	0.0	0.0	0.42581474781036377	30.502450942993164	219.77064514160156	101.31348419189453	10.7216796875	32.45577621459961	0.0	675.59619140625	0.0	349.4552001953125	0.0	951.9017333984375	157.8880615234375	697.5007934570312	208.23936462402344	408.6095275878906	158.66275024414062	702.261474609375	182.49183654785156	227.0351104736328	289.1158142089844	708.84912109375	170.4769287109375	155.0679473876953	140.31625366210938	151.23117065429688	190.141357421875	775.526611328125	328.33001708984375	141.4171142578125	184.21798706054688	283.5431823730469	111.90817260742188	8.67131233215332	23.326416015625	0.0	157.67335510253906	252.8363037109375
25.628259658813477	191.979248046875	8.158835411071777	314.0679626464844	0.0	0.0	0.0	0.0	0.0	0.0	124.42969512939453	257.91143798828125	244.6637420654297	793.4390869140625	902.9724731445312	426.2215576171875	131.47628784179688	551.7724609375	227.35311889648438	20.48522186279297	277.9601745605469	370.75604248046875	117.47785186767578	104.15670776367188	279.46588134765625	311.6029357910156	101.04698944091797	320.8081970214844	358.6425476074219	256.2790832519531	341.65826416015625	531.688720703125	0.0	0.0	255.80946350097656	516.53369140625	0.0	24.361024856567383	91.19320678710938	116.25736999511719	0.0	0.0	0.0	0.0	178.06285095214844	518.6709594726562	448.4207458496094	36.32123947143555	14.76718521118164	259.03466796875	850.218994140625	1244.9915771484375	436.8723449707031	449.9278259277344	0.0	1241.1680908203125	644.0380249023438	305.4875793457031	0.0	1006.6385498046875	724.7528686523438	407.98248291015625	0.0	81.15241241455078	359.7793273925781	740.898681640625	0.0	0.0	1122.243408203125	852.8483276367188	0.0	28.59081268310547	1258.906982421875	0.0	0.0	790.929443359375	808.878662109375	0.0	0.41024526953697205	688.8046875	0.0	0.0	0.0	0.0	0.0	0.0	0.0	0.0	0.0	0.0	72.60841369628906	0.0	0.0	0.0	94.83594512939453	0.0	0.0	0.0	114.28030395507812	290.0997619628906	0.0	83.79161834716797	214.45535278320312	494.2501220703125	23.475370407104492	199.19345092773438	47.69511413574219	227.36170959472656	2.7967309951782227	0.0	0.0	154.74632263183594	69.44932556152344	76.29631042480469	266.26165771484375	98.34185028076172	0.0	0.0	310.9129638671875	232.5102081298828	0.0	30.663854598999023	0.0	98.46958923339844	54.2338981628418	81.72538757324219	0.0	0.0	0.0	89.1428451538086	0.0	0.0	49.994815826416016	289.46978759765625	0.0	34.335872650146484	235.940185546875	249.95700073242188	164.67884826660156	464.44580078125	202.0529022216797	11.7448148727417	0.0	31.15423583984375	0.0	153.97488403320312	870.8959350585938	669.3958740234375	0.0	0.0	188.61643981933594	968.5087890625	0.0	0.0	0.0	312.9469299316406	587.2503662109375	615.7664794921875	0.0	0.0	361.105224609375	1059.5977783203125	465.929931640625	392.802490234375	737.6026611328125	902.5712890625	0.0	480.7602844238281	804.2291870117188	610.8140869140625	0.0	777.7339477539062	361.473388671875	0.0	298.6341552734375	720.5841674804688	109.61041259765625	0.0	0.0	0.0	110.45365905761719	0.0	1.1410285234451294	0.0	0.0	0.0	0.0	0.0	0.0	0.0	35.71621322631836	0.0	0.0	591.8757934570312	711.0243530273438	367.3808898925781	0.0	35.27323913574219	0.0	0.0	0.0	11.7803316116333	0.0	0.0	1113.5521240234375	1649.0811767578125	1163.6798095703125	519.9512939453125	68.70069122314453	140.77821350097656	92.31170654296875	51.34912109375	0.0	9.723347663879395	0.0	98.89566040039062	0.0	144.77784729003906	0.0	0.0	137.63311767578125	221.7256622314453	0.0	0.0	0.0	719.5987548828125	564.4910278320312	246.71160888671875	0.0	1066.2642822265625	686.2633056640625	197.9986114501953	11.50168228149414	926.4906616210938	0.0	23.82200813293457	211.01901245117188	1017.011962890625	0.0	485.0973815917969	153.09922790527344	0.0	112.02009582519531	397.1063232421875	175.09530639648438	0.0	0.0	108.81066131591797	103.21743774414062	195.5383758544922	362.3473205566406	43.883201599121094	131.12155151367188	484.07867431640625	507.2663269042969	139.8579864501953
489.5981750488281	260.0888366699219	0.0	310.1508483886719	0.0	551.646240234375	377.7537536621094	0.0	145.9851837158203	160.30616760253906	171.39761352539062	0.0	92.13715362548828	100.73320770263672	28.455961227416992	0.0	203.33255004882812	384.6214599609375	0.0	96.53739929199219	185.43572998046875	193.38909912109375	467.6722717285156	339.3000183105469	425.97296142578125	0.0	515.3290405273438	248.77171325683594	194.831298828125	34.521846771240234	285.8594665527344	84.55854034423828	6.184126853942871	0.0	351.0585632324219	55.04042434692383	347.25836181640625	394.5797424316406	0.0	0.0	59.40330505371094	371.5215148925781	132.3883819580078	0.0	259.4490661621094	233.63919067382812	11.868317604064941	0.0	267.84716796875	44.16683578491211	1433.931396484375	476.1950378417969	976.4702758789062	313.6165771484375	1261.447265625	773.229736328125	532.0740356445312	343.61419677734375	793.693603515625	324.629150390625	0.0	0.0	981.0094604492188	216.33209228515625	661.8208618164062	0.0	0.0	0.0	889.9603271484375	0.0	174.88638305664062	0.0	379.03704833984375	0.0	742.0646362304688	0.0	0.0	0.0	503.56170654296875	0.0	0.0	0.0	0.0	0.0	0.0	0.0	0.0	0.0	0.0	0.0	0.0	0.0	233.28411865234375	167.06272888183594	0.0	0.0	0.0	0.0	204.95640563964844	0.0	103.54722595214844	0.0	190.32496643066406	172.4567108154297	13.363739967346191	0.0	62.43708419799805	197.07412719726562	0.0	41.57741165161133	359.9675598144531	267.38421630859375	0.0	249.37191772460938	136.4437713623047	0.0	38.01094436645508	111.7870864868164	187.2390594482422	16.55830955505371	81.37677764892578	31.46598243713379	4.026315212249756	18.797773361206055	0.0	143.1446533203125	167.2660675048828	40.1828727722168	0.0	0.0	0.0	14.595580101013184	89.9826431274414	0.0	294.2044982910156	0.0	0.0	0.0	229.7032012939453	0.0	0.0	0.0	104.47245025634766	0.0	54.88072204589844	336.0018310546875	794.3304443359375	0.0	0.0	0.0	675.796875	93.91874694824219	537.280029296875	1044.0577392578125	154.09030151367188	0.0	0.0	314.1439514160156	343.6781921386719	0.0	904.6550903320312	1003.8903198242188	458.2688903808594	763.2823486328125	301.5242004394531	0.0	751.073974609375	859.412841796875	305.7311096191406	0.0	720.726806640625	455.7898254394531	0.0	0.0	776.7535400390625	450.9983825683594	4.820290565490723	0.0	0.0	0.0	0.0	0.0	0.0	0.0	0.0	0.0	0.0	0.0	0.0	0.0	0.0	0.0	368.1192321777344	456.0058288574219	126.82071685791016	88.22279357910156	6.522503852844238	278.1777648925781	0.0	82.926025390625	718.1268920898438	984.326171875	254.49777221679688	252.8753204345703	0.0	0.0	215.5935821533203	430.89691162109375	199.30384826660156	212.5472412109375	46.17475128173828	82.94798278808594	0.0	90.4071273803711	56.78463363647461	13.744906425476074	177.00718688964844	58.520450592041016	0.0	0.0	27.76630973815918	0.0	0.0	0.0	0.0	623.5014038085938	44.793697357177734	242.14785766601562	226.4296417236328	1169.39990234375	0.0	535.1243896484375	73.6961898803711	525.135009765625	328.79620361328125	721.2386474609375	280.3232421875	281.455322265625	404.7789306640625	787.6826171875	70.02206420898438	0.0	293.9627685546875	248.70733642578125	84.49604034423828	572.3549194335938	93.06612396240234	0.0	15.028767585754395	492.9177551269531	275.2577819824219	46.65702438354492	24.908899307250977	0.0	166.29103088378906	218.0946044921875
46.54600143432617	563.6053466796875	341.21014404296875	0.0	490.0712585449219	673.21826171875	0.0	0.0	10.211333274841309	589.5330200195312	709.345947265625	461.10504150390625	341.48809814453125	727.1444702148438	877.5675659179688	925.548095703125	102.0822525024414	88.16167449951172	319.95916748046875	208.53073120117188	42.97520446777344	330.63800048828125	584.73388671875	56.58382797241211	244.8992919921875	439.06561279296875	0.0	0.0	456.23345947265625	245.3251190185547	181.24520874023438	210.05418395996094	252.2406768798828	240.42430114746094	0.0	0.0	154.63523864746094	87.05046844482422	10.942359924316406	86.91190338134766	106.05547332763672	381.3136901855469	291.54541015625	86.29650115966797	283.0607604980469	614.1526489257812	598.8499145507812	612.6800537109375	0.0	42.21730041503906	1337.1060791015625	288.5953369140625	75.05964660644531	48.27735900878906	0.0	76.72869110107422	455.1407165527344	236.3468780517578	0.0	0.0	519.7054443359375	302.9674072265625	0.0	88.57743835449219	110.49514770507812	0.0	104.793212890625	0.0	0.0	337.2196960449219	160.49656677246094	0.0	729.4932250976562	361.6999816894531	0.0	0.0	572.8756103515625	0.0	0.0	0.0	288.9349365234375	337.96502685546875	0.0	0.0	309.4792175292969	133.226318359375	0.0	0.0	0.0	0.0	0.0	0.0	0.0	0.0	0.0	73.32267761230469	0.0	0.0	178.44960021972656	229.04351806640625	0.0	0.0	358.2527160644531	359.3824768066406	0.0	42.563785552978516	256.7621154785156	178.02268981933594	0.0	0.0	0.0	0.0	0.0	340.739501953125	262.5787048339844	0.0	7.942269802093506	0.0	0.0	0.9381940960884094	0.0	86.49641418457031	72.72383117675781	0.0	39.306549072265625	20.050798416137695	32.58501052856445	0.0	0.0	47.49851989746094	68.3008041381836	0.0	149.5135040283203	150.70938110351562	0.0	0.0	28.29631996154785	132.4362335205078	0.0	186.16409301757812	49.263893127441406	0.0	0.0	0.0	0.0	455.5013427734375	765.8953857421875	0.0	0.0	0.0	0.0	48.97568130493164	0.0	0.0	0.0	53.628692626953125	812.1099853515625	951.7500610351562	602.6824951171875	616.028564453125	134.24423217773438	320.2773132324219	955.7427368164062	631.1604614257812	543.5322265625	1168.9652099609375	703.5928955078125	0.0	865.6536865234375	894.6951904296875	0.0	0.0	369.50732421875	36.736080169677734	147.53016662597656	121.22571563720703	0.0	0.0	0.0	0.0	38.7015380859375	0.0	0.0	0.0	0.0	0.0	0.0	0.0	0.0	0.0	0.0	0.0	0.0	0.0	0.0	219.23867797851562	0.0	95.68611907958984	260.78082275390625	362.1116638183594	0.0	241.83189392089844	0.0	0.0	1016.849853515625	1491.638671875	994.7955322265625	1305.613037109375	0.0	0.0	0.0	0.0	399.55926513671875	346.480712890625	0.0	0.0	0.0	0.0	0.0	23.216907501220703	178.97671508789062	289.7728576660156	216.90786743164062	216.9254608154297	97.60232543945312	369.1007995605469	0.0	513.7694091796875	0.0	152.33822631835938	400.9156799316406	436.685791015625	153.11065673828125	914.2116088867188	315.3314208984375	0.0	318.6822814941406	882.3992309570312	0.0	132.6566162109375	10.188162803649902	36.45663070678711	25.51968002319336	119.59580993652344	72.61638641357422	0.5438261032104492	81.65187072753906	65.72471618652344	137.5389404296875	238.7081756591797	282.2893981933594	206.04530334472656	90.15349578857422	233.02984619140625	322.1346435546875	516.6143188476562
281.42047119140625	286.5054626464844	133.17355346679688	445.8016357421875	114.48272705078125	650.374755859375	698.9475708007812	494.78375244140625	57.326026916503906	0.0	0.0	0.0	54.34003829956055	92.33025360107422	78.7137451171875	45.56537628173828	240.31658935546875	0.0	0.0	0.0	326.9443359375	169.7251739501953	221.56443786621094	383.2203674316406	100.03297424316406	138.5736541748047	145.0439453125	266.82208251953125	0.0	0.0	0.0	222.72525024414062	162.8048858642578	39.2473258972168	0.0	50.195106506347656	399.41632080078125	491.8272705078125	337.923828125	25.384136199951172	216.22705078125	85.0166244506836	238.32907104492188	104.18821716308594	177.07891845703125	212.8496551513672	112.2542724609375	128.32034301757812	587.7754516601562	0.0	0.0	345.039794921875	314.9864501953125	312.3211975097656	14.422140121459961	284.5577697753906	0.0	40.30252456665039	295.6834716796875	228.80950927734375	0.0	0.0	312.9982604980469	239.27450561523438	232.62799072265625	0.0	0.0	49.532745361328125	0.0	0.0	0.0	251.3407440185547	0.0	0.0	84.17719268798828	316.8854675292969	0.0	0.0	0.0	0.0	0.0	0.0	167.28419494628906	169.06280517578125	0.0	65.93726348876953	86.87055969238281	0.0	0.0	0.0	0.0	0.0	140.03993225097656	199.7795867919922	0.0	0.0	0.0	94.61613464355469	0.0	9.212594032287598	0.0	0.0	0.0	0.0	96.56380462646484	70.98428344726562	115.35643005371094	254.66856384277344	126.1003189086914	121.24272918701172	444.2519836425781	377.3681335449219	31.110050201416016	3.781106472015381	56.365211486816406	37.961631774902344	56.21731948852539	37.8306999206543	59.660465240478516	13.226418495178223	85.15747833251953	79.18704986572266	65.11490631103516	43.24924850463867	0.0	0.0	66.9123764038086	99.67060089111328	220.65914916992188	0.0	270.88751220703125	305.6094665527344	0.0	0.0	0.0	0.0	0.0	0.0	0.0	0.0	0.0	0.0	0.0	0.0	0.0	0.0	71.64766693115234	119.43646240234375	769.7186889648438	374.0235595703125	0.0	0.0	410.85174560546875	830.7224731445312	604.48046875	105.00566864013672	0.0	0.0	41.248924255371094	37.91801452636719	550.9461059570312	0.0	0.0	485.4665222167969	56.76372528076172	0.0	212.05006408691406	644.1627197265625	57.60965347290039	303.8644714355469	259.9269714355469	527.6719970703125	0.0	0.0	107.40508270263672	246.49307250976562	0.0	0.0	0.0	0.0	0.0	0.0	21.138452529907227	0.0	0.0	0.0	0.0	0.0	0.0	0.0	0.0	0.0	0.0	0.0	0.0	0.0	794.9440307617188	766.980712890625	753.3072509765625	447.83135986328125	186.85997009277344	464.0511474609375	692.1707763671875	507.82562255859375	0.0	0.0	0.0	140.09869384765625	115.00385284423828	46.446693420410156	28.895503997802734	47.13152313232422	107.03878021240234	133.64883422851562	223.4573974609375	141.3948211669922	0.0	0.0	0.0	39.67375946044922	153.88400268554688	212.9464569091797	60.352256774902344	117.50005340576172	452.6544494628906	76.68209075927734	0.0	0.0	509.2956237792969	155.23568725585938	28.591266632080078	186.57315063476562	552.9442749023438	93.50955200195312	209.96482849121094	505.9943542480469	29.45116424560547	140.5265350341797	61.032649993896484	457.7117004394531	389.0505065917969	278.7847595214844	233.59950256347656	208.1901092529297	313.3156433105469	466.4167785644531	387.4569396972656	166.16468811035156	0.0	0.0	92.0536880493164	54.62509536743164	0.0	0.0	0.0	25.737890243530273
0.0	0.0	110.62516784667969	234.403564453125	0.0	129.5378875732422	326.62945556640625	257.39111328125	0.0	0.0	129.08518981933594	0.0	22.203813552856445	167.51670837402344	355.5767517089844	0.0	84.22637176513672	374.0191650390625	303.21783447265625	50.01376724243164	83.94695281982422	340.7376403808594	109.36158752441406	218.70892333984375	153.8902587890625	463.4576721191406	553.2241821289062	143.0033416748047	218.8832550048828	275.396728515625	494.1304931640625	360.0295715332031	0.0	0.0	30.976699829101562	0.0	0.0	0.0	74.92448425292969	168.9708251953125	0.0	0.0	0.0	0.0	0.0	155.13934326171875	179.78500366210938	61.61420822143555	74.06216430664062	361.5141906738281	181.71075439453125	177.91908264160156	379.9334716796875	398.755615234375	242.65126037597656	489.0787658691406	440.1292419433594	273.30242919921875	115.06925201416016	645.42724609375	0.0	358.30120849609375	102.31468963623047	17.76637840270996	321.3314208984375	895.8102416992188	0.0	5.911238193511963	893.8695678710938	646.5953979492188	84.72175598144531	0.0	815.1998291015625	0.0	0.0	0.0	272.26544189453125	0.0	0.0	0.0	0.0	0.0	0.0	0.0	0.0	0.0	0.0	0.0	0.0	0.0	0.0	0.0	0.0	0.0	0.0	0.0	0.0	0.0	171.12872314453125	0.0	0.0	0.0	69.32402801513672	98.01750183105469	0.0	0.0	0.0	97.20870971679688	0.0	0.0	5.174263000488281	308.7200927734375	70.26476287841797	0.0	41.31155014038086	12.251121520996094	19.59653091430664	51.687164306640625	0.0	0.0	55.71528244018555	56.062957763671875	69.8936538696289	17.39113426208496	41.0479850769043	35.72774887084961	0.0	14.098581314086914	0.0	47.22831726074219	0.0	172.57583618164062	0.0	271.00555419921875	0.0	0.0	0.0	274.7583923339844	42.96163558959961	0.0	0.0	0.0	0.0	0.0	0.0	0.0	0.0	6.000046253204346	0.0	0.0	60.18254089355469	0.0	0.0	0.0	0.0	22.880517959594727	0.0	757.6137084960938	180.66758728027344	0.0	198.61167907714844	812.3157348632812	145.88778686523438	327.36688232421875	333.7725830078125	501.3260803222656	625.0185546875	407.09906005859375	190.82786560058594	316.6505126953125	463.1107177734375	366.0751647949219	170.28854370117188	156.90853881835938	266.16436767578125	12.810333251953125	94.68183898925781	0.0	0.0	0.0	94.0845947265625	0.0	0.0	0.0	41.42343521118164	0.0	0.0	0.0	14.22998046875	0.0	0.0	0.0	0.0	0.0	0.0	0.0	0.0	292.0173645019531	77.32400512695312	159.07530212402344	0.0	77.99407958984375	63.89879608154297	50.75537109375	120.08238983154297	841.7546997070312	780.110595703125	177.28749084472656	0.0	0.0	0.0	42.15229797363281	0.0	197.99093627929688	149.36769104003906	53.86817932128906	0.0	70.36492919921875	0.0	0.0	0.0	0.0	0.0	0.0	0.0	486.6427307128906	525.7138671875	0.0	0.0	676.2286376953125	161.27212524414062	210.4849090576172	0.0	495.8262634277344	371.80712890625	243.98764038085938	23.993791580200195	530.6865844726562	528.4757690429688	193.0117645263672	120.75617218017578	45.832706451416016	200.37811279296875	97.05207061767578	183.75633239746094	78.66703796386719	91.17012023925781	134.50357055664062	194.775634765625	344.36328125	9.709654808044434	0.49446386098861694	109.90300750732422	287.6976013183594	330.0150146484375	35.42462158203125
0.0	0.0	0.0	0.0	184.99725341796875	301.18157958984375	364.6430969238281	15.313427925109863	203.24586486816406	309.3311767578125	605.7758178710938	579.1424560546875	212.30140686035156	295.8879089355469	0.0	52.01590347290039	79.55634307861328	163.694091796875	126.28567504882812	313.9048156738281	227.76951599121094	322.6386413574219	260.5975341796875	434.248046875	333.25567626953125	301.8810119628906	547.351318359375	503.6048583984375	206.61001586914062	56.837486267089844	218.45887756347656	1.9704951047897339	0.0	0.0	0.0	0.0	74.10152435302734	135.61053466796875	0.0	0.0	79.67486572265625	416.7316589355469	320.40887451171875	211.23348999023438	309.7855224609375	202.41586303710938	160.1768035888672	96.76402282714844	349.16156005859375	798.2391357421875	202.89971923828125	582.1691284179688	575.1234741210938	554.5694580078125	261.5024719238281	331.0860595703125	355.8688659667969	469.41229248046875	343.5564270019531	164.8880615234375	0.0	218.92030334472656	184.347412109375	149.897216796875	855.2485961914062	773.2275390625	660.2164306640625	870.6906127929688	1062.445556640625	349.55419921875	864.0382080078125	498.3565979003906	489.960693359375	0.0	87.58798217773438	0.0	12.28393840789795	0.0	0.0	0.0	0.0	0.0	0.0	0.0	0.0	0.0	0.0	0.0	0.0	0.0	0.0	0.0	276.1647644042969	79.81373596191406	0.0	0.0	0.0	0.0	0.0	6.878113269805908	0.0	0.0	0.0	126.40280151367188	0.0	0.0	0.0	57.65281295776367	0.0	219.12814331054688	321.8868408203125	356.6966857910156	64.47952270507812	50.83279800415039	0.0	0.0	0.0	35.23880386352539	0.0	0.0	91.5501708984375	98.81584167480469	0.0	0.0	8.751439094543457	107.01899719238281	47.230098724365234	80.4404067993164	0.0	222.84750366210938	0.0	251.12777709960938	33.45401382446289	407.805419921875	165.50755310058594	468.76959228515625	0.0	0.0	0.0	0.0	0.0	0.0	0.0	0.0	184.47854614257812	133.4212646484375	0.0	0.0	0.0	0.0	0.0	0.0	525.27978515625	1180.43798828125	356.5918884277344	24.603347778320312	0.0	600.7943115234375	264.3927001953125	136.5286407470703	528.2233276367188	729.1581420898438	282.084228515625	729.1944580078125	523.16064453125	555.5989379882812	493.1837463378906	593.2911987304688	368.91729736328125	67.66458892822266	703.4993896484375	73.36251831054688	57.443363189697266	261.648681640625	888.654052734375	0.0	87.08194732666016	0.0	0.0	0.0	44.2602653503418	0.0	0.0	0.0	0.0	0.0	0.0	0.0	0.0	0.0	0.0	0.0	0.0	0.0	0.0	236.64036560058594	0.0	118.12154388427734	0.0	102.87422180175781	614.7545776367188	1131.933837890625	800.0975341796875	794.1009521484375	0.0	0.0	171.47120666503906	173.91860961914062	66.14079284667969	29.913057327270508	0.0	56.845458984375	0.0	26.579452514648438	0.0	2.332023859024048	36.751853942871094	202.93499755859375	133.02813720703125	0.0	0.0	0.0	0.0	0.0	0.0	617.0524291992188	309.39276123046875	711.6912841796875	0.0	795.4109497070312	0.0	619.111083984375	0.0	630.1178588867188	80.0131607055664	546.2731323242188	326.2401428222656	413.97576904296875	678.5414428710938	166.63232421875	147.77127075195312	0.0	147.31008911132812	49.14255905151367	212.05841064453125	554.1607666015625	367.1839599609375	80.72621154785156	73.42752075195312	473.7814636230469	399.72625732421875	289.47296142578125	25.057823181152344	0.0	0.0	0.0
643.5245361328125	468.4334411621094	283.19586181640625	37.98149871826172	0.0	539.2579345703125	879.4078979492188	377.2276916503906	80.43191528320312	246.15711975097656	0.0	0.0	0.0	1.8956272602081299	736.8499755859375	777.1317749023438	450.38250732421875	377.6921691894531	0.0	0.0	195.31759643554688	0.0	130.2751007080078	251.77139282226562	17.218496322631836	145.9158477783203	369.0372619628906	0.0	174.294189453125	270.485595703125	165.56964111328125	417.13995361328125	368.6003723144531	338.84722900390625	161.87872314453125	79.91925811767578	547.1446533203125	787.2293701171875	432.9676513671875	412.6675720214844	220.13926696777344	56.00870895385742	0.0	383.15057373046875	5.625103950500488	416.7110900878906	579.7836303710938	1.313536524772644	180.1748504638672	0.0	372.80010986328125	141.67835998535156	266.2154235839844	534.328369140625	269.5048522949219	448.1815185546875	0.0	352.12506103515625	182.67132568359375	1325.4334716796875	0.0	802.9412841796875	285.96380615234375	1188.9501953125	162.0811767578125	0.0	0.0	0.0	62.99159240722656	0.0	0.0	0.0	0.0	0.0	0.0	0.0	0.0	696.8917846679688	0.0	0.0	0.0	0.0	118.43739318847656	0.0	0.0	59.315589904785156	0.0	0.0	172.30308532714844	22.668676376342773	0.0	0.0	94.21381378173828	0.0	0.0	0.0	0.0	0.0	105.81588745117188	0.0	0.0	173.37828063964844	264.12664794921875	198.68980407714844	89.33678436279297	329.0072021484375	129.5549774169922	358.4165954589844	0.0	202.1999053955078	52.979007720947266	273.2580261230469	0.0	223.4425506591797	257.2752990722656	0.0	179.42344665527344	128.77752685546875	159.03359985351562	27.355947494506836	54.09737014770508	108.9232406616211	279.2933654785156	159.1874237060547	0.0	34.83127975463867	149.56634521484375	189.54144287109375	0.0	0.0	0.0	19.084932327270508	0.0	0.0	0.0	0.0	0.0	0.0	0.0	0.0	0.0	76.58040618896484	0.0	144.27114868164062	0.0	469.4443359375	391.81353759765625	0.0	852.9525146484375	877.4046630859375	0.0	0.0	0.0	389.49334716796875	509.3798828125	801.1688842773438	0.0	153.3888702392578	0.0	691.2683715820312	1058.302490234375	617.906494140625	0.0	394.3898010253906	140.99609375	237.3294677734375	655.4055786132812	320.5536804199219	0.0	935.8770141601562	1037.9769287109375	287.0845642089844	152.1537322998047	199.01507568359375	0.0	529.235595703125	0.0	0.0	0.0	0.0	0.0	0.0	0.0	0.0	50.93602752685547	0.0	0.0	0.0	91.98206329345703	0.0	0.0	0.0	507.2691650390625	372.1314392089844	0.0	0.0	859.9351196289062	624.46826171875	353.14801025390625	150.29502868652344	0.0	0.0	140.99627685546875	265.000244140625	0.0	608.821044921875	903.7755126953125	201.11795043945312	212.1143798828125	129.33575439453125	5.52166748046875	0.0	253.4965057373047	554.3804931640625	316.62115478515625	24.875301361083984	157.12611389160156	0.0	0.0	44.72395324707031	93.30745697021484	6.550235748291016	0.0	0.0	712.0189208984375	927.2255249023438	0.0	0.0	598.3758544921875	490.2403564453125	0.0	313.8983459472656	240.5028533935547	0.0	593.9701538085938	230.45462036132812	114.53719329833984	379.8868713378906	1031.768310546875	0.0	337.2400817871094	417.5277404785156	230.3218994140625	250.8184356689453	0.0	164.81570434570312	239.2863311767578	369.3083190917969	0.0	0.0	0.0	319.697021484375	127.88610076904297	80.99143981933594	558.7554321289062	240.27854919433594
214.52139282226562	183.96951293945312	417.8453369140625	220.28199768066406	378.0003967285156	576.3854370117188	606.6710815429688	623.5496826171875	0.0	0.0	0.0	0.0	398.0823669433594	706.6107177734375	853.3444213867188	301.6610412597656	92.42989349365234	225.76220703125	60.19505310058594	0.0	336.4677429199219	285.2166748046875	0.0	113.6280517578125	200.88206481933594	307.19537353515625	0.0	8.088754653930664	106.4468002319336	95.56511688232422	326.3243408203125	433.12762451171875	55.52970504760742	66.71800231933594	335.9880065917969	92.17619323730469	21.922725677490234	576.4758911132812	745.6498413085938	450.56304931640625	185.4900360107422	260.7041320800781	0.0	205.1927032470703	520.6619262695312	648.5166015625	611.9463500976562	0.0	241.6107940673828	212.1808319091797	0.0	213.5718231201172	464.9313659667969	581.1654663085938	612.02099609375	476.6395263671875	121.48711395263672	5.58894157409668	743.1465454101562	1352.318359375	316.5670166015625	370.5669860839844	0.0	415.6108093261719	386.5013427734375	2.189232587814331	0.0	0.0	594.9549560546875	0.0	0.0	0.0	833.4120483398438	0.0	0.0	0.0	46.970062255859375	0.0	150.28810119628906	0.0	0.0	0.0	90.99034881591797	0.0	44.745079040527344	0.0	0.0	0.0	0.0	0.0	0.0	0.0	20.6707763671875	83.2533950805664	115.96251678466797	0.0	0.0	0.0	0.0	113.46424102783203	0.0	0.0	424.98028564453125	375.8165588378906	151.6292724609375	121.20439147949219	221.27359008789062	280.8509216308594	120.51808166503906	169.26516723632812	49.13901901245117	261.19024658203125	68.35228729248047	0.0	120.50431060791016	67.7516098022461	0.0	70.0634994506836	91.38079833984375	35.7226448059082	0.0	43.74992370605469	288.8876037597656	103.25811004638672	37.8046875	52.30251693725586	14.649943351745605	5.560641765594482	0.0	70.59894561767578	0.0	0.0	0.0	36.57314682006836	0.0	0.0	3.9949138164520264	0.0	0.0	126.12223815917969	0.0	0.0	57.592281341552734	100.63526153564453	198.6510009765625	138.81512451171875	46.48615264892578	66.0625991821289	8.083333969116211	297.1736145019531	266.8697204589844	0.0	0.0	0.0	1150.148681640625	946.369873046875	414.20220947265625	368.1983337402344	0.0	81.97628784179688	346.8923034667969	839.4691772460938	112.61480712890625	132.92652893066406	626.6923828125	630.9508056640625	0.0	219.5906982421875	506.013671875	259.40582275390625	0.0	684.0269775390625	171.5103302001953	0.0	289.9129943847656	541.1905517578125	60.27276611328125	0.0	0.0	0.0	89.03439331054688	0.0	0.0	0.0	0.0	0.0	0.0	0.0	0.0	0.0	0.0	0.0	0.0	129.90280151367188	0.0	0.0	300.6765441894531	767.9668579101562	282.6601867675781	110.91564178466797	0.0	56.25896072387695	0.0	156.64756774902344	475.1534729003906	1230.556396484375	1054.3780517578125	373.3346862792969	164.29156494140625	127.84184265136719	0.0	0.0	168.01345825195312	407.9775390625	296.2532653808594	191.97691345214844	0.0	0.0	0.0	30.70012855529785	286.8594055175781	218.3533172607422	38.83363723754883	0.0	0.0	784.74853515625	435.7153625488281	0.0	0.0	805.2428588867188	44.83637237548828	195.90284729003906	96.95684814453125	832.1399536132812	0.0	303.57763671875	48.57777404785156	523.5726318359375	0.0	419.414794921875	92.14997100830078	126.2636489868164	111.66424560546875	123.57466888427734	123.17037200927734	0.504791259765625	310.74835205078125	322.10986328125	112.59489440917969	39.045921325683594	102.90685272216797	341.58984375	0.0	397.14501953125	496.4747619628906	40.97709274291992
692.78173828125	811.4993896484375	310.269775390625	551.5380859375	0.0	0.0	0.0	0.0	128.1062469482422	0.0	0.0	0.0	5.6652326583862305	0.0	0.0	0.0	224.99862670898438	319.1827392578125	83.59569549560547	137.22535705566406	208.53274536132812	354.3612976074219	297.4356689453125	386.4152526855469	142.2342071533203	0.9676309823989868	568.3942260742188	348.5031433105469	6.582418918609619	282.48541259765625	512.6653442382812	74.9843521118164	144.8065643310547	208.1958770751953	447.7934875488281	160.54769897460938	24.992862701416016	231.05728149414062	0.0	0.0	202.2433319091797	0.0	0.0	0.0	41.90864944458008	0.0	0.0	0.0	368.5359191894531	149.76116943359375	1155.0843505859375	431.8283386230469	225.25906372070312	121.52128601074219	1249.6024169921875	759.18115234375	0.0	27.2133846282959	485.5948181152344	101.00559997558594	48.99072265625	529.3444213867188	567.5706787109375	0.0	300.7370910644531	0.0	0.0	0.0	702.8894653320312	0.0	188.27606201171875	0.0	271.2158203125	0.0	1129.385009765625	0.0	0.0	1201.0875244140625	994.2068481445312	0.0	77.03050231933594	0.0	0.0	0.0	0.0	0.0	0.0	0.0	72.55152130126953	6.374992370605469	0.0	0.0	73.95775604248047	0.0	0.0	0.0	0.0	0.0	192.19309997558594	0.0	14.863884925842285	57.74613571166992	299.2328796386719	234.69384765625	104.02151489257812	77.749755859375	101.97720336914062	247.82847595214844	0.0	0.0	121.46004486083984	263.64752197265625	36.66352081298828	220.89288330078125	103.23685455322266	0.0	41.65956497192383	193.08570861816406	277.8856506347656	27.777921676635742	115.34300231933594	61.86354446411133	0.0	0.0	23.407400131225586	0.0	0.0	0.0	27.672740936279297	0.0	0.0	0.0	0.0	0.0	191.4221954345703	0.0	0.0	0.0	351.59259033203125	0.0	0.0	0.0	307.34173583984375	0.0	75.70084381103516	127.44059753417969	593.8738403320312	0.0	314.5793762207031	72.1435546875	731.5374145507812	175.831298828125	0.0	26.322315216064453	0.0	0.0	0.0	0.0	0.0	0.0	739.8883666992188	873.00146484375	218.6329803466797	707.9078979492188	393.87933349609375	40.466102600097656	814.2383422851562	928.1183471679688	105.74585723876953	284.863525390625	1054.669921875	205.94259643554688	0.0	610.2155151367188	990.5748291015625	0.0	55.68571853637695	0.0	0.0	0.0	0.0	0.0	0.0	0.0	0.0	0.0	0.0	0.0	77.6214370727539	115.9697494506836	0.0	48.69375228881836	312.46392822265625	657.2907104492188	229.4182586669922	113.48844909667969	151.23353576660156	70.40829467773438	0.0	139.00135803222656	0.0	0.0	74.95523071289062	304.44610595703125	0.0	0.0	419.9060974121094	233.4381103515625	286.1011047363281	325.2524719238281	133.07521057128906	104.71248626708984	0.0	0.0	0.0	9.293161392211914	3.4684431552886963	57.784698486328125	0.0	0.0	194.55130004882812	0.0	12.5723295211792	0.0	0.0	300.41204833984375	56.93583679199219	132.09829711914062	60.33528518676758	829.778076171875	0.0	501.39794921875	115.30522155761719	246.15684509277344	615.093017578125	739.2777099609375	8.12240219116211	0.0	1016.11181640625	531.51513671875	82.2604751586914	66.41206359863281	435.9203186035156	350.24139404296875	11.3030424118042	68.06719970703125	0.0	0.0	0.0	80.4116439819336	0.0	0.0	145.1648406982422	200.23204040527344	94.59636688232422	0.0
0.0	0.0	0.0	33.73963165283203	0.0	0.0	0.0	0.0	0.0	0.0	0.0	10.64627742767334	0.0	13.664706230163574	0.0	0.0	0.0	178.86891174316406	246.49041748046875	53.17803192138672	0.0	215.0816650390625	360.4268798828125	141.4557342529297	0.0	195.31051635742188	338.5647888183594	140.33889770507812	118.28964233398438	325.64239501953125	267.68365478515625	99.16584014892578	0.0	0.0	0.0	11.429718017578125	0.0	0.0	0.0	18.205230712890625	0.0	0.0	0.0	21.068410873413086	0.0	0.0	0.0	25.442777633666992	14.993020057678223	601.4970092773438	1038.2037353515625	0.0	32.43574523925781	406.17401123046875	588.25537109375	0.0	10.28963565826416	586.704345703125	370.9464111328125	0.0	0.0	591.7725830078125	274.90533447265625	0.0	0.0	959.6346435546875	539.2749633789062	0.0	0.0	1184.7073974609375	425.4649353027344	0.0	0.0	1047.843017578125	0.0	0.0	0.0	870.9564819335938	0.0	6.893136501312256	0.0	0.0	0.0	0.0	1.566987156867981	0.0	0.0	0.0	8.841808319091797	0.0	0.0	0.0	35.79036331176758	0.0	0.0	0.0	0.0	51.216670989990234	19.63231658935547	127.25257110595703	0.0	58.884700775146484	158.56849670410156	171.60984802246094	0.0	55.540645599365234	141.03421020507812	145.94227600097656	0.0	14.111160278320312	158.92518615722656	86.06231689453125	59.87202453613281	123.93438720703125	37.54425811767578	0.0	18.147491455078125	0.0	0.0	0.0	52.93235778808594	0.0	0.0	0.0	58.15537643432617	28.398834228515625	3.7834603786468506	0.0	0.0	0.0	243.2727508544922	0.0	0.0	95.66199493408203	388.73443603515625	0.0	0.0	247.4796600341797	333.7831115722656	0.0	0.0	311.2026062011719	164.5374298095703	0.0	0.0	272.96942138671875	208.45289611816406	0.0	0.0	0.0	40.808719635009766	0.0	0.0	0.0	0.0	0.0	0.0	0.0	0.0	0.0	0.0	440.0190124511719	630.1463012695312	53.14271545410156	0.0	487.28106689453125	559.3964233398438	0.0	0.0	513.5466918945312	377.6361389160156	0.0	0.0	571.2194213867188	380.2308044433594	0.0	20.4594669342041	112.68279266357422	0.0	34.977622985839844	42.283958435058594	58.61949920654297	0.0	59.23969650268555	84.5171890258789	0.0	0.0	56.081790924072266	104.9035415649414	0.0	0.0	44.726497650146484	0.0	0.0	303.2209777832031	148.93064880371094	0.0	0.0	309.22601318359375	79.87714385986328	0.0	0.0	245.48350524902344	0.0	0.0	55.38835525512695	386.452880859375	0.0	0.0	64.21820068359375	54.30076599121094	0.0	0.0	0.0	3.738757848739624	6.482582092285156	0.0	0.0	82.18558502197266	25.255563735961914	0.0	0.0	43.39007568359375	1.8091933727264404	0.9452614784240723	0.0	789.7247924804688	225.42123413085938	16.850515365600586	0.0	861.8179321289062	188.92691040039062	18.885480880737305	0.0	675.9300537109375	0.0	34.13758850097656	145.06068420410156	780.9408569335938	0.0	99.79637145996094	154.705078125	30.703033447265625	36.74018859863281	139.8924560546875	191.98265075683594	45.81588363647461	32.345924377441406	178.0520782470703	155.13145446777344	79.6417236328125	17.37696075439453	214.49664306640625	61.904911041259766	117.76882934570312	20.328245162963867
53.05025863647461	393.10321044921875	141.89547729492188	0.0	127.63621520996094	319.1709289550781	652.9071044921875	533.4332885742188	729.738037109375	505.3901672363281	0.0	89.58314514160156	164.9432373046875	590.0748291015625	176.75848388671875	111.6610336303711	108.28385162353516	126.39356994628906	235.29518127441406	0.0	0.0	208.00294494628906	136.8104705810547	473.3567810058594	169.2020721435547	436.7075500488281	98.0725326538086	415.9981384277344	382.508544921875	223.1932373046875	286.4853820800781	100.73914337158203	0.0	21.666854858398438	0.0	8.848668098449707	0.0	148.5349578857422	280.906005859375	37.25553512573242	142.82113647460938	0.0	111.72286987304688	287.3615417480469	676.0508422851562	705.3603515625	154.1276397705078	156.9198455810547	0.0	242.47283935546875	0.0	1076.3775634765625	0.0	783.4867553710938	221.17918395996094	100.81193542480469	102.31224822998047	75.11839294433594	613.7930908203125	0.0	362.7259521484375	218.7101287841797	843.579345703125	0.0	0.0	506.8848876953125	0.0	194.44744873046875	0.0	817.5879516601562	0.0	0.0	10.093449592590332	199.79180908203125	0.0	0.0	173.92401123046875	0.0	0.0	0.0	0.0	0.0	26.918262481689453	2.2815988063812256	153.06048583984375	0.0	85.60397338867188	0.0	232.821044921875	0.0	0.0	0.0	0.0	57.41975784301758	0.0	0.0	0.0	0.0	0.0	0.0	0.0	0.0	0.0	243.07264709472656	0.0	20.775760650634766	0.0	330.4013671875	0.0	38.484405517578125	431.85546875	447.7621765136719	102.7171859741211	0.0	85.97235107421875	202.4392547607422	27.25135040283203	78.95602416992188	0.0	42.426734924316406	0.0	0.23595374822616577	48.30113983154297	0.0	0.0	146.26585388183594	107.96405029296875	0.0	0.0	0.0	0.0	62.584102630615234	111.19632720947266	410.5309143066406	124.23902893066406	0.0	181.78677368164062	0.0	0.0	0.0	0.0	0.0	0.0	0.0	5.622308731079102	128.22393798828125	183.1832733154297	544.7932739257812	0.0	120.00888061523438	0.0	52.635780334472656	0.0	112.81385040283203	172.77195739746094	0.0	564.6103515625	0.0	9.192330360412598	0.0	0.0	952.2003173828125	839.8522338867188	937.3759155273438	0.0	421.72308349609375	554.8195190429688	626.1533203125	877.7076416015625	648.9721069335938	579.725341796875	192.4758758544922	381.3817443847656	202.806884765625	524.2366333007812	0.0	112.36548614501953	0.0	0.0	0.0	0.0	0.0	0.0	0.0	0.0	0.0	0.0	0.0	0.0	0.0	0.0	58.24446105957031	0.0	297.7350158691406	232.9440460205078	249.6757049560547	0.0	231.75985717773438	651.8291625976562	271.27191162109375	113.84876251220703	418.3653564453125	452.5783386230469	50.443050384521484	1304.0728759765625	1268.8609619140625	240.2766876220703	135.593017578125	85.7043228149414	224.71353149414062	182.4652862548828	202.93846130371094	0.0	375.2794189453125	243.53097534179688	0.0	191.0044708251953	72.89926147460938	0.0	0.0	0.0	0.0	130.91159057617188	175.4219970703125	0.0	122.51211547851562	728.3848876953125	0.0	0.0	330.53564453125	1036.623291015625	16.00717544555664	145.65536499023438	171.64495849609375	601.7685546875	464.1375732421875	924.7869262695312	719.3523559570312	414.2811279296875	129.20558166503906	116.27322387695312	91.55157470703125	0.0	67.63487243652344	328.5613708496094	44.505149841308594	180.14988708496094	0.0	292.0972595214844	126.01038360595703	192.8839874267578	0.0	381.77874755859375	337.34100341796875	40.15890884399414	0.0
181.3501739501953	0.0	0.0	10.070955276489258	629.1671142578125	807.5001831054688	328.0955810546875	171.41647338867188	205.15829467773438	0.0	0.0	170.27841186523438	620.518798828125	940.0817260742188	782.9071044921875	0.0	143.3806915283203	70.56025695800781	0.0	121.69596862792969	76.39421081542969	0.0	560.2421875	91.16508483886719	147.7718048095703	129.03048706054688	235.66107177734375	115.1801986694336	0.0	34.383663177490234	310.4612731933594	452.4099426269531	0.0	0.0	123.09469604492188	1.175026774406433	349.4729309082031	438.26318359375	158.55255126953125	0.0	0.0	0.0	377.3473205566406	155.11744689941406	480.9748229980469	479.7452087402344	48.74583435058594	0.0	0.0	0.0	1167.818359375	430.48480224609375	149.08798217773438	0.0	378.6474914550781	103.59107208251953	0.0	0.0	1371.1109619140625	720.0394897460938	204.58619689941406	0.0	907.966064453125	831.93212890625	38.381256103515625	0.0	139.47781372070312	0.0	0.0	0.0	152.16282653808594	0.0	67.45529174804688	0.0	225.2032470703125	0.0	0.0	0.0	111.25751495361328	0.0	0.0	27.871522903442383	0.0	0.0	289.1611328125	362.852294921875	0.0	0.0	0.0	19.28919219970703	0.0	0.0	304.1841735839844	364.55340576171875	0.0	0.0	0.0	0.0	159.1356658935547	107.28436279296875	0.0	0.0	390.3378601074219	269.4517517089844	0.0	0.0	224.1217498779297	36.289920806884766	47.649166107177734	0.0	265.9072570800781	278.6193542480469	0.0	174.07762145996094	233.71417236328125	0.0	24.44098472595215	0.0	77.62419891357422	5.209519386291504	0.0	134.95513916015625	271.068603515625	42.69857406616211	0.0	0.0	192.1082305908203	46.505496978759766	0.0	0.0	112.617431640625	0.0	0.0	97.014892578125	210.8671875	0.0	0.0	0.0	0.0	0.0	21.061922073364258	122.80286407470703	154.93032836914062	5.724007606506348	268.5852966308594	737.5250244140625	733.0491943359375	0.0	0.0	0.0	0.0	0.0	384.7177734375	429.2634582519531	954.0645141601562	30.508813858032227	0.0	0.0	550.6655883789062	331.6889343261719	314.78271484375	271.755615234375	790.988525390625	596.2249145507812	0.0	83.01509094238281	687.6084594726562	199.25294494628906	367.6336975097656	286.6374816894531	90.59806823730469	508.898193359375	0.0	0.0	514.5711669921875	665.235107421875	0.0	0.0	0.0	0.0	0.0	0.0	0.0	0.0	0.0	0.0	0.0	0.0	0.0	0.0	0.0	0.0	350.3896179199219	273.925537109375	42.99357223510742	166.28048706054688	280.17340087890625	490.44720458984375	122.10323333740234	240.52261352539062	496.6551818847656	554.2356567382812	362.85235595703125	380.15765380859375	7.820614814758301	219.17758178710938	87.72200012207031	209.37957763671875	154.48175048828125	139.34432983398438	139.81224060058594	6.3170166015625	299.11737060546875	330.2119140625	0.0	7.692379474639893	170.33343505859375	3.8660261631011963	0.0	28.067825317382812	237.96456909179688	278.2835693359375	0.0	0.0	61.21035385131836	213.40805053710938	0.0	356.6067810058594	94.98890686035156	225.41839599609375	263.5805969238281	568.7637939453125	120.5201416015625	283.4266052246094	303.57049560546875	561.8599243164062	176.81338500976562	244.33871459960938	0.0	414.4579162597656	85.80859375	0.008067138493061066	112.08782958984375	114.96805572509766	79.73751068115234	270.3494567871094	329.52044677734375	188.63429260253906	57.21479797363281	0.0	234.97019958496094	386.1555480957031	173.1553192138672	429.74224853515625	178.25186157226562	21.946617126464844
0.0	219.4723358154297	0.0	0.0	0.0	575.513916015625	728.075439453125	575.6611938476562	69.7127456665039	303.8209228515625	292.4197692871094	61.28285217285156	64.11608123779297	481.0467834472656	712.3406982421875	100.03241729736328	60.59894561767578	137.4423065185547	592.6036987304688	81.72232055664062	125.5697021484375	533.901611328125	186.34481811523438	162.27197265625	503.4226989746094	464.0910949707031	311.82177734375	69.05227661132812	308.9634704589844	282.4838562011719	151.31857299804688	327.8912658691406	0.0	0.0	0.0	36.106536865234375	0.0	205.7620849609375	382.1155090332031	374.73675537109375	10.270934104919434	42.78335189819336	25.395044326782227	169.72735595703125	177.21372985839844	693.0140380859375	724.449951171875	54.041709899902344	0.0	121.57849884033203	9.344008445739746	105.9214859008789	326.5206298828125	461.40252685546875	178.49142456054688	166.7834930419922	491.0022888183594	330.8673400878906	126.8142318725586	904.9497680664062	123.39140319824219	210.15277099609375	0.0	225.23081970214844	0.0	816.6620483398438	757.001220703125	0.0	618.4901123046875	861.6492309570312	0.0	0.0	829.7762451171875	0.0	0.0	0.0	506.1442565917969	0.0	0.0	0.0	42.027587890625	21.147924423217773	0.0	0.0	0.0	0.0	0.0	0.0	0.0	0.0	0.0	0.0	0.0	0.0	0.0	0.0	0.0	0.0	269.84344482421875	194.30224609375	0.0	0.0	227.94564819335938	89.64054870605469	0.0	0.0	14.992728233337402	78.0765380859375	19.02215576171875	184.09043884277344	259.21527099609375	398.03460693359375	75.87093353271484	0.0	0.0	25.43779182434082	32.442623138427734	19.449682235717773	22.809755325317383	15.80569839477539	0.0	40.73324966430664	158.70481872558594	98.57755279541016	0.0	1.736741542816162	42.46919250488281	120.95111083984375	0.0	24.74390411376953	27.142032623291016	0.0	0.0	365.82379150390625	56.68116760253906	135.77305603027344	35.7321891784668	203.895751953125	0.0	19.760900497436523	0.0	0.0	0.0	0.0	0.0	0.0	0.0	0.0	0.0	0.0	0.0	0.0	56.40155792236328	38.680267333984375	451.93011474609375	397.2219543457031	600.1487426757812	1104.124267578125	133.87840270996094	334.5387268066406	0.0	1158.6993408203125	1154.799072265625	0.0	627.793212890625	931.286865234375	0.0	282.7921447753906	790.1806030273438	806.112548828125	306.9996643066406	635.2295532226562	425.0892639160156	0.0	199.71702575683594	124.88636779785156	62.13446807861328	0.0	0.0	0.0	83.50418853759766	0.0	0.0	0.0	19.48410415649414	0.0	0.0	0.0	0.0	0.0	0.0	0.0	0.0	0.0	208.8669891357422	276.4189758300781	0.0	597.5131225585938	463.0921325683594	0.0	359.78448486328125	767.5682983398438	246.52833557128906	219.6316680908203	746.0076904296875	1313.47900390625	978.0880737304688	354.8156433105469	67.4325180053711	50.200565338134766	0.0	0.0	0.0	0.0	0.0	40.82380294799805	29.723983764648438	330.1075744628906	162.680908203125	85.64445495605469	124.60456085205078	392.5401916503906	213.46690368652344	0.0	0.0	0.7843470573425293	566.82373046875	477.255126953125	0.0	874.2791748046875	525.7739868164062	59.22052764892578	41.05438995361328	913.8726806640625	230.41262817382812	100.47501373291016	229.36061096191406	973.7047119140625	472.1983947753906	185.5058135986328	109.58097839355469	145.20619201660156	30.36866569519043	88.70146179199219	141.0750732421875	139.78443908691406	321.6145324707031	361.4254150390625	122.8440933227539	296.0517883300781	227.58448791503906	233.7781219482422	0.0	253.92520141601562	249.11102294921875	18.40078353881836
0.0	98.98381805419922	0.0	0.0	506.4716491699219	745.1469116210938	766.058837890625	288.7173767089844	30.68299674987793	554.3976440429688	149.6323699951172	284.14874267578125	130.32110595703125	146.4418487548828	0.0	3.490431785583496	0.0	0.0	156.5306854248047	188.11476135253906	2.8149993419647217	0.0	128.27020263671875	398.4329528808594	548.2844848632812	533.0064697265625	260.4206848144531	534.4984130859375	343.90386962890625	93.4097671508789	425.4449462890625	0.0	140.77197265625	61.46985626220703	0.0	0.0	297.18267822265625	365.4666748046875	259.182373046875	0.0	176.1182098388672	13.15314769744873	232.20103454589844	319.22894287109375	383.8294372558594	424.8914489746094	113.89812469482422	385.6932678222656	0.0	0.0	0.0	1021.1151123046875	551.89306640625	319.92462158203125	0.0	472.69244384765625	336.9748229980469	748.9432373046875	442.9238586425781	334.73870849609375	331.34417724609375	0.0	350.4605712890625	842.0074462890625	0.0	169.02427673339844	0.0	56.31743621826172	0.0	0.0	66.51746368408203	689.6356201171875	623.1356811523438	0.0	422.79010009765625	205.9810333251953	385.0153503417969	0.0	0.0	0.0	15.972639083862305	29.397127151489258	16.083114624023438	0.0	186.27529907226562	34.83721923828125	167.31654357910156	0.0	0.0	0.0	0.0	0.0	0.0	0.0	0.0	0.0	20.611722946166992	0.0	129.0333709716797	431.55023193359375	0.0	0.0	1.9410779476165771	197.25555419921875	0.0	0.0	0.0	111.23451232910156	46.120582580566406	96.29786682128906	262.5057678222656	322.8627624511719	0.0	0.0	198.39222717285156	193.4690399169922	27.965883255004883	4.853236675262451	0.0	0.0	69.80937194824219	212.89076232910156	48.58938980102539	49.131343841552734	0.0	0.0	148.9834747314453	121.94068145751953	8.53098201751709	168.017333984375	0.0	193.84815979003906	69.5728530883789	152.94866943359375	0.0	393.91094970703125	72.55996704101562	0.0	0.0	38.81616973876953	0.0	0.0	0.0	0.0	0.0	0.0	256.7834167480469	464.66851806640625	204.86155700683594	0.0	0.0	0.0	84.89671325683594	424.7987976074219	482.87139892578125	0.0	559.1902465820312	604.0634155273438	685.5128173828125	946.1876220703125	37.98307418823242	164.29774475097656	0.0	406.6454772949219	646.891845703125	417.2364501953125	427.91650390625	751.3773193359375	748.5687866210938	358.66876220703125	925.4768676757812	510.64544677734375	247.03050231933594	110.33123016357422	0.0	0.0	0.0	0.0	0.0	0.0	0.0	0.0	0.0	0.0	0.0	0.0	0.0	0.0	0.0	0.0	0.0	0.0	0.0	0.0	0.0	31.688915252685547	240.9547882080078	198.86392211914062	34.48676681518555	0.0	388.06622314453125	1091.62744140625	347.3843688964844	524.2926635742188	854.1358642578125	1127.99951171875	654.745849609375	651.9720458984375	0.0	0.0	0.0	47.10251235961914	265.5177917480469	237.0919952392578	84.60816955566406	12.880302429199219	19.062808990478516	262.40008544921875	0.0	0.0	52.303768157958984	0.0	26.012643814086914	49.154296875	74.22425842285156	62.46822738647461	340.6353759765625	291.2132568359375	0.0	117.37944793701172	67.62274169921875	337.5660705566406	519.4467163085938	1081.8289794921875	0.0	614.3043212890625	387.907470703125	746.6616821289062	229.71368408203125	339.5799865722656	163.7615966796875	165.59742736816406	85.1900405883789	103.49727630615234	247.91197204589844	337.8860168457031	714.3676147460938	105.9813461303711	164.2638702392578	311.2653503417969	419.13092041015625	394.014404296875	0.0	236.88595581054688	0.0	348.900146484375
0.0	0.0	0.0	0.0	0.0	0.0	3.1073262691497803	20.88511848449707	0.0	0.0	0.0	0.0	2.0642659664154053	37.189388275146484	0.0	21.525943756103516	111.18192291259766	185.57952880859375	186.82191467285156	41.332759857177734	65.50493621826172	218.3515167236328	75.07350158691406	114.8277587890625	0.0	201.41375732421875	257.48675537109375	132.0348663330078	0.0	285.3692321777344	275.2261657714844	148.64276123046875	0.0	0.0	0.0	30.492212295532227	0.0	0.0	103.12427520751953	0.0	25.940664291381836	0.0	0.0	0.0	30.548662185668945	0.0	0.0	0.0	0.0	785.2183837890625	655.3651733398438	0.0	0.0	840.19189453125	1182.446044921875	0.0	0.0	396.4705505371094	1115.83837890625	0.0	0.0	56.084312438964844	952.8577270507812	0.0	0.0	664.5287475585938	0.0	30.250158309936523	0.0	754.0108032226562	0.0	0.0	0.0	922.93359375	108.09352111816406	0.0	0.0	831.9871215820312	309.9431457519531	0.0	0.0	0.0	0.0	0.0	44.27510070800781	0.0	0.0	0.0	112.9745101928711	0.0	0.0	0.0	128.4111328125	0.0	0.0	0.0	0.0	129.09011840820312	51.31925964355469	61.05829620361328	0.0	259.6298828125	208.46878051757812	176.25201416015625	0.0	177.94970703125	311.50347900390625	167.45338439941406	10.31494426727295	67.6178970336914	344.6734924316406	135.34580993652344	70.42121887207031	39.018924713134766	103.84745025634766	0.0	0.0	130.7362823486328	24.486705780029297	0.0	0.0	77.44024658203125	44.086544036865234	0.0	4.397071838378906	44.89835739135742	63.029666900634766	10.265497207641602	0.0	19.25393295288086	93.80352783203125	0.0	0.0	64.48961639404297	98.80062103271484	0.0	0.0	2.600083112716675	261.47210693359375	0.0	4.756412029266357	0.0	250.17234802246094	0.0	0.0	263.9695739746094	0.0	0.0	0.0	198.4928741455078	287.5106506347656	0.0	0.0	0.0	288.33233642578125	0.0	0.0	0.0	190.0721893310547	0.0	0.0	523.2839965820312	580.5410766601562	0.0	0.0	115.34868621826172	447.0716552734375	0.0	0.0	227.3090362548828	394.3539733886719	30.77838134765625	0.0	261.734375	353.4080505371094	71.3067398071289	51.955440521240234	20.853233337402344	0.0	11.64554500579834	10.931950569152832	37.20927429199219	0.0	23.25478744506836	0.0	39.705101013183594	0.0	38.38251876831055	0.0	47.71324157714844	0.0	29.15839195251465	0.0	0.0	192.1566162109375	30.33055305480957	0.0	0.0	169.19906616210938	12.342891693115234	0.0	0.0	271.62554931640625	56.29313659667969	0.0	0.0	460.5623779296875	202.23739624023438	0.0	63.031166076660156	129.6254425048828	0.0	0.0	41.19333267211914	78.06792449951172	51.96984100341797	0.0	0.0	39.39607238769531	10.837544441223145	23.229467391967773	0.0	51.07026672363281	14.268129348754883	69.87687683105469	0.0	741.843505859375	0.0	107.42333984375	0.0	743.8018798828125	58.205318450927734	112.57913208007812	0.0	868.009765625	335.8609619140625	81.1626968383789	22.871665954589844	783.9932861328125	495.3720397949219	163.7158203125	39.373382568359375	147.88478088378906	74.04319763183594	204.3451385498047	76.53382110595703	144.79200744628906	58.673587799072266	173.89524841308594	150.5595245361328	171.18756103515625	56.88416290283203	112.9933090209961	210.90834045410156	260.4490661621094	60.540775299072266
109.2900161743164	340.40887451171875	23.298316955566406	0.0	0.0	0.0	0.0	0.0	0.0	131.015380859375	88.47010040283203	0.0	97.09113311767578	234.40606689453125	0.0	0.0	61.41220474243164	144.46400451660156	380.1168518066406	357.2110595703125	106.63372802734375	421.8847961425781	349.2289733886719	597.4170532226562	213.70614624023438	429.9729919433594	681.4524536132812	365.12188720703125	261.1856384277344	214.93511962890625	391.0850524902344	117.77490234375	6.640848159790039	24.661296844482422	0.0	0.0	0.0	0.0	0.0	0.0	0.0	129.14346313476562	0.0	0.0	101.58050537109375	17.006488800048828	54.75675582885742	27.04425811767578	197.02561950683594	591.3526611328125	519.0525512695312	583.508544921875	371.10833740234375	423.65655517578125	625.3755493164062	414.36981201171875	385.2193603515625	533.4691772460938	62.94704055786133	31.81383514404297	0.0	618.8497314453125	302.6374816894531	0.0	0.0	568.795166015625	621.7747802734375	628.9426879882812	956.3779907226562	776.8441162109375	859.90478515625	73.85617065429688	813.7598876953125	0.0	394.80377197265625	0.0	0.0	56.3001708984375	97.97041320800781	0.0	86.34304809570312	0.0	0.0	0.0	0.0	0.0	0.0	0.0	0.0	0.0	0.0	0.0	82.22176361083984	0.0	0.0	0.0	0.0	0.0	47.704566955566406	5.314697265625	0.0	0.0	0.0	193.60997009277344	0.0	0.0	104.29827880859375	278.5921325683594	0.0	79.28030395507812	335.45123291015625	216.84754943847656	85.00813293457031	33.77978515625	45.678367614746094	0.0	41.70294189453125	87.4927978515625	0.0	0.0	80.60673522949219	0.0	0.0	0.0	85.04849243164062	66.34154510498047	101.06942749023438	0.0	0.0	19.682842254638672	0.0	242.34100341796875	0.0	221.77622985839844	127.84784698486328	274.345703125	0.0	252.16192626953125	128.50469970703125	0.0	0.0	0.0	17.68756103515625	0.0	6.094529628753662	39.04836654663086	0.0	0.0	0.0	0.0	0.0	0.0	98.2768783569336	428.5898742675781	0.0	0.0	0.0	605.7343139648438	3.8173723220825195	0.0	135.9324188232422	741.095947265625	533.6385498046875	819.224609375	455.28564453125	796.680908203125	944.0236206054688	738.16796875	182.3218536376953	271.174072265625	707.7098999023438	0.0	72.97602844238281	516.4801025390625	647.1380615234375	0.0	97.48139953613281	0.0	0.0	0.0	108.97604370117188	0.0	0.0	0.0	34.25245666503906	0.0	0.0	0.0	0.0	0.0	0.0	68.03193664550781	0.0	0.0	0.0	259.9389343261719	0.0	0.0	0.0	329.514404296875	0.0	548.487548828125	263.93096923828125	285.70709228515625	0.0	68.80859375	291.5351257324219	148.9327850341797	99.71251678466797	101.7873306274414	49.91824722290039	33.73557662963867	0.0	0.0	0.0	0.0	0.0	0.0	0.0	0.0	0.0	0.0	0.0	0.0	0.0	22.864355087280273	247.3086395263672	702.2349853515625	0.0	904.5630493164062	175.17391967773438	685.6329956054688	0.0	822.1323852539062	624.09716796875	750.1973876953125	230.42721557617188	57.72600555419922	613.352294921875	190.08033752441406	104.59519958496094	149.70504760742188	113.7162857055664	0.0	187.37631225585938	230.07562255859375	66.25163269042969	16.4050350189209	128.2989959716797	551.1017456054688	88.3929214477539	1.1282833814620972	129.2461700439453	0.0	83.6547622680664	9.693772315979004
48.8200569152832	0.0	0.0	0.0	381.1189880371094	380.2145080566406	297.8548889160156	102.72257232666016	0.0	0.0	0.0	0.0	192.65406799316406	89.63072967529297	170.37632751464844	0.0	141.3426055908203	178.8426513671875	59.902305603027344	244.3816375732422	452.8295593261719	446.7945251464844	525.332275390625	443.3014221191406	418.2177429199219	20.048227310180664	455.78955078125	310.9669189453125	0.0	132.22189331054688	369.74560546875	309.99505615234375	0.0	0.0	0.0	0.0	98.41578674316406	418.494384765625	245.19680786132812	0.0	0.0	0.0	78.6340103149414	0.0	339.715576171875	276.48406982421875	43.867549896240234	0.0	652.5204467773438	769.51806640625	768.8510131835938	1007.4949951171875	597.0286865234375	515.185791015625	464.0489196777344	809.9426879882812	0.0	0.0	954.2053833007812	654.0357666015625	0.0	0.0	735.3180541992188	463.9462890625	962.544921875	286.8760681152344	1066.6441650390625	381.5780944824219	904.6871337890625	0.0	894.4886474609375	59.625465393066406	589.5589599609375	0.0	819.0438232421875	0.0	0.0	0.0	285.1127624511719	0.0	0.0	0.0	0.0	0.0	0.0	0.0	0.0	0.0	0.0	42.35924530029297	0.0	0.0	173.4397430419922	179.08108520507812	0.0	0.0	39.091156005859375	0.0	94.17462921142578	0.0	0.0	0.0	49.755733489990234	107.12074279785156	0.0	0.0	124.74343872070312	111.0653305053711	250.26959228515625	64.90805053710938	338.27337646484375	304.6309814453125	116.42707061767578	43.919151306152344	12.558743476867676	6.09036111831665	25.60939598083496	49.31882095336914	112.22747802734375	0.0	0.0	159.04122924804688	92.83547973632812	46.636878967285156	0.0	7.699532985687256	68.46946716308594	56.40755081176758	90.52803802490234	298.7335510253906	54.84163284301758	418.2377014160156	174.5650634765625	354.8460388183594	186.3813018798828	425.09613037109375	0.0	0.0	110.5390853881836	152.6862335205078	34.898189544677734	0.0	136.82546997070312	21.039875030517578	276.39752197265625	0.0	126.28067016601562	85.33623504638672	51.999961853027344	0.0	0.0	28.514795303344727	512.0153198242188	726.585693359375	546.3411254882812	29.35068130493164	0.0	0.0	100.45878601074219	0.0	689.4741821289062	797.8101196289062	337.6406555175781	770.49072265625	657.6700439453125	218.78759765625	461.3491516113281	642.6812744140625	426.4038391113281	0.0	763.2908325195312	770.8662109375	0.0	0.0	650.7766723632812	634.4066162109375	96.53511047363281	0.0	0.0	0.0	0.0	0.0	0.0	0.0	0.0	0.0	0.0	0.0	0.0	61.16426086425781	0.0	0.0	0.0	0.0	0.0	235.00526428222656	923.4954833984375	1230.8817138671875	299.95025634765625	241.53121948242188	726.2346801757812	828.4755249023438	143.0205841064453	423.135986328125	0.0	0.0	259.5770263671875	429.8426818847656	163.4011688232422	102.96641540527344	48.24322509765625	79.61357116699219	55.12743377685547	72.43633270263672	0.0	26.888105392456055	68.10523223876953	132.41184997558594	0.0	14.509549140930176	334.1357727050781	191.97686767578125	0.0	30.463123321533203	0.0	611.794921875	0.0	785.094970703125	80.03919219970703	897.2462158203125	0.0	765.2438354492188	564.036376953125	634.4788818359375	0.0	671.0936279296875	253.52940368652344	219.9762725830078	45.97602844238281	729.6936645507812	100.21784210205078	183.2388153076172	140.02647399902344	110.51761627197266	176.7768096923828	633.1151123046875	478.874755859375	180.44882202148438	0.0	15.464217185974121	114.2876205444336	140.02105712890625	0.0	40.965179443359375	50.138771057128906	151.97076416015625
0.0	541.588134765625	823.7880859375	885.0672607421875	516.0198974609375	822.259521484375	389.1767883300781	0.0	168.2286376953125	60.56735610961914	71.0455322265625	282.28143310546875	623.1498413085938	1023.682373046875	230.17379760742188	0.0	0.0	0.0	221.93576049804688	188.58447265625	127.37619018554688	257.6066589355469	326.5653381347656	263.75115966796875	49.533119201660156	43.67677307128906	0.0	120.68183898925781	104.52449798583984	161.70230102539062	524.5411376953125	73.44380950927734	17.587116241455078	18.302371978759766	328.3890686035156	258.64508056640625	183.39962768554688	149.57525634765625	187.9339141845703	293.7452697753906	243.95761108398438	65.12635040283203	470.5544128417969	221.42933654785156	768.4812622070312	482.6217956542969	0.0	32.79594421386719	0.0	351.84344482421875	313.7796936035156	3.9387784004211426	101.34750366210938	105.88203430175781	0.0	0.0	0.0	180.54217529296875	1146.34228515625	0.0	574.8924560546875	0.0	256.9200134277344	48.445919036865234	0.0	0.0	0.0	0.0	0.0	19.369394302368164	0.0	0.0	0.0	0.0	0.0	0.0	0.0	0.0	0.0	0.0	0.0	181.0465087890625	219.4208984375	193.19586181640625	137.5817413330078	0.0	0.0	119.02218627929688	7.4966535568237305	150.6134490966797	0.0	0.0	179.27154541015625	174.59649658203125	0.0	0.0	1.6397504806518555	0.0	0.0	0.0	0.0	0.0	0.0	81.11954498291016	0.0	123.04206085205078	227.7647247314453	440.35235595703125	0.0	172.2834930419922	335.08837890625	244.47305297851562	69.14615631103516	57.00505065917969	57.3242301940918	44.595787048339844	64.07443237304688	0.0	22.656734466552734	69.99665832519531	0.0	171.62149047851562	93.67120361328125	66.28894805908203	24.749919891357422	29.160383224487305	14.33637809753418	0.0	0.0	282.01910400390625	421.02667236328125	227.01063537597656	22.15386199951172	0.0	0.0	0.0	0.0	0.0	0.0	0.0	0.0	0.0	0.0	0.0	0.0	56.04952621459961	0.0	0.0	80.93379974365234	44.60321044921875	80.05709075927734	0.0	106.46495056152344	594.6102294921875	593.3001708984375	0.0	787.2283935546875	0.0	100.69960021972656	0.0	0.0	287.137451171875	690.7474365234375	309.95172119140625	212.20355224609375	837.1017456054688	799.3518676757812	58.07273483276367	385.83905029296875	0.0	515.3527221679688	0.0	31.087297439575195	125.94062805175781	456.56280517578125	0.0	7.685327529907227	0.0	0.0	0.0	45.24591064453125	0.0	0.0	0.0	0.0	0.0	0.0	11.78282356262207	0.0	0.0	0.0	54.67597961425781	0.0	0.0	762.2133178710938	820.9395141601562	644.314208984375	420.6519775390625	525.9415893554688	194.1252899169922	0.0	0.0	19.92308807373047	0.0	1130.6309814453125	1055.424560546875	343.96014404296875	156.67750549316406	0.0	239.08058166503906	224.50674438476562	116.65599060058594	101.87735748291016	247.5467987060547	176.5541229248047	0.0	60.03036880493164	40.644954681396484	293.82958984375	216.3639678955078	387.56475830078125	88.79711151123047	0.0	0.0	0.0	0.0	31.663162231445312	0.0	0.0	111.89307403564453	750.1799926757812	382.7586975097656	462.9007873535156	385.37628173828125	504.0509338378906	124.80032348632812	682.8967895507812	412.5968017578125	360.1440734863281	240.53372192382812	109.1596908569336	141.13453674316406	309.3507995605469	267.5187072753906	230.36444091796875	365.1949462890625	188.9970245361328	0.0	319.7606506347656	0.0	87.99596405029297	0.0	377.8085632324219	412.70819091796875	29.23495864868164	13.048379898071289
228.72271728515625	555.3430786132812	792.5543823242188	435.3534240722656	322.57977294921875	656.5038452148438	958.126708984375	316.2388610839844	458.4291076660156	110.38028717041016	0.0	49.64730453491211	4.007206916809082	1056.962158203125	1027.336181640625	361.5323791503906	278.4974060058594	158.8749237060547	0.0	0.0	147.3868408203125	0.0	319.0956726074219	308.6874694824219	188.52720642089844	320.9835510253906	137.88063049316406	0.0	346.78985595703125	356.0002136230469	228.3606414794922	526.2034912109375	399.87847900390625	586.2047729492188	230.3619842529297	276.2767333984375	256.8932189941406	645.5120849609375	392.9273986816406	419.6483154296875	154.56512451171875	21.230358123779297	64.2232894897461	364.8306579589844	316.7786865234375	502.0617980957031	370.4156799316406	0.0	222.8453369140625	0.0	654.8499145507812	365.54534912109375	308.37841796875	684.505126953125	0.0	130.07952880859375	124.33309936523438	0.0	3.359200954437256	1031.259033203125	686.0858154296875	250.22996520996094	0.0	417.3014831542969	364.96337890625	0.0	0.0	0.0	51.49410629272461	0.0	0.0	0.0	535.686767578125	64.18798828125	0.0	0.0	785.083251953125	0.0	0.0	186.25428771972656	0.0	150.3550262451172	268.9342346191406	38.62261199951172	91.91594696044922	129.74932861328125	0.0	0.0	234.8904571533203	0.0	15.897850036621094	0.0	0.0	75.8156967163086	273.45758056640625	0.0	0.0	0.0	0.0	0.0	149.06106567382812	90.18021392822266	177.1732635498047	204.76950073242188	0.0	198.57205200195312	158.2423095703125	311.1907958984375	0.0	113.54435729980469	0.0	359.87115478515625	0.0	195.50531005859375	303.2447814941406	0.0	141.2445526123047	0.0	0.0	151.50926208496094	0.0	0.0	349.59161376953125	174.6912841796875	0.0	67.1644515991211	0.0	41.795249938964844	0.0	0.0	0.0	104.1755599975586	0.0	0.0	0.0	0.0	23.14664077758789	0.0	0.0	74.86943054199219	97.68172454833984	97.33128356933594	185.26995849609375	81.89789581298828	158.73939514160156	161.8366241455078	547.7772216796875	300.0379333496094	1027.5760498046875	769.417236328125	0.0	96.30531311035156	0.0	0.0	757.3992309570312	800.5902099609375	79.37954711914062	0.0	0.0	135.91033935546875	562.9260864257812	181.83056640625	344.2967224121094	743.4346923828125	15.576427459716797	963.8530883789062	539.4124145507812	263.8760986328125	732.8812255859375	896.0413208007812	0.0	627.8402709960938	543.524169921875	80.1396713256836	471.1640930175781	811.9453735351562	0.0	0.0	0.0	0.0	0.0	0.0	0.0	0.0	0.0	0.0	0.0	0.0	0.0	0.0	0.0	0.0	339.4576721191406	251.09170532226562	0.0	179.563720703125	0.0	293.70916748046875	334.57958984375	380.6654357910156	0.0	0.0	0.0	0.0	443.87518310546875	1070.6907958984375	427.6146240234375	263.0469055175781	52.64045715332031	119.49968719482422	111.55146789550781	12.078413009643555	272.85406494140625	426.5868835449219	136.33148193359375	98.35786437988281	219.6048126220703	0.0	0.0	218.03262329101562	0.0	142.50453186035156	165.33670043945312	0.0	533.2471923828125	1027.2137451171875	0.0	0.0	115.16268157958984	119.27676391601562	0.0	469.2668151855469	0.0	654.5050048828125	388.2163391113281	78.00294494628906	195.43675231933594	989.7571411132812	0.0	268.8775329589844	218.5300750732422	285.48712158203125	235.7736358642578	483.00042724609375	0.0	67.16285705566406	143.37716674804688	192.68455505371094	55.6278190612793	0.0	79.54875946044922	160.69094848632812	103.3741455078125	493.3382873535156	342.6483154296875	13.242204666137695
0.0	0.0	0.0	0.0	0.0	0.0	0.0	0.0	0.0	0.0	0.0	0.0	24.77619171142578	4.049473762512207	0.0	3.4891316890716553	0.0	133.17733764648438	435.0765075683594	146.641845703125	0.0	237.30789184570312	432.10382080078125	85.11857604980469	73.0787353515625	382.8267822265625	509.4833679199219	124.64775085449219	151.58242797851562	488.0585632324219	290.87603759765625	121.24026489257812	0.0	0.0	0.0	0.0	0.0	0.0	0.0	0.0	0.0	0.0	0.0	24.08100700378418	0.0	0.0	0.0	24.5614070892334	19.267187118530273	109.32865905761719	820.36474609375	245.6051483154297	26.079355239868164	453.7260437011719	648.8843383789062	51.07758712768555	0.0	549.6505126953125	346.87255859375	0.0	0.0	444.5370788574219	80.38712310791016	0.0	0.0	603.05517578125	1247.162353515625	0.0	0.0	1170.414794921875	1138.552490234375	0.0	0.0	1312.3902587890625	146.20169067382812	0.0	513.7422485351562	1133.6458740234375	0.0	0.0	0.0	0.0	0.0	0.0	0.0	12.880659103393555	0.0	0.0	0.0	0.0	0.0	0.0	34.901588439941406	0.0	0.0	0.0	0.0	0.0	0.0	131.17453002929688	0.0	0.0	68.23304748535156	222.3781280517578	0.0	0.0	248.14447021484375	219.07801818847656	0.0	70.26982116699219	266.3699645996094	137.2439727783203	70.58846282958984	47.154518127441406	42.95134353637695	0.0	65.04985046386719	0.5315832495689392	0.0	0.0	76.08982849121094	0.0	0.0	0.0	36.7509651184082	0.0	17.168418884277344	0.0	0.0	0.0	318.3162536621094	0.0	0.0	124.25575256347656	443.44903564453125	0.0	0.0	357.8334045410156	361.8177490234375	0.0	0.0	283.9152526855469	0.0	0.0	0.0	0.0	82.7604751586914	0.0	0.0	0.0	0.0	0.0	0.0	0.0	0.0	0.0	0.0	0.0	0.0	8.629620552062988	0.0	321.15423583984375	865.3538208007812	357.9747314453125	0.0	805.5686645507812	929.0267333984375	0.0	0.0	1044.1292724609375	781.076904296875	0.0	408.6524963378906	805.0741577148438	32.046451568603516	0.0	17.27039337158203	103.09059143066406	0.0	0.0	76.7330551147461	115.12044525146484	0.0	60.80656433105469	110.42237854003906	0.0	0.0	70.07923889160156	108.65235137939453	0.0	0.0	71.67605590820312	0.0	0.0	185.645751953125	319.0547180175781	0.0	0.0	306.9380798339844	233.90634155273438	0.0	0.0	328.2005615234375	83.05900573730469	171.5386199951172	500.07861328125	437.63623046875	0.0	0.36973634362220764	0.0	45.3808708190918	0.0	0.0	0.0	0.0	0.0	0.0	0.0	0.0	0.0	0.0	0.0	0.0	11.677238464355469	5.370421409606934	0.0	649.5801391601562	720.1535034179688	0.0	0.0	873.3009033203125	545.3939208984375	0.0	88.73580932617188	865.4528198242188	144.68649291992188	41.981964111328125	740.562255859375	888.8890991210938	0.0	72.6926498413086	172.95193481445312	0.0	0.0	154.15699768066406	199.13133239746094	2.9280037879943848	2.2435662746429443	179.0701446533203	157.6380615234375	0.0	10.66762924194336	219.5265350341797	82.15406799316406	82.11097717285156	3.1120667457580566
329.4373779296875	821.0392456054688	729.297607421875	0.0	536.2003173828125	604.3338623046875	732.613037109375	620.9992065429688	147.7616424560547	0.0	0.0	274.77166748046875	561.5956420898438	910.9813842773438	653.5819091796875	0.0	0.0	0.0	192.1105499267578	313.5000305175781	124.03302764892578	424.4537048339844	148.47666931152344	0.0	163.8021697998047	0.0	0.0	132.1342010498047	75.3895263671875	33.68980407714844	539.5867919921875	349.9463806152344	0.0	95.56826782226562	171.21092224121094	170.3341522216797	284.9769287109375	696.624267578125	650.0614624023438	166.6408233642578	80.981201171875	301.1875	324.7660217285156	136.91326904296875	655.4778442382812	571.4794311523438	46.201900482177734	3.0731606483459473	90.07275390625	258.1233215332031	0.0	0.0	70.40637969970703	0.0	122.42679595947266	2.0024707317352295	0.0	0.0	1219.688720703125	728.9252319335938	626.2662353515625	0.0	507.4829406738281	484.13702392578125	0.0	176.688720703125	0.0	0.0	152.33596801757812	151.48915100097656	0.0	0.0	191.43133544921875	0.0	231.20077514648438	0.0	0.0	0.0	190.25680541992188	0.0	120.68390655517578	216.06182861328125	0.0	13.658514976501465	41.732383728027344	0.0	137.79986572265625	128.5713348388672	0.0	0.0	19.05538558959961	0.0	135.52273559570312	187.91961669921875	0.0	0.0	0.0	0.0	0.0	9.469463348388672	0.0	0.0	269.7834167480469	308.0669250488281	0.0	0.0	258.1106262207031	40.19854736328125	98.43789672851562	82.8707046508789	304.6191711425781	397.0248718261719	63.27650833129883	3.5796637535095215	0.0	61.42760467529297	0.0	63.85506057739258	116.31925964355469	28.93597412109375	13.664660453796387	152.47984313964844	223.82095336914062	39.870601654052734	0.0	13.068093299865723	75.55077362060547	34.1876220703125	156.36976623535156	197.018798828125	0.0	0.0	0.0	0.0	0.0	0.0	0.0	0.0	57.62224578857422	28.861892700195312	0.0	0.0	0.0	0.0	29.52151107788086	76.21614074707031	0.0	0.20619705319404602	130.57537841796875	0.0	0.0	0.0	768.5717163085938	706.2391357421875	849.7266845703125	0.0	284.72259521484375	0.0	130.76043701171875	299.6047668457031	0.0	1106.06591796875	796.213623046875	232.01808166503906	385.1939392089844	663.3839111328125	0.0	50.847232818603516	436.21710205078125	15.359533309936523	618.5613403320312	780.2349243164062	0.0	0.0	821.29931640625	267.3689880371094	0.0	0.0	0.0	0.0	26.310428619384766	0.0	0.0	0.0	0.0	0.0	0.0	0.0	0.0	0.0	0.0	0.0	0.0	355.9051208496094	595.4379272460938	496.47772216796875	681.3076782226562	731.6322631835938	343.54022216796875	0.0	390.4597473144531	643.2559814453125	138.50637817382812	118.81973266601562	946.056884765625	967.7496337890625	140.1670684814453	272.029296875	173.0303497314453	196.19155883789062	147.52908325195312	0.0	0.0	0.0	80.93220520019531	245.1905517578125	140.1250457763672	302.024658203125	240.68722534179688	138.55807495117188	385.7158203125	396.83758544921875	0.0	0.0	0.0	0.0	160.3754425048828	216.69805908203125	0.0	741.9823608398438	420.625	0.0	522.0013427734375	237.3319091796875	0.0	167.98141479492188	579.0037841796875	224.37054443359375	0.0	343.0080871582031	173.77980041503906	182.46632385253906	77.01142120361328	0.0	313.4141845703125	288.9524230957031	323.0025939941406	118.38716888427734	66.4717025756836	41.06715393066406	96.81967163085938	250.3594512939453	212.5760955810547	326.0978088378906	15.475900650024414	0.0
30.123552322387695	211.6844940185547	306.88494873046875	446.3614807128906	0.0	411.35009765625	714.9826049804688	456.5227355957031	0.309190034866333	282.26611328125	587.4783935546875	247.09213256835938	168.32852172851562	374.095947265625	108.82099914550781	0.0	55.12684631347656	198.32144165039062	447.6905517578125	0.0	200.9461212158203	640.4081420898438	238.82374572753906	134.98048400878906	396.4738464355469	398.40472412109375	433.7213134765625	459.89703369140625	406.0327453613281	220.43051147460938	191.7467041015625	504.02008056640625	0.0	0.0	189.78439331054688	231.00552368164062	0.0	76.59353637695312	403.8316650390625	449.3248291015625	0.0	339.83502197265625	575.212158203125	27.954973220825195	174.9850311279297	338.34747314453125	308.7513122558594	243.4765625	0.0	128.9140167236328	174.06544494628906	194.75778198242188	250.96144104003906	385.659423828125	149.32931518554688	995.267578125	285.01568603515625	437.9416809082031	0.0	950.2610473632812	132.0317840576172	233.0245361328125	0.0	39.72895812988281	0.0	606.7755737304688	530.525390625	0.0	679.2824096679688	575.5396728515625	0.0	0.0	795.38330078125	86.99259948730469	0.0	0.0	403.5563049316406	0.0	0.0	0.0	29.132553100585938	0.0	0.0	0.0	0.0	0.0	0.0	0.0	0.0	0.0	55.26912307739258	0.0	0.0	0.0	0.0	21.377567291259766	0.0	0.0	138.03836059570312	190.2014617919922	0.0	0.0	0.0	185.45379638671875	0.0	0.0	0.0	391.06591796875	0.0	47.86020278930664	148.98818969726562	423.10870361328125	71.84661102294922	0.0	28.575336456298828	61.036495208740234	15.210820198059082	12.631360054016113	151.5434112548828	84.34772491455078	0.0	42.91633224487305	115.53142547607422	174.81988525390625	0.0	80.84265899658203	0.0	31.82469367980957	0.0	129.87557983398438	159.68157958984375	0.0	0.0	335.8750915527344	0.0	29.960474014282227	17.93825340270996	156.70428466796875	0.0	0.0	0.0	0.0	0.0	0.0	0.0	0.0	0.0	29.780380249023438	0.0	0.0	479.19293212890625	615.511474609375	0.0	0.0	0.0	377.93017578125	537.30322265625	718.9945068359375	237.968505859375	29.675567626953125	1.7300490140914917	1002.53369140625	993.49609375	139.99317932128906	683.9688720703125	911.9251708984375	358.506103515625	487.62298583984375	643.3168334960938	691.7210693359375	368.2214050292969	835.3684692382812	216.63543701171875	69.55751037597656	0.0	0.0	65.97985076904297	0.0	0.0	0.0	84.1668701171875	0.0	0.0	0.0	19.844676971435547	0.0	0.0	0.0	0.0	0.0	0.0	0.0	0.0	0.0	0.0	0.0	0.0	593.4730224609375	705.6123046875	0.0	337.7731018066406	730.10791015625	650.921630859375	103.57017517089844	927.9512939453125	1419.66162109375	705.0153198242188	181.34588623046875	68.00328063964844	49.961692810058594	0.0	0.0	6.483396530151367	225.6166534423828	108.64210510253906	124.01879119873047	0.0	0.0	0.0	0.0	0.0	277.28564453125	164.4292449951172	0.0	0.0	72.82027435302734	486.0661315917969	309.0245361328125	0.0	654.7308349609375	619.4380493164062	0.0	192.49488830566406	859.5447387695312	629.3697509765625	17.62618064880371	269.1798400878906	736.9912109375	234.5264129638672	221.6585693359375	135.59170532226562	167.58876037597656	306.0946350097656	318.08245849609375	149.71714782714844	0.0	185.17457580566406	358.8148498535156	160.27610778808594	105.81983184814453	111.86225128173828	0.0	68.79652404785156	207.2340087890625	167.9640655517578	0.0
265.23944091796875	177.97557067871094	0.0	190.1022491455078	54.45735168457031	0.0	94.42811584472656	0.0	0.0	23.29178237915039	73.9306869506836	0.0	187.68325805664062	296.5714416503906	0.0	0.0	173.90415954589844	177.85946655273438	0.0	142.3035888671875	38.85038375854492	67.20004272460938	109.8171157836914	243.83099365234375	0.0	39.70546340942383	407.00311279296875	273.46533203125	95.3713607788086	152.99765014648438	532.5611572265625	37.1900749206543	0.0	190.60572814941406	344.1036682128906	73.44454193115234	149.01138305664062	169.06004333496094	0.0	0.0	12.182271003723145	0.0	0.0	0.0	0.0	0.0	5.888518333435059	22.879234313964844	0.0	84.29954528808594	1146.8302001953125	503.979248046875	9.568084716796875	0.0	979.6688842773438	617.7987060546875	5.115512371063232	44.76636505126953	339.18865966796875	169.9219970703125	65.61560821533203	175.3710174560547	102.7844467163086	0.0	0.0	0.0	94.89958190917969	0.0	13.086348533630371	0.0	209.8599090576172	0.0	0.0	109.61100769042969	969.10009765625	0.0	0.0	734.7289428710938	769.376708984375	0.0	0.0	0.0	0.0	0.0	120.71513366699219	131.95614624023438	0.0	0.0	0.0	132.24334716796875	0.0	0.0	102.95464324951172	123.83830261230469	0.0	0.0	0.0	0.0	123.91648864746094	40.24982833862305	38.919715881347656	8.33107852935791	267.9411315917969	166.4395294189453	2.00128173828125	0.0	0.0	155.08541870117188	0.0	0.0	206.49209594726562	205.46688842773438	0.0	131.81649780273438	160.9878387451172	9.135797500610352	0.0	5.999290943145752	204.5711212158203	71.2076644897461	38.22777557373047	22.456188201904297	0.0	0.0	82.08241271972656	0.0	0.0	10.246367454528809	0.0	0.0	0.0	0.0	0.0	0.0	245.6365966796875	31.14599609375	0.0	24.07654571533203	357.9148864746094	0.0	53.90506362915039	69.11573028564453	221.7455291748047	0.0	331.7408142089844	702.5209350585938	744.9221801757812	0.0	0.0	0.0	454.99078369140625	258.55712890625	0.0	0.0	0.0	0.0	0.0	0.0	0.0	0.0	171.6990509033203	239.48379516601562	309.61810302734375	474.26385498046875	0.0	0.0	397.9791259765625	483.2286071777344	0.0	141.67774963378906	822.5421142578125	154.26565551757812	0.0	998.3580932617188	910.6109008789062	0.0	0.0	0.0	0.0	0.0	0.0	22.72020149230957	0.0	0.0	14.63747501373291	39.7492561340332	0.0	0.0	50.83384323120117	0.0	0.0	43.6038932800293	418.6995544433594	573.5975341796875	436.82989501953125	211.3433074951172	0.0	0.0	0.0	76.41755676269531	0.0	0.0	0.0	240.12045288085938	0.0	0.0	272.84503173828125	244.809814453125	209.69375610351562	197.52767944335938	155.03909301757812	133.35133361816406	221.02447509765625	191.26754760742188	16.17768096923828	34.81841278076172	27.489917755126953	0.0	0.0	0.0	19.22884750366211	0.0	0.0	0.0	108.38893127441406	177.4115753173828	0.0	300.1003112792969	186.62620544433594	291.0663757324219	0.0	403.05157470703125	9.610737800598145	0.0	286.9767150878906	546.2265625	0.0	0.0	503.5061340332031	341.451171875	83.69416809082031	0.0	177.52407836914062	268.8339538574219	21.520875930786133	20.845888137817383	0.0	0.0	46.39967346191406	197.830322265625	0.0	0.0	160.1521453857422	175.45668029785156	1.8807429075241089	0.9654168486595154
678.251953125	790.118896484375	27.521169662475586	168.1182861328125	0.0	290.0887145996094	332.57257080078125	0.0	111.7468032836914	453.2499694824219	303.7811279296875	0.0	114.94082641601562	0.0	0.0	0.0	89.15314483642578	364.2101745605469	191.52955627441406	102.84481048583984	351.6435546875	292.13800048828125	283.70428466796875	460.3646240234375	364.9736022949219	44.923362731933594	516.7673950195312	547.1636962890625	255.4561004638672	91.60701751708984	228.15234375	42.36695098876953	65.87781524658203	81.25241088867188	220.27049255371094	175.1356964111328	315.25335693359375	277.72857666015625	0.0	0.0	267.4469909667969	458.383056640625	63.57463836669922	0.0	222.09461975097656	147.41021728515625	0.0	0.0	264.74652099609375	174.4713897705078	1035.871337890625	1142.58447265625	690.5057983398438	202.77601623535156	849.1622314453125	1080.6905517578125	675.6538696289062	432.3076171875	603.4756469726562	218.85484313964844	0.0	0.0	849.0548095703125	261.208251953125	276.7524108886719	77.94112396240234	51.914974212646484	0.0	761.8641967773438	0.0	616.7965698242188	0.0	501.5105895996094	0.0	782.653076171875	0.0	0.0	0.0	675.6762084960938	0.0	159.06517028808594	0.0	0.0	0.0	0.0	31.711427688598633	0.0	0.0	0.0	0.0	0.0	0.0	157.8308563232422	120.2616958618164	0.0	0.0	0.0	0.0	239.94384765625	17.91461181640625	46.43229293823242	0.0	119.37158966064453	213.30262756347656	54.94486618041992	0.0	0.0	235.27674865722656	33.11507034301758	0.0	261.8153381347656	241.33480834960938	32.56403732299805	0.0	166.5481719970703	44.345096588134766	0.0	138.3842010498047	168.11224365234375	75.30260467529297	79.69754028320312	91.90619659423828	8.743427276611328	0.0	0.0	102.24403381347656	76.6878890991211	0.0	148.3540802001953	34.862648010253906	0.0	56.07649230957031	3.1000564098358154	0.0	295.2764892578125	228.8364715576172	12.568990707397461	0.0	218.5190887451172	96.21043395996094	0.0	0.0	178.48406982421875	0.0	51.606201171875	29.295684814453125	508.804931640625	242.0301055908203	0.0	0.0	303.55377197265625	385.48223876953125	804.68603515625	968.5055541992188	0.0	0.0	0.0	416.20281982421875	289.8046875	0.0	951.5101928710938	970.7686157226562	125.54146575927734	604.8116455078125	828.1505737304688	383.9864196777344	928.2235107421875	800.724853515625	303.1785888671875	0.0	627.40673828125	354.4080810546875	29.646148681640625	0.0	701.577392578125	370.11956787109375	0.0	0.0	0.0	0.0	0.0	0.0	0.0	0.0	0.0	0.0	0.0	0.0	0.0	0.0	0.0	0.0	193.221435546875	450.4978332519531	213.49925231933594	111.11029815673828	0.0	95.09637451171875	0.0	200.71385192871094	608.2227783203125	890.8453979492188	41.21790313720703	362.89495849609375	0.0	0.0	0.0	264.7835693359375	182.20387268066406	238.65965270996094	135.0235595703125	83.16786193847656	0.0	55.53626251220703	34.669193267822266	1.255700707435608	203.83837890625	60.30226516723633	0.0	0.0	0.0	0.0	1.2611976861953735	27.293743133544922	0.0	213.5941162109375	3.24623441696167	339.64678955078125	266.653076171875	993.355712890625	0.0	577.990966796875	192.75604248046875	659.9237670898438	90.05844116210938	857.3861083984375	229.98472595214844	179.3224639892578	148.54336547851562	741.6398315429688	125.68334197998047	14.51282024383545	3.122605323791504	230.07098388671875	82.58354949951172	360.47125244140625	146.7657012939453	0.0	0.0	513.703369140625	283.36419677734375	50.13138961791992	23.942333221435547	0.0	28.862749099731445	46.641273498535156
0.0	0.0	0.0	0.0	0.0	224.0983428955078	424.4837646484375	352.2760314941406	47.727622985839844	447.8339538574219	258.55633544921875	32.184452056884766	82.08848571777344	134.765869140625	552.791748046875	12.998647689819336	39.01966857910156	199.66537475585938	436.9064636230469	0.0	55.146018981933594	304.1095886230469	61.272666931152344	164.1119384765625	217.2230987548828	514.791748046875	451.4046936035156	95.04295349121094	254.54095458984375	240.49354553222656	514.2928466796875	438.7453918457031	0.0	0.0	0.0	17.857080459594727	0.0	0.0	129.26406860351562	251.1298370361328	0.0	126.6809310913086	0.0	114.2898178100586	0.0	367.6697082519531	500.4991149902344	80.56797790527344	0.0	237.149169921875	106.20502471923828	39.86249542236328	276.7073974609375	234.25921630859375	205.24346923828125	130.2399139404297	452.9512939453125	324.7751770019531	227.2768096923828	856.143798828125	0.0	239.3236083984375	0.0	226.89744567871094	0.0	862.2710571289062	272.29241943359375	0.0	700.5944213867188	843.623779296875	0.0	0.0	721.9468383789062	0.0	0.0	0.0	273.6051025390625	0.0	0.0	0.0	14.477725982666016	0.0	0.0	0.0	0.0	0.0	0.0	0.0	0.0	0.0	0.0	0.0	0.0	0.0	0.0	0.0	0.0	0.0	221.1658477783203	123.564697265625	0.0	0.0	140.5360870361328	27.55063819885254	0.0	0.0	0.0	130.9674072265625	0.0	15.320023536682129	120.42549133300781	295.6591796875	54.19380187988281	0.0	0.0	19.62533950805664	26.323373794555664	0.0	0.0	9.73194694519043	28.03619956970215	54.27444076538086	108.16049194335938	6.384708404541016	19.798397064208984	0.0	57.55104446411133	154.9626922607422	0.0	103.0472412109375	188.12176513671875	3.016807794570923	0.0	271.32318115234375	0.0	214.62393188476562	0.0	291.3160095214844	0.0	32.33195495605469	0.0	0.0	0.0	0.0	0.0	0.0	0.0	23.0975341796875	0.0	0.0	0.0	0.0	0.0	0.0	303.8568115234375	102.19408416748047	32.48527145385742	1080.8211669921875	384.4043273925781	238.91690063476562	0.0	830.330322265625	600.1132202148438	0.0	344.6050720214844	762.6814575195312	241.2430877685547	266.2088623046875	253.95677185058594	300.5966491699219	401.7248840332031	568.5636596679688	207.07713317871094	85.26284790039062	238.28378295898438	60.55748748779297	70.91239929199219	0.0	0.0	30.67742156982422	87.34097290039062	0.0	0.0	0.0	76.59901428222656	0.0	0.0	0.0	0.0	0.0	0.0	0.0	0.0	0.0	228.27357482910156	140.8854522705078	0.0	169.52890014648438	22.819812774658203	0.0	0.0	628.6543579101562	120.28146362304688	58.2421989440918	217.23446655273438	1024.41357421875	1011.500244140625	199.0235137939453	0.0	0.0	0.0	0.0	0.0	57.06745147705078	0.0	34.4813232421875	0.0	239.037109375	44.87855911254883	27.63507652282715	0.0	254.26190185546875	109.81086730957031	0.0	0.0	42.79255676269531	554.683837890625	131.64755249023438	0.0	661.5577392578125	385.4649963378906	71.08555603027344	0.0	526.5187377929688	138.3342742919922	181.18589782714844	67.63523864746094	687.3672485351562	659.20703125	239.24130249023438	105.58824157714844	98.11446380615234	27.730592727661133	46.331459045410156	176.88453674316406	84.83612823486328	201.0001678466797	242.91558837890625	197.6192169189453	336.3091735839844	173.54017639160156	195.05001831054688	105.58489227294922	210.64283752441406	323.0364990234375	25.781435012817383
559.9331665039062	917.6439208984375	390.6375732421875	286.9294128417969	404.6303405761719	903.8016967773438	568.394287109375	22.019622802734375	415.126708984375	320.03082275390625	0.0	0.0	283.0483093261719	347.0289001464844	0.0	0.0	38.887638092041016	163.91131591796875	159.3504638671875	28.384307861328125	553.2050170898438	236.94435119628906	143.9554443359375	603.9427490234375	383.8790283203125	265.4368896484375	436.84979248046875	518.0321044921875	0.0	73.96077728271484	520.2395629882812	57.37055969238281	45.635982513427734	177.4766082763672	206.06935119628906	261.0347595214844	344.2431640625	507.791015625	338.2397155761719	0.0	616.447509765625	479.78021240234375	10.657382011413574	67.32537078857422	338.1401062011719	133.441162109375	0.0	26.787824630737305	278.87042236328125	202.08370971679688	236.4336395263672	1025.3909912109375	288.6318664550781	0.0	145.4920196533203	354.2748107910156	347.9080810546875	0.0	575.0616455078125	116.34070587158203	0.0	280.576171875	391.25848388671875	0.0	0.0	0.0	0.0	315.9902038574219	312.45013427734375	0.0	0.0	292.7451477050781	0.0	0.0	581.19384765625	0.0	0.0	84.23664855957031	434.083251953125	0.0	230.0854949951172	3.580584764480591	41.34495544433594	0.0	0.0	215.89468383789062	272.3824768066406	0.0	0.0	24.86246681213379	0.0	0.0	211.80828857421875	302.5223083496094	0.0	0.0	0.0	0.0	0.0	6.637066841125488	0.0	0.0	22.81142234802246	448.41265869140625	0.0	0.0	40.444976806640625	284.8894958496094	186.0132598876953	287.3656921386719	422.8251953125	394.5924377441406	51.61100387573242	0.0	134.87916564941406	84.02007293701172	105.58929443359375	156.8224639892578	39.385746002197266	69.70012664794922	0.0	21.434484481811523	10.84792423248291	38.400115966796875	85.41364288330078	74.8741226196289	0.1758105456829071	0.0	250.1372833251953	193.68777465820312	0.0	9.680477142333984	0.0	0.0	0.0	0.0	0.0	0.0	54.00065612792969	2.1352179050445557	0.0	0.0	153.08197021484375	0.0	0.0	0.0	457.1104431152344	609.2266235351562	0.0	0.0	0.0	173.7578582763672	795.3943481445312	207.24789428710938	0.0	0.0	47.44489288330078	154.80552673339844	0.0	0.0	903.8713989257812	967.37548828125	156.0336151123047	1033.8272705078125	925.9427490234375	16.334997177124023	841.6909790039062	1213.51171875	136.62646484375	53.87862777709961	938.5101928710938	308.81158447265625	0.0	766.052734375	1157.1151123046875	0.0	0.0	0.0	0.0	0.0	0.0	0.0	0.0	0.0	0.0	0.0	0.0	0.0	2.5778210163116455	0.0	0.0	22.27526092529297	169.8047332763672	383.1129455566406	455.0740051269531	445.4948425292969	579.2055053710938	514.4376831054688	0.0	156.16651916503906	1471.0576171875	933.4114379882812	84.06788635253906	264.5831604003906	0.0	0.0	102.51705169677734	90.40908813476562	190.94508361816406	232.27386474609375	187.9198455810547	178.17625427246094	26.801591873168945	125.08250427246094	45.41167449951172	0.0	172.1837921142578	150.9736328125	86.03612518310547	0.0	106.13505554199219	57.35630798339844	95.12609100341797	0.0	0.0	0.0	0.0	65.14308166503906	838.08056640625	750.4346923828125	157.0445098876953	490.0968322753906	722.597900390625	196.13014221191406	390.076904296875	586.5813598632812	371.6410827636719	81.55330657958984	513.2461547851562	337.170166015625	199.00686645507812	100.407958984375	87.51410675048828	259.3971862792969	366.9371032714844	291.5248107910156	165.00453186035156	0.0	194.5597686767578	233.1084442138672	55.53809356689453	0.0	0.0	0.0	0.0	0.0
521.0590209960938	946.8902587890625	752.0809326171875	568.873046875	0.0	0.0	0.0	0.0	94.25482177734375	0.0	0.0	0.0	1.7859013080596924	192.5303955078125	0.0	0.0	199.74537658691406	193.0791778564453	76.06260681152344	177.28077697753906	251.73147583007812	212.5555419921875	29.941112518310547	389.13995361328125	70.5859146118164	0.0	550.7005004882812	511.9960021972656	34.217567443847656	228.48716735839844	567.2677001953125	33.354949951171875	184.935546875	286.20648193359375	443.7432556152344	291.3349609375	0.0	211.8883819580078	89.00443267822266	0.0	161.9895477294922	104.39654541015625	0.0	0.0	5.188530921936035	0.0	0.0	5.387569904327393	531.344482421875	397.8555603027344	605.8367919921875	905.4918823242188	0.0	0.0	760.4951782226562	820.9125366210938	0.0	0.0	416.55108642578125	61.46982955932617	0.0	247.1259765625	366.640869140625	19.198972702026367	242.8898468017578	0.0	0.0	150.52621459960938	609.7225341796875	0.0	366.49615478515625	4.10230016708374	83.25106048583984	0.0	1047.50732421875	0.0	0.0	1013.754638671875	1110.63525390625	0.0	78.67942810058594	0.0	0.0	0.0	0.0	15.167919158935547	49.27729415893555	0.0	61.4357795715332	23.20099449157715	0.0	0.0	76.6991195678711	71.27226257324219	0.0	0.0	0.0	0.0	33.01606750488281	0.0	0.0	30.940418243408203	192.69296264648438	414.46929931640625	102.40872192382812	146.2640838623047	180.7262725830078	352.93658447265625	0.0	0.0	163.00469970703125	248.4603271484375	75.88178253173828	13.364224433898926	47.195098876953125	0.0	0.0	56.81488037109375	109.9647445678711	147.7806396484375	41.637229919433594	27.25571632385254	0.0	0.0	69.1855697631836	0.0	0.0	0.0	0.0	17.185758590698242	0.0	0.0	0.0	0.0	76.26895141601562	159.63833618164062	0.0	0.0	370.2679748535156	44.76125717163086	2.8392646312713623	25.659006118774414	325.96795654296875	0.0	350.310546875	364.60693359375	524.8773803710938	131.36302185058594	122.35316467285156	124.06846618652344	289.48065185546875	257.8890075683594	0.0	0.0	0.0	0.0	0.0	0.0	0.0	0.0	566.2495727539062	741.5142211914062	239.21420288085938	764.802978515625	355.79608154296875	9.921731948852539	840.3960571289062	1008.1112670898438	19.469806671142578	73.72525024414062	950.3016967773438	245.0208282470703	0.0	1067.8948974609375	1147.408447265625	0.0	100.97660827636719	0.0	0.0	0.0	0.0	0.0	0.0	0.0	0.0	0.0	0.0	0.0	114.21477508544922	0.0	0.0	49.520694732666016	509.2624816894531	779.0335083007812	594.727783203125	314.32708740234375	100.1154556274414	65.10110473632812	0.0	130.20970153808594	0.0	0.0	0.0	320.7544860839844	0.0	0.0	355.5241394042969	287.8937683105469	188.08973693847656	270.4478454589844	157.2299346923828	107.08936309814453	0.0	0.0	0.0	0.0	117.20608520507812	158.44354248046875	70.8449478149414	14.242076873779297	48.93098449707031	0.0	0.0	0.0	0.0	248.33482360839844	0.0	230.5809326171875	114.1097412109375	714.7567749023438	135.5420684814453	447.8025817871094	102.83778381347656	62.722869873046875	399.28009033203125	778.6603393554688	0.0	0.0	752.7992553710938	540.7810668945312	65.73263549804688	164.74513244628906	279.5018005371094	274.4314880371094	48.26844787597656	0.0	0.0	0.0	0.0	111.23771667480469	0.0	0.0	172.3836212158203	249.59779357910156	0.5897406935691833	7.637346267700195
307.549072265625	261.2259826660156	52.91171646118164	323.0027160644531	44.282257080078125	146.18267822265625	283.74169921875	13.166951179504395	0.8327763080596924	298.79937744140625	135.4766387939453	0.0	340.6386413574219	226.9429931640625	0.0	0.0	183.07102966308594	99.8109130859375	0.0	20.80128288269043	60.125789642333984	0.0	193.15127563476562	564.1411743164062	0.0	35.608795166015625	550.5482177734375	550.5194702148438	144.1243438720703	512.8369140625	586.1058349609375	84.67652130126953	116.61485290527344	243.23223876953125	232.06121826171875	265.0624694824219	194.68609619140625	243.16331481933594	101.77606964111328	0.0	34.47443771362305	0.0	0.0	85.35797882080078	18.63631820678711	0.0	138.75735473632812	94.65663146972656	43.373287200927734	0.0	519.2327880859375	1201.9163818359375	0.0	0.0	324.55126953125	627.9483642578125	27.4403133392334	55.95480728149414	38.0293083190918	0.0	84.51917266845703	19.89271354675293	0.0	0.0	0.0	0.0	0.0	250.87867736816406	6.284345626831055	0.0	397.3941650390625	389.36016845703125	0.0	522.1107177734375	699.0010986328125	0.0	236.77313232421875	685.6642456054688	0.0	0.0	0.0	0.0	79.2478256225586	0.0	90.36046600341797	205.10244750976562	127.41288757324219	0.0	90.88831329345703	128.92556762695312	0.0	0.0	86.19129943847656	0.0	0.0	0.0	0.0	0.0	0.0	0.0	119.88361358642578	169.08560180664062	4.027490615844727	340.0281677246094	0.0	0.0	30.926025390625	317.0119934082031	0.0	0.0	290.7784423828125	284.48846435546875	0.0	57.74241256713867	206.21685791015625	93.96721649169922	0.0	72.41065979003906	40.311134338378906	130.0524139404297	54.50161361694336	13.708039283752441	0.0	11.209354400634766	43.17934799194336	0.0	15.426789283752441	13.883381843566895	0.0	0.0	0.0	72.49208068847656	0.0	0.0	85.4373779296875	86.28587341308594	59.015708923339844	109.19755554199219	18.092761993408203	0.0	101.34136962890625	32.4340705871582	0.0	0.0	607.7250366210938	643.5217895507812	634.6475219726562	641.1195678710938	0.0	0.0	42.811248779296875	226.5896759033203	0.0	0.0	0.0	0.0	0.0	0.0	0.0	0.0	279.7120056152344	242.4136199951172	271.3809814453125	1032.74365234375	0.0	0.0	936.3475952148438	1211.255859375	0.0	982.815185546875	1114.3070068359375	41.51875686645508	731.7191772460938	1142.1512451171875	331.6681823730469	0.0	0.0	0.0	0.0	0.0	0.0	0.0	0.0	0.0	10.159151077270508	0.0	0.0	0.0	37.46398162841797	0.0	0.0	35.70664596557617	746.3541870117188	1004.3302001953125	498.94464111328125	186.4283447265625	0.0	0.0	0.0	225.61474609375	0.0	0.0	249.34230041503906	319.90338134765625	135.72048950195312	156.7354736328125	303.9893493652344	136.9844970703125	212.9365692138672	255.79917907714844	217.56141662597656	145.14756774902344	240.0514373779297	301.0579833984375	200.2141876220703	0.0	84.70521545410156	137.66357421875	0.0	0.0	57.72187042236328	0.0	0.0	0.0	61.861473083496094	219.43145751953125	0.0	86.16090393066406	266.0557556152344	303.9081115722656	0.0	578.048095703125	0.0	0.0	492.9267272949219	623.087646484375	0.0	468.8472595214844	611.6506958007812	210.56246948242188	28.687423706054688	52.966773986816406	20.425090789794922	224.66664123535156	0.0	0.0	26.54136085510254	0.0	105.26209259033203	212.81385803222656	36.26163864135742	28.77845573425293	197.36239624023438	77.56790161132812	0.0	0.0
0.0	0.0	181.4969482421875	43.45733642578125	0.0	156.8314971923828	117.98686218261719	0.0	222.6244659423828	119.31244659423828	0.0	0.0	330.9278564453125	0.0	0.0	0.5051320195198059	0.0	0.0	317.367919921875	509.77935791015625	0.0	81.59446716308594	498.44927978515625	484.1706237792969	29.11867332458496	439.9345397949219	445.855224609375	0.0	378.3464050292969	448.293212890625	89.32205963134766	123.52220153808594	12.227139472961426	0.0	0.0	0.0	0.0	0.0	0.0	52.12790298461914	0.0	0.0	86.1095962524414	97.40354919433594	35.98909378051758	71.1953125	107.7759780883789	74.81340789794922	4.091779708862305	11.588554382324219	578.007080078125	899.4771118164062	1.326391577720642	80.9549331665039	158.07940673828125	95.28604888916016	60.69371032714844	127.34068298339844	81.16802978515625	0.0	34.091827392578125	0.0	0.0	0.0	0.0	0.0	781.2822875976562	471.7793273925781	0.0	381.15240478515625	756.2986450195312	0.0	64.75469207763672	708.5184936523438	297.2341003417969	0.0	472.8501892089844	477.95794677734375	0.0	0.0	0.0	59.80180740356445	0.0	0.0	44.62163543701172	59.096336364746094	0.0	0.0	53.95704650878906	0.0	0.0	0.0	0.0	0.0	0.0	0.0	0.03960760682821274	0.0	0.0	0.0	0.0	0.0	0.0	324.8085021972656	0.0	0.0	288.34033203125	365.1263427734375	0.0	240.07713317871094	364.177734375	290.0118103027344	47.374420166015625	82.19340515136719	72.3388442993164	62.10965347290039	73.15278625488281	54.517879486083984	0.0	23.136770248413086	92.05712127685547	0.0	42.92648696899414	35.84608840942383	0.0	4.419994354248047	40.087669372558594	8.830484390258789	0.0	30.417686462402344	278.63763427734375	289.06219482421875	0.0	119.11842346191406	172.61297607421875	0.0	123.66398620605469	117.57744598388672	0.0	0.0	24.874608993530273	0.0	0.0	0.0	0.0	0.0	222.5027618408203	235.25341796875	0.0	0.0	0.0	0.0	0.0	0.0	0.0	0.0	0.0	0.0	0.0	0.0	0.0	0.0	1083.52587890625	1034.264404296875	0.0	825.379150390625	1084.93310546875	561.5496826171875	557.7984008789062	1097.2490234375	811.840087890625	0.0	980.898681640625	897.2711791992188	0.0	0.0	0.0	25.00992774963379	0.0	0.0	23.950424194335938	31.995391845703125	0.0	0.0	10.7029390335083	0.0	0.0	4.479745388031006	0.0	0.0	0.0	48.998409271240234	0.0	0.0	62.026214599609375	339.4378662109375	0.0	0.0	257.734130859375	374.13427734375	0.0	225.53921508789062	359.7522888183594	167.55921936035156	522.5471801757812	440.4150085449219	255.96885681152344	0.0	0.0	0.0	178.61294555664062	152.72885131835938	4.813776016235352	43.316505432128906	0.0	0.0	28.470481872558594	0.0	0.0	5.654316425323486	0.0	0.0	0.0	11.861672401428223	8.882923126220703	0.0	0.0	499.0168762207031	0.0	0.0	496.02691650390625	624.5514526367188	0.0	395.6188659667969	622.8063354492188	446.2430419921875	428.50042724609375	620.8726196289062	579.23388671875	0.0	33.774662017822266	205.46485900878906	187.5881805419922	0.0	105.71953582763672	200.78240966796875	97.9569320678711	16.325468063354492	203.1056671142578	164.61953735351562	0.0	0.0	249.51724243164062	0.0	0.0	0.0
463.36590576171875	490.12396240234375	25.7149715423584	76.81680297851562	677.5850219726562	699.0601806640625	560.8738403320312	0.0	686.4090576171875	785.1334228515625	598.4815063476562	671.5988159179688	0.0	0.0	70.9032211303711	106.42654418945312	104.80697631835938	63.82764434814453	33.595680236816406	117.65885925292969	0.0	0.0	129.1902313232422	346.8387756347656	376.0381774902344	84.1238021850586	485.2969970703125	637.8704833984375	285.7613525390625	129.96971130371094	195.14395141601562	0.0	109.87948608398438	258.5582275390625	165.298583984375	225.77593994140625	378.80181884765625	366.338134765625	0.0	0.0	266.9232482910156	376.3422546386719	268.8932800292969	502.77032470703125	131.1320343017578	305.42633056640625	343.2425537109375	175.69725036621094	0.0	81.86759185791016	958.5731201171875	1320.279052734375	96.46490478515625	0.0	516.6598510742188	940.1948852539062	141.09234619140625	64.635009765625	0.0	198.34597778320312	0.0	0.0	0.0	26.906047821044922	1.0536327362060547	0.0	237.41571044921875	48.16313552856445	0.0	0.0	340.33465576171875	0.0	0.0	0.0	163.65780639648438	0.0	0.0	0.0	0.0	0.0	9.118940353393555	0.0	0.0	0.0	230.8505401611328	303.4077453613281	0.0	0.0	65.28938293457031	146.3862762451172	0.0	0.0	53.157859802246094	169.3903350830078	65.57179260253906	97.95472717285156	0.0	0.0	197.95387268066406	12.438271522521973	0.0	0.0	240.42433166503906	304.2081604003906	0.0	0.0	0.0	113.0912094116211	44.41361618041992	208.28671264648438	100.45548248291016	218.76873779296875	7.048116207122803	0.0	214.1300506591797	49.986061096191406	0.0	6.774742603302002	208.16806030273438	60.447601318359375	100.81373596191406	0.0	0.0	74.03263854980469	0.0	0.0	0.0	165.89569091796875	0.0	0.0	0.0	27.8236083984375	141.882080078125	113.38682556152344	210.29132080078125	361.3002014160156	0.0	0.0	0.0	55.881595611572266	0.0	0.0	0.0	0.0	293.861572265625	426.0029602050781	697.7988891601562	441.4104309082031	0.0	0.0	251.76768493652344	458.012451171875	75.427978515625	100.4266128540039	197.16795349121094	544.4705810546875	466.6233825683594	267.5517883300781	372.67236328125	896.3901977539062	280.209228515625	281.8860168457031	88.79159545898438	628.80908203125	0.0	0.0	516.9373168945312	738.9990844726562	314.0658874511719	524.58056640625	438.629150390625	0.0	234.34970092773438	211.6610870361328	111.23159790039062	97.13131713867188	0.0	0.0	0.0	0.0	0.0	0.0	0.0	0.0	0.0	0.0	0.0	0.0	0.0	0.0	0.0	0.0	576.2120361328125	855.887939453125	556.7855224609375	229.91366577148438	0.0	0.0	0.0	0.0	1119.2293701171875	1001.3875732421875	1203.5556640625	1564.6842041015625	774.2835083007812	322.64349365234375	377.6531066894531	462.7222595214844	180.89854431152344	187.026123046875	157.47259521484375	66.78533935546875	149.31532287597656	174.94993591308594	37.736698150634766	0.0	421.69305419921875	327.73040771484375	88.29342651367188	88.34660339355469	0.0	0.0	0.0	0.0	60.02410888671875	194.45504760742188	71.05447387695312	420.1222839355469	127.41683959960938	215.4227294921875	0.0	479.1941223144531	302.2814636230469	0.0	0.0	691.8905029296875	579.0689697265625	350.8043212890625	341.76361083984375	100.40453338623047	85.02196502685547	118.76054382324219	59.95722198486328	250.2959442138672	290.80670166015625	240.3896026611328	176.58486938476562	96.55423736572266	187.68260192871094	259.878173828125	282.6124267578125	562.9627075195312	0.0	0.0	0.0	0.0
120.31263732910156	0.0	0.0	0.0	409.1988220214844	612.791259765625	735.12060546875	545.3709106445312	94.97062683105469	0.0	0.0	0.0	204.36228942871094	10.483850479125977	0.0	30.75160026550293	51.61332702636719	0.0	0.0	86.80814361572266	232.77793884277344	74.5914306640625	329.41888427734375	339.37054443359375	205.40257263183594	0.0	247.0867462158203	63.001808166503906	0.0	57.06336212158203	268.38433837890625	18.288522720336914	119.79058074951172	0.0	28.320173263549805	0.0	450.3863220214844	521.927490234375	334.9786071777344	225.20053100585938	0.0	127.70560455322266	116.79104614257812	18.44588851928711	359.8774719238281	285.1877136230469	188.67921447753906	30.751129150390625	728.5491943359375	0.0	562.432373046875	470.1107482910156	857.447509765625	31.619112014770508	411.7348327636719	379.10968017578125	0.0	0.0	353.7886962890625	123.57101440429688	36.038475036621094	0.0	561.1089477539062	45.59954833984375	425.656982421875	0.0	765.8621215820312	118.08277130126953	289.3260192871094	0.0	450.0318908691406	0.0	0.0	0.0	277.1495666503906	0.0	0.0	0.0	339.2079162597656	0.0	0.0	0.0	0.0	0.0	0.0	45.85883712768555	0.0	0.0	72.30926513671875	120.37934875488281	0.0	0.0	229.4837188720703	153.59690856933594	0.0	0.0	111.5045394897461	25.153470993041992	118.25528717041016	32.229278564453125	0.0	0.0	0.0	39.02857971191406	38.23833084106445	0.0	61.59191131591797	188.75155639648438	270.8099365234375	198.4564208984375	474.4764709472656	428.32061767578125	16.412723541259766	0.0	31.32874870300293	42.84417724609375	82.50123596191406	54.35823440551758	40.1032829284668	37.082176208496094	20.58620834350586	109.57382202148438	14.94919204711914	85.00773620605469	0.0	36.720367431640625	34.914154052734375	0.0	100.9021987915039	0.0	146.57948303222656	324.26416015625	20.300004959106445	0.0	317.3578796386719	339.7796325683594	0.0	0.0	0.0	0.0	24.92136573791504	0.0	198.80352783203125	0.0	0.0	0.0	150.671142578125	126.06605529785156	667.8120727539062	0.0	0.0	0.0	1301.6221923828125	869.9976806640625	287.1768798828125	222.73587036132812	0.0	0.0	0.0	0.0	436.8692626953125	67.86933135986328	306.87957763671875	465.460205078125	53.32099533081055	0.0	292.9862976074219	186.17303466796875	154.1689910888672	0.0	633.0016479492188	442.9799499511719	0.0	0.0	326.4576721191406	207.9506378173828	0.0	0.0	0.0	0.0	0.0	56.47658920288086	0.0	0.0	0.0	0.0	0.0	0.0	0.0	10.314615249633789	0.0	0.0	0.0	0.0	0.0	37.01604461669922	1408.085205078125	1214.7164306640625	748.206298828125	924.7050170898438	735.8265380859375	544.3251953125	431.2577209472656	653.3413696289062	0.0	0.0	0.0	156.88462829589844	152.637939453125	107.85136413574219	70.34815216064453	87.08837890625	86.30049133300781	4.258268356323242	101.1410140991211	37.84172058105469	131.50927734375	114.02775573730469	115.60682678222656	107.34310913085938	406.3525390625	264.0332336425781	228.4348907470703	210.3639678955078	412.48828125	182.09231567382812	0.0	407.8103942871094	722.5027465820312	465.73956298828125	0.0	508.5943298339844	373.7940979003906	327.8360595703125	147.2093963623047	580.2727661132812	141.87709045410156	37.33903884887695	59.58761215209961	578.4126586914062	208.73765563964844	301.3556213378906	240.74276733398438	108.10076141357422	524.0234375	570.4799194335938	371.09765625	307.5861511230469	0.0	68.01409149169922	0.0	0.0	0.0	0.0	0.0	0.0
0.0	0.0	0.0	486.8512268066406	0.0	0.0	0.0	0.0	0.0	0.0	0.0	107.8097915649414	33.404945373535156	435.45733642578125	638.8558959960938	47.794837951660156	226.87628173828125	537.5347290039062	0.0	13.396845817565918	277.75775146484375	292.1202392578125	258.0043029785156	0.0	272.0762939453125	148.8487091064453	160.7923126220703	298.7817077636719	304.6082763671875	151.82261657714844	243.79693603515625	557.1793823242188	0.0	0.0	504.3798828125	456.5952453613281	0.0	64.33009338378906	60.493106842041016	184.5806884765625	0.0	0.0	44.6857795715332	0.0	58.99717330932617	374.35015869140625	282.0023498535156	0.0	422.1585693359375	30.349462509155273	897.80810546875	910.4161376953125	748.5313720703125	246.7182159423828	0.0	1273.3912353515625	950.2341918945312	351.3022766113281	0.0	867.9998168945312	879.2771606445312	703.7078247070312	0.0	117.5655746459961	1067.30908203125	130.0728302001953	0.0	0.0	997.4187622070312	0.0	0.0	0.0	1005.8400268554688	0.0	0.0	875.6276245117188	771.6266479492188	0.0	374.2493896484375	1019.0032348632812	0.0	0.0	0.0	0.0	0.0	0.0	0.0	0.0	0.0	0.0	60.829856872558594	0.0	0.0	0.0	170.69032287597656	0.0	0.0	0.0	138.74740600585938	250.40541076660156	110.63555908203125	63.534156799316406	219.61996459960938	349.7356872558594	266.5156555175781	171.5869903564453	0.0	226.81961059570312	224.4005584716797	57.19775390625	0.0	236.32357788085938	0.0	174.14031982421875	282.01080322265625	28.922611236572266	38.55162811279297	0.0	283.57879638671875	230.1228790283203	34.16119384765625	64.52354431152344	0.0	72.7760238647461	75.07723999023438	101.91580200195312	0.0	0.0	0.0	124.32514190673828	0.0	0.0	305.335205078125	192.50486755371094	0.0	0.0	331.5227355957031	0.0	0.0	371.47576904296875	72.9139633178711	0.0	17.107385635375977	182.79022216796875	0.0	146.23553466796875	1226.5498046875	425.44439697265625	0.0	0.0	692.624267578125	1162.3179931640625	0.0	0.0	0.0	224.06629943847656	425.0590515136719	424.7558898925781	0.0	0.0	759.9017333984375	1002.8408813476562	0.0	210.78855895996094	620.2672119140625	337.0032653808594	0.0	464.38427734375	435.68951416015625	328.5125732421875	0.0	695.241943359375	279.80987548828125	0.0	560.86328125	1039.22509765625	68.24710845947266	0.0	0.0	0.0	0.0	0.0	25.54726791381836	0.0	0.0	0.0	30.97629165649414	0.0	0.0	0.0	15.358885765075684	0.0	0.0	472.5684814453125	319.1226501464844	316.8238220214844	0.0	109.19982147216797	0.0	0.0	0.0	146.01327514648438	0.0	0.0	416.8651123046875	1075.855224609375	735.03125	375.1087341308594	0.0	74.44351959228516	0.0	45.67982482910156	17.373937606811523	125.82500457763672	12.60706615447998	78.599609375	0.0	195.14805603027344	2.5778000354766846	0.0	0.0	0.0	16.27025032043457	0.0	0.0	928.9788208007812	0.0	302.6835021972656	78.95321655273438	975.2823486328125	0.0	62.916107177734375	122.86502075195312	914.474853515625	0.0	87.98448944091797	51.58635330200195	774.0671997070312	73.07823181152344	571.3280639648438	111.22347259521484	0.0	321.1532287597656	572.2628784179688	53.37800979614258	32.52427673339844	50.175804138183594	125.43803405761719	84.89099884033203	282.0736389160156	294.1683349609375	4.731011390686035	41.4306640625	447.25079345703125	457.69677734375	32.31846237182617
92.40271759033203	271.20684814453125	115.98146057128906	0.0	275.47808837890625	731.7203369140625	584.84375	6.692931175231934	209.5218505859375	190.69589233398438	416.93487548828125	79.87792205810547	641.92138671875	1216.9007568359375	783.6463012695312	0.0	111.29379272460938	64.494140625	391.94378662109375	122.81004333496094	86.62793731689453	278.041259765625	232.83084106445312	461.7978210449219	0.0	0.0	0.0	101.0739974975586	193.6669921875	18.060380935668945	526.2808837890625	446.8440246582031	39.11440658569336	49.51948928833008	0.0	34.4657096862793	199.949462890625	415.9066467285156	427.55474853515625	0.0	290.0656433105469	0.0	80.30029296875	172.6619110107422	632.5564575195312	555.6793823242188	103.5731201171875	56.788978576660156	0.0	0.0	391.6490783691406	1112.733154296875	0.0	0.0	340.39788818359375	0.0	18.720020294189453	0.0	1036.295654296875	622.6504516601562	662.9927368164062	0.0	0.0	101.78914642333984	0.0	190.078369140625	0.0	0.0	0.0	0.0	0.0	0.0	0.0	0.0	0.0	0.0	0.0	0.0	0.0	0.0	0.0	23.506423950195312	70.74880981445312	0.0	109.08386993408203	242.0565948486328	0.0	0.0	0.0	308.9088439941406	59.09037780761719	0.0	173.93280029296875	331.8683776855469	0.0	0.0	0.0	0.0	0.0	46.18143844604492	0.0	0.0	302.13580322265625	473.410888671875	0.0	0.0	138.0011749267578	205.3154754638672	0.0	0.0	240.34547424316406	379.6647644042969	18.981359481811523	0.0	161.5778045654297	102.39755249023438	0.0	45.732261657714844	0.0	49.78646469116211	0.0	20.039791107177734	202.4945831298828	65.25439453125	83.314697265625	0.0	0.0	0.0	0.0	61.738121032714844	223.88475036621094	0.0	0.0	0.0	0.0	53.195281982421875	0.0	0.0	93.63015747070312	93.60189056396484	0.0	21.933032989501953	0.0	0.0	0.0	121.56842041015625	455.3472595214844	314.0669860839844	103.8628158569336	222.79388427734375	253.6280517578125	0.0	0.0	249.2837371826172	763.1937866210938	166.04391479492188	604.34326171875	0.0	0.0	32.530765533447266	20.665668487548828	456.1427307128906	779.5332641601562	1018.0084228515625	111.25248718261719	175.42098999023438	622.8017578125	361.4730224609375	191.31321716308594	41.29603958129883	629.71044921875	559.0602416992188	128.02670288085938	205.2578887939453	524.4849243164062	0.0	34.13734436035156	0.0	0.0	0.0	20.7298641204834	0.0	0.0	0.0	0.0	0.0	0.0	0.0	0.0	0.0	0.0	0.0	82.5097885131836	231.7824249267578	114.93887329101562	118.8717041015625	276.9252014160156	585.0669555664062	407.9687805175781	169.20654296875	0.0	0.0	0.0	52.24646759033203	1218.6256103515625	1397.6824951171875	340.357666015625	300.3270568847656	56.029991149902344	69.72284698486328	36.01288604736328	0.0	109.94835662841797	156.82200622558594	14.846025466918945	7.595554828643799	121.14977264404297	58.3035774230957	5.794381141662598	15.060776710510254	309.70037841796875	375.1374816894531	0.0	0.0	10.729839324951172	0.0	480.345947265625	199.2353973388672	136.53269958496094	403.5355529785156	538.5225830078125	464.14007568359375	278.492919921875	317.86077880859375	0.0	390.99298095703125	264.08502197265625	393.010009765625	74.60982513427734	287.3997802734375	148.593017578125	155.29156494140625	115.56448364257812	45.00251770019531	177.18959045410156	162.42298889160156	290.67291259765625	245.69229125976562	245.26934814453125	31.10749053955078	52.718788146972656	289.3095397949219	382.3651428222656	363.91546630859375	0.0	6.797326564788818
135.0085906982422	567.287109375	177.10067749023438	133.65135192871094	44.56126403808594	157.54627990722656	541.9951171875	0.0	0.0	81.70761108398438	0.0	0.0	0.0	202.07810974121094	0.0	0.0	101.83509063720703	27.014188766479492	359.156005859375	129.0179443359375	122.91588592529297	583.387939453125	360.1875305175781	374.6551818847656	228.32107543945312	144.68077087402344	405.0762634277344	102.59490966796875	0.0	126.7034912109375	466.1454162597656	100.15900421142578	0.0	60.12725830078125	82.15995025634766	98.81721496582031	0.0	360.0145568847656	264.4032287597656	0.0	2.9939355850219727	0.0	27.07881736755371	98.06668090820312	177.98263549804688	124.20274353027344	0.0	19.319091796875	0.0	169.23623657226562	566.2176513671875	791.0494995117188	0.0	255.88328552246094	304.10101318359375	328.7733459472656	0.0	220.9394073486328	672.13671875	16.331111907958984	7.365061283111572	346.45355224609375	230.31898498535156	0.0	0.0	105.60163116455078	0.0	0.0	122.41626739501953	309.9395751953125	0.0	0.0	88.4095230102539	0.0	49.3769645690918	0.0	0.0	577.1404418945312	0.0	0.0	31.55255889892578	75.41279602050781	0.0	0.0	0.0	0.0	0.0	0.0	0.0	172.7418212890625	0.0	0.0	170.06576538085938	228.46893310546875	0.0	0.0	0.0	0.0	31.222496032714844	0.0	0.0	0.0	36.898441314697266	304.37127685546875	0.0	70.3163833618164	96.79100036621094	216.26100158691406	0.0	148.9915771484375	369.5648193359375	327.53656005859375	81.4599609375	24.602624893188477	99.49909210205078	2.2318413257598877	58.2149772644043	27.4936466217041	42.803184509277344	77.48009490966797	0.0	132.12893676757812	94.16207122802734	0.0	67.77668762207031	0.0	15.102602005004883	0.0	0.0	26.86699867248535	33.192726135253906	0.0	0.0	60.39356994628906	0.0	0.0	0.0	0.0	40.30351257324219	0.0	0.0	105.1154556274414	181.24172973632812	0.0	0.0	85.75450134277344	208.809326171875	0.0	98.30545043945312	260.37445068359375	0.0	0.0	24.45745086669922	961.6143188476562	312.61114501953125	0.0	0.0	0.0	0.0	0.0	0.0	720.5440063476562	646.4600830078125	683.351318359375	269.10736083984375	319.740478515625	743.3945922851562	343.9994201660156	233.79029846191406	124.57050323486328	717.1925048828125	0.0	0.0	722.627685546875	691.0432739257812	0.0	41.0171012878418	0.0	0.0	0.0	75.98853302001953	0.0	0.0	0.0	0.0	0.0	0.0	48.63138198852539	120.12950134277344	0.0	0.0	59.05763626098633	0.0	0.0	38.14643096923828	85.58564758300781	200.34182739257812	854.506103515625	566.5472412109375	97.84490966796875	0.0	272.1806945800781	90.07989501953125	232.75730895996094	0.0	0.0	243.03199768066406	29.588146209716797	52.18403244018555	190.58392333984375	216.6415252685547	44.02913284301758	0.0	47.703861236572266	0.0	0.0	0.0	74.32469940185547	53.912532806396484	0.0	162.353515625	123.86923217773438	46.28920364379883	0.0	0.0	0.0	24.218347549438477	218.2395782470703	27.96234893798828	575.3929443359375	634.6273193359375	379.30059814453125	213.37107849121094	212.40487670898438	404.0200500488281	385.5254211425781	73.05490112304688	0.0	475.3382263183594	116.59076690673828	115.66388702392578	124.85294342041016	1.847355842590332	202.4094696044922	105.39466094970703	315.3515930175781	172.29881286621094	7.460098743438721	165.77577209472656	0.0	15.884342193603516	77.74915313720703	93.97845458984375	79.59523010253906	0.0	6.926718711853027
402.4419860839844	652.4075927734375	0.0	0.0	191.40809631347656	0.0	0.0	0.0	80.54070281982422	0.0	267.5820617675781	105.83357238769531	368.14385986328125	977.877685546875	805.1815185546875	0.0	71.95108795166016	530.2455444335938	502.2606506347656	110.30841827392578	396.8643493652344	411.0632019042969	153.8990020751953	258.79833984375	417.61676025390625	0.0	155.69400024414062	553.260986328125	344.3489685058594	224.21600341796875	446.57763671875	539.4374389648438	0.0	0.0	0.0	230.07461547851562	0.0	198.2076873779297	166.56640625	0.0	114.86632537841797	49.6048469543457	0.0	0.0	503.183349609375	567.2542724609375	189.01470947265625	36.51398468017578	197.1527099609375	87.5302963256836	126.29668426513672	1202.7132568359375	213.03993225097656	0.0	0.0	1161.3726806640625	563.7046508789062	0.0	49.119285583496094	570.5866088867188	815.7514038085938	0.0	0.0	44.69795227050781	141.57257080078125	505.7889709472656	0.0	0.0	880.500732421875	187.4800567626953	0.0	495.97760009765625	1043.3538818359375	0.0	334.3428649902344	1082.2581787109375	0.0	0.0	556.608642578125	500.19085693359375	113.83444213867188	0.0	0.0	0.0	0.0	0.0	0.0	0.0	0.0	0.0	195.2410888671875	0.0	0.0	102.3529052734375	67.25138092041016	0.0	0.0	0.0	39.8549919128418	273.64947509765625	0.0	252.90220642089844	60.89945602416992	477.9044494628906	124.42535400390625	239.14907836914062	0.0	30.356597900390625	65.33641815185547	0.0	0.0	227.06524658203125	62.0680046081543	0.0	280.23443603515625	176.6072540283203	0.0	0.0	214.1468048095703	200.01846313476562	33.34891128540039	18.85942268371582	0.0	1.4943745136260986	58.47654342651367	98.20118713378906	0.0	3.817833662033081	136.2848358154297	102.82368469238281	0.0	0.0	67.71292114257812	0.0	0.0	230.84779357910156	215.4782257080078	0.0	252.8249053955078	416.12408447265625	108.97666931152344	0.0	10.248089790344238	19.68766975402832	0.0	0.0	342.5866394042969	759.5113525390625	0.0	0.0	0.0	478.6094665527344	0.0	0.0	0.0	0.0	886.5912475585938	0.0	0.0	0.0	730.3617553710938	1183.9227294921875	473.0091247558594	477.57196044921875	1086.6298828125	699.673095703125	0.0	560.6052856445312	959.1286010742188	0.0	518.864990234375	1081.75341796875	0.0	81.01756286621094	929.4071044921875	524.8632202148438	11.904928207397461	0.0	0.0	0.0	0.0	0.0	35.57917022705078	0.0	0.0	0.0	0.0	0.0	0.0	23.682336807250977	0.0	0.0	114.81427764892578	213.3601837158203	212.24070739746094	259.3984069824219	37.14871597290039	244.0886993408203	0.0	0.0	38.11628723144531	0.0	0.0	109.4001235961914	1452.3543701171875	1421.102294921875	680.85498046875	367.8471984863281	126.0654067993164	160.23178100585938	0.0	0.0	0.0	0.0	0.0	49.98325729370117	103.11238098144531	5.045825958251953	0.0	0.0	176.87841796875	114.83436584472656	5.076776027679443	0.0	0.0	445.8335266113281	575.7898559570312	518.2267456054688	333.09722900390625	807.7861938476562	431.6553955078125	8.029574394226074	986.655029296875	572.6726684570312	0.0	398.2841491699219	965.764404296875	360.7575378417969	8.130939483642578	572.6177978515625	178.57276916503906	67.38129425048828	0.0	341.657470703125	70.51879119873047	0.0	61.247520446777344	10.907015800476074	196.22525024414062	192.4336700439453	365.4075622558594	0.0	581.4472045898438	485.7428894042969	332.5654296875	38.034095764160156
0.0	0.0	0.0	0.0	0.0	24.96364974975586	0.0	0.0	0.0	65.08121490478516	0.0	0.0	8.483186721801758	0.0	0.0	5.480528831481934	0.0	13.398421287536621	233.2476043701172	497.3453063964844	0.0	40.633243560791016	567.526611328125	493.1962585449219	73.25628662109375	292.81256103515625	577.29345703125	48.91258239746094	138.7147216796875	526.1295776367188	426.5211181640625	126.29151916503906	0.0	0.0	0.0	0.0	1.907112956047058	0.0	0.0	0.0	0.0	0.0	0.0	25.46769142150879	0.0	0.0	32.02667999267578	33.850643157958984	9.903555870056152	0.0	627.627685546875	594.1405029296875	7.261142253875732	165.85116577148438	410.7699279785156	117.2336196899414	0.0	265.0540466308594	256.4500732421875	0.0	155.17909240722656	344.4798278808594	0.0	0.0	0.0	0.0	1139.5340576171875	357.87451171875	0.0	394.3196716308594	1177.875244140625	0.0	0.0	1090.7430419921875	824.4601440429688	0.0	673.6822509765625	964.071533203125	0.0	0.0	0.0	0.0	0.0	0.0	0.0	59.39155197143555	0.0	0.0	49.516788482666016	36.983245849609375	0.0	0.0	0.0	0.0	0.0	0.0	0.0	0.0	0.0	109.19432067871094	0.0	0.0	0.0	273.9703674316406	0.0	0.0	242.70826721191406	265.32867431640625	0.0	51.75102233886719	276.1729736328125	146.88043212890625	34.53856658935547	63.61043167114258	49.20164489746094	19.348743438720703	61.42619705200195	57.97280502319336	0.0	0.0	68.10267639160156	0.0	0.0	8.556267738342285	38.04690170288086	0.0	0.0	14.52418041229248	0.0	0.0	234.1449737548828	195.621337890625	0.0	0.0	345.83563232421875	46.3458251953125	0.0	166.30909729003906	264.56561279296875	0.0	0.0	167.04776000976562	0.0	0.0	0.21105101704597473	0.0	152.44580078125	0.0	0.0	0.0	0.0	0.0	0.0	0.0	0.0	0.0	0.0	0.0	0.0	7.340296268463135	0.0	0.0	1061.810302734375	961.657470703125	0.0	435.9917907714844	1118.8662109375	225.58795166015625	0.0	1189.2017822265625	1061.60693359375	0.0	484.1282653808594	1002.3610229492188	0.0	0.0	0.0	76.99513244628906	0.0	0.0	36.62186050415039	78.45677185058594	0.0	0.0	82.66918182373047	0.0	0.0	61.75320053100586	118.5770034790039	0.0	0.0	58.33143997192383	0.0	0.0	0.0	280.2359619140625	0.0	0.0	85.44502258300781	325.79052734375	0.0	0.0	327.5164794921875	281.8551940917969	27.14871597290039	434.18109130859375	342.2248840332031	0.0	0.21747080981731415	0.0	72.98564147949219	38.2269401550293	0.0	0.0	0.0	0.0	0.0	0.0	0.0	0.0	0.0	0.0	0.0	14.890289306640625	8.226165771484375	0.0	0.0	608.090087890625	0.0	0.0	532.1571655273438	768.7465209960938	0.0	0.0	763.8258666992188	445.3804931640625	0.0	835.8585815429688	802.0669555664062	0.0	14.702017784118652	143.97531127929688	117.71958923339844	0.0	77.13745880126953	174.80772399902344	48.01122283935547	3.999997615814209	151.11557006835938	175.42335510253906	4.577335357666016	31.33298683166504	165.48724365234375	62.61790466308594	15.110970497131348	0.0
0.0	357.9845886230469	107.44412994384766	31.174850463867188	0.0	386.13525390625	643.5167236328125	560.5423583984375	327.6752014160156	379.2292785644531	0.0	0.0	301.20855712890625	336.19635009765625	0.0	20.39876365661621	0.0	75.84561920166016	289.15899658203125	191.1025848388672	37.5155029296875	234.99143981933594	387.65521240234375	275.9749450683594	32.083465576171875	290.7679443359375	279.75897216796875	272.2104797363281	568.4425659179688	620.2269897460938	361.6097412109375	128.44635009765625	0.0	0.0	0.0	1.884716272354126	0.0	0.0	446.6099853515625	371.64324951171875	0.0	0.0	14.678842544555664	128.57095336914062	402.22265625	313.0344543457031	55.934112548828125	34.10493850708008	27.477218627929688	217.4517364501953	0.0	155.3727569580078	0.0	779.381103515625	636.3870239257812	0.0	26.020383834838867	300.35186767578125	726.1023559570312	125.93465423583984	280.6217041015625	278.0773010253906	572.3096313476562	0.0	0.0	659.8901977539062	218.41015625	0.0	0.0	547.9580688476562	0.0	0.0	0.0	379.4490661621094	0.0	0.0	293.4815673828125	0.0	0.0	0.0	0.0	26.37026023864746	0.0	92.96676635742188	8.533992767333984	0.0	68.86590576171875	0.0	193.13604736328125	0.0	0.0	0.0	9.183293342590332	0.0	0.0	0.0	0.0	0.0	0.0	53.90496063232422	0.0	0.0	24.73027992248535	362.8126220703125	0.0	0.0	12.77798843383789	197.89537048339844	0.0	45.217647552490234	449.9703674316406	439.8662414550781	78.72941589355469	30.527063369750977	0.0	140.5220947265625	39.0268440246582	76.80982208251953	34.133121490478516	0.0	0.0	19.859254837036133	77.13822174072266	16.570755004882812	0.0	25.830156326293945	68.65547943115234	0.0	0.0	0.328818142414093	69.20409393310547	0.0	0.0	427.3343505859375	400.00164794921875	0.0	79.95683288574219	36.9598503112793	0.0	0.0	32.40642166137695	34.69626235961914	0.0	0.0	0.0	0.0	0.0	537.3583984375	0.0	219.3211669921875	196.68141174316406	0.0	0.0	0.0	198.81947326660156	26.73691749572754	0.0	0.0	0.0	0.0	0.0	612.6992797851562	1152.7926025390625	237.3049774169922	0.0	569.1412353515625	817.404296875	19.333248138427734	727.4752807617188	701.3978271484375	580.9336547851562	0.0	486.2028503417969	547.3452758789062	438.8519592285156	0.0	68.83577728271484	49.501502990722656	0.0	0.0	60.9010009765625	0.0	0.0	0.0	0.0	0.0	0.0	0.0	2.1795265674591064	0.0	0.0	61.221744537353516	0.0	0.0	1.277012586593628	247.02035522460938	0.0	137.2518768310547	707.9557495117188	3.0472609996795654	0.0	0.0	272.5924072265625	95.6033935546875	985.7459716796875	1021.0953369140625	193.68324279785156	0.23133030533790588	0.0	124.06767272949219	69.61223602294922	0.0	0.0	275.72760009765625	351.90228271484375	179.03013610839844	95.78914642333984	0.0	0.0	0.0	0.0	0.0	0.0	40.35485076904297	0.0	0.0	826.8719482421875	315.48974609375	0.0	0.0	781.2454223632812	15.879911422729492	0.0	5.759653091430664	728.1239624023438	168.4709014892578	675.66357421875	688.9681396484375	420.4216613769531	0.0	103.80814361572266	102.18038177490234	0.0	0.0	256.1396179199219	183.82400512695312	120.31336212158203	0.0	340.31622314453125	67.8648910522461	21.7305850982666	15.6556978225708	265.848388671875	255.70069885253906	2.814326286315918	11.053906440734863
190.76571655273438	481.48162841796875	321.0304260253906	263.6275939941406	0.0	145.32553100585938	630.2998046875	126.07025909423828	328.0044250488281	542.6661376953125	0.0	20.471942901611328	18.661333084106445	667.7132568359375	357.405517578125	0.0	182.24807739257812	299.23455810546875	113.57841491699219	66.27194213867188	151.0850372314453	187.33792114257812	100.70284271240234	344.3478698730469	238.70489501953125	139.60977172851562	291.3365478515625	609.736083984375	81.0000991821289	537.3506469726562	449.244140625	228.44998168945312	0.0	72.92587280273438	354.9850769042969	411.53656005859375	0.0	522.6461181640625	479.4444885253906	146.57870483398438	159.89596557617188	0.0	115.91999053955078	89.0295181274414	123.65179443359375	486.9363098144531	0.0	13.993837356567383	1.5587753057479858	230.1076202392578	493.3608093261719	1005.7376708984375	0.0	757.0769653320312	53.0975341796875	732.7728881835938	0.0	613.8108520507812	1072.40625	305.8590393066406	245.6350555419922	320.39898681640625	948.7183227539062	347.35693359375	145.51382446289062	430.87384033203125	0.0	0.0	312.6717529296875	254.82032775878906	0.0	0.0	0.0	0.0	3.123000144958496	0.0	417.1131591796875	0.0	0.0	0.0	0.0	0.0	0.0	0.0	0.0	75.23028564453125	89.15306854248047	0.0	161.83958435058594	45.579933166503906	0.0	0.0	53.13178253173828	70.99395751953125	0.0	0.0	0.0	0.0	0.0	28.208358764648438	0.0	66.42743682861328	103.13920593261719	418.9932861328125	0.0	0.0	158.96231079101562	297.1841735839844	0.0	0.0	297.38104248046875	440.97637939453125	73.2144546508789	46.9759407043457	137.24842834472656	0.0	3.57796049118042	40.12343215942383	261.837890625	62.332454681396484	0.0	134.40017700195312	71.15666198730469	22.85582160949707	17.362462997436523	17.464599609375	99.35710906982422	4.190158843994141	0.0	0.0	0.0	2.4083173274993896	0.0	0.0	0.0	0.0	0.0	25.46668815612793	0.0	0.0	0.0	166.17117309570312	0.0	0.0	0.0	179.87701416015625	850.5808715820312	353.9010925292969	23.63806915283203	424.51019287109375	69.03057098388672	450.3082275390625	0.0	581.2223510742188	791.566162109375	0.0	0.0	0.0	120.85665130615234	43.69841003417969	282.2578125	742.1253662109375	221.48619079589844	478.4164123535156	161.57745361328125	0.0	752.1443481445312	679.4913330078125	140.65646362304688	707.2971801757812	541.504638671875	596.63232421875	152.73870849609375	204.58566284179688	743.683349609375	332.9589538574219	69.16931915283203	0.0	0.0	0.0	15.878195762634277	0.0	0.0	0.0	19.692724227905273	0.0	0.0	0.0	61.27798843383789	0.0	0.0	0.0	8.805279731750488	894.128173828125	926.349365234375	230.1607666015625	0.0	0.0	67.95569610595703	0.0	0.0	1.1902282238006592	0.0	134.01788330078125	28.826480865478516	1065.27978515625	448.1574401855469	214.26087951660156	97.45497131347656	278.3363952636719	126.03939819335938	25.710908889770508	0.0	66.62115478515625	40.63006591796875	8.96352767944336	0.0	456.0665588378906	177.8180694580078	0.0	95.3270263671875	0.0	0.0	16.149084091186523	0.0	525.7957153320312	290.3980712890625	98.84214782714844	89.03850555419922	905.496826171875	695.1551513671875	71.95650482177734	54.64590835571289	19.755266189575195	91.49676513671875	548.4050903320312	0.0	876.7314453125	0.7881976366043091	408.2077331542969	142.22286987304688	46.23255157470703	301.2721252441406	399.6800842285156	185.70181274414062	302.9494934082031	198.98345947265625	58.736637115478516	189.44480895996094	0.0	86.20126342773438	83.37776947021484	156.63470458984375	347.52056884765625	39.08320236206055	53.36417007446289
0.0	127.03912353515625	0.0	4.1420440673828125	0.0	444.7376708984375	626.734130859375	593.4100952148438	115.801513671875	129.9990997314453	631.0559692382812	210.5205078125	61.69660186767578	335.3697509765625	453.1852722167969	0.0	77.36141967773438	268.8713684082031	413.0605163574219	0.0	79.06683349609375	469.8511047363281	0.0	126.36054992675781	267.1385803222656	547.875	679.103271484375	106.21940612792969	270.114990234375	187.65130615234375	238.65817260742188	447.7645263671875	0.0	0.0	0.0	0.0	0.0	4.806962013244629	235.07762145996094	334.2359924316406	85.16825866699219	294.1777648925781	205.16026306152344	80.98079681396484	0.0	519.1005859375	635.6375122070312	158.7110137939453	4.198713779449463	149.27989196777344	23.69699478149414	92.57373809814453	348.09991455078125	246.67942810058594	292.09405517578125	382.5923767089844	445.99615478515625	161.1562042236328	6.339057445526123	983.6349487304688	0.0	264.9804382324219	0.0	0.0	0.0	811.115234375	298.2093200683594	0.0	745.3447265625	609.7059326171875	0.0	0.0	607.892822265625	0.0	0.0	0.0	16.55731964111328	0.0	0.0	0.0	19.294633865356445	0.0	0.0	0.0	0.0	0.0	0.0	0.0	0.0	0.0	0.0	0.0	30.03015899658203	0.0	0.0	0.0	0.0	0.0	213.47731018066406	116.1717529296875	0.0	0.0	25.00568962097168	196.7120361328125	0.0	0.0	0.0	140.214599609375	0.0	0.0	113.24305725097656	467.4927062988281	56.18190383911133	0.0	0.0	72.94712829589844	0.0	36.99455642700195	0.0	9.36848258972168	21.81085777282715	7.1699442863464355	145.1008758544922	142.24710083007812	0.0	0.0	0.0	31.81758689880371	0.0	12.914207458496094	33.9758415222168	143.8699493408203	0.0	334.26080322265625	0.0	0.0	0.0	195.71060180664062	0.0	0.0	0.0	0.0	0.0	0.0	0.0	0.0	0.0	53.01787567138672	0.0	0.0	151.71658325195312	0.0	0.0	0.0	487.0477294921875	469.12615966796875	212.1063995361328	937.7411499023438	526.7323608398438	0.0	82.57221984863281	1078.100830078125	656.3067016601562	124.078857421875	387.5817565917969	701.4242553710938	407.9429931640625	57.3477897644043	151.71067810058594	520.75146484375	522.3355712890625	614.9354858398438	170.7623291015625	144.86622619628906	0.0	0.0	92.35841369628906	0.0	0.0	0.0	93.77552795410156	0.0	0.0	0.0	53.88814163208008	0.0	0.0	0.0	0.0	0.0	0.0	0.0	0.0	0.0	42.057498931884766	3.6378040313720703	0.0	549.6111450195312	299.7805480957031	117.04025268554688	153.93206787109375	740.2025756835938	458.08245849609375	7.110282897949219	339.65130615234375	1226.3321533203125	1167.0830078125	161.13348388671875	53.781654357910156	0.0	0.0	0.0	0.0	298.88397216796875	109.35318756103516	66.3944320678711	0.0	163.895751953125	0.0	0.0	0.0	170.13966369628906	80.18952178955078	0.0	0.0	147.94924926757812	595.621337890625	182.1011962890625	0.0	624.7758178710938	440.6658630371094	46.162784576416016	0.0	681.339599609375	712.0794067382812	1.1226978302001953	161.64547729492188	522.8695068359375	527.99755859375	108.47721099853516	125.8572769165039	136.81072998046875	194.21461486816406	119.74480438232422	147.95774841308594	27.695682525634766	327.7068786621094	350.8819274902344	169.88967895507812	343.47247314453125	311.71649169921875	95.58386993408203	96.73419189453125	136.63050842285156	298.2718200683594	52.09020233154297
396.0267333984375	0.0	0.0	242.5524444580078	235.83236694335938	1058.6871337890625	992.893798828125	306.14508056640625	265.74200439453125	215.92391967773438	0.0	0.0	91.61144256591797	627.697265625	1030.476806640625	707.4871215820312	276.1047058105469	383.350341796875	0.0	0.0	351.8088684082031	7.262028217315674	370.037841796875	280.8973388671875	286.4784240722656	189.24819946289062	199.72412109375	137.03103637695312	197.35902404785156	377.8722839355469	186.66896057128906	400.7563781738281	0.0	0.0	315.9276428222656	469.5474853515625	494.0853576660156	487.89971923828125	484.81890869140625	157.24159240722656	0.7729347944259644	79.1279525756836	128.17886352539062	166.0118408203125	281.4568786621094	753.8981323242188	687.0010375976562	178.92080688476562	42.7540168762207	0.0	646.0574340820312	1146.1021728515625	638.6376342773438	300.830810546875	0.0	933.13720703125	708.2630004882812	412.0137634277344	0.0	1229.208740234375	341.0500183105469	391.0709533691406	0.0	503.0163879394531	638.1497192382812	0.0	0.0	0.0	474.7109069824219	0.0	0.0	0.0	0.0	0.0	0.0	170.2727813720703	348.8338623046875	0.0	0.0	0.0	0.0	0.0	0.0	0.0	0.0	80.93318176269531	48.113407135009766	0.0	0.0	0.0	50.99367904663086	0.0	0.0	0.0	323.8347473144531	0.0	0.0	0.0	46.93904495239258	138.91099548339844	73.00635528564453	62.707340240478516	44.01641082763672	311.3080749511719	130.44686889648438	0.0	0.0	349.263916015625	152.19821166992188	195.28150939941406	23.195051193237305	228.64845275878906	0.0	70.54615783691406	307.7617492675781	90.1817855834961	83.0392074584961	34.83787536621094	266.33026123046875	195.9716033935547	199.17185974121094	0.0	78.11711120605469	307.1557922363281	3.8805174827575684	36.55575942993164	0.0	130.661376953125	0.0	0.0	0.0	139.13735961914062	0.0	0.0	72.1692123413086	3.4864413738250732	0.0	0.0	0.0	109.3634033203125	0.0	0.0	29.852048873901367	31.434446334838867	0.0	325.6968994140625	1222.9586181640625	929.841796875	715.1741943359375	0.0	0.0	376.3429870605469	1082.204833984375	536.2109985351562	93.28684997558594	807.4765014648438	352.9924011230469	94.96173858642578	0.0	109.6500473022461	1181.490966796875	671.6236572265625	0.0	508.67767333984375	201.76931762695312	0.0	10.285146713256836	680.3926391601562	529.6806030273438	992.8102416992188	167.82920837402344	227.29869079589844	343.03277587890625	0.0	0.0	598.7814331054688	0.0	0.0	0.0	0.0	0.0	0.0	0.0	0.0	0.0	0.0	0.0	0.0	0.0	0.0	0.0	0.0	165.45106506347656	396.2168273925781	199.6317138671875	51.85836410522461	569.7322387695312	679.1299438476562	459.4823303222656	189.96902465820312	222.3429412841797	461.5041198730469	472.6312561035156	118.14656066894531	557.71875	1171.55859375	775.1242065429688	391.48968505859375	86.21533203125	6.2860612869262695	38.95762634277344	76.5995864868164	221.75636291503906	337.3487548828125	143.2838134765625	113.44761657714844	320.33251953125	267.1688537597656	56.121788024902344	0.0	96.20793151855469	252.69415283203125	331.5692443847656	0.0	462.8158264160156	791.60693359375	0.0	118.28494262695312	884.3679809570312	767.0143432617188	0.0	130.4879150390625	62.89444351196289	603.4501342773438	205.36085510253906	0.0	0.0	943.4810791015625	239.2910614013672	0.0	154.7263946533203	52.55723571777344	116.473876953125	425.1806640625	346.5845642089844	237.99234008789062	255.46888732910156	199.21046447753906	0.0	0.0	72.36419677734375	152.97142028808594	0.0	318.8961486816406	335.56378173828125	169.33514404296875
356.40252685546875	508.6051025390625	360.89166259765625	184.60841369628906	512.5135498046875	710.0997924804688	495.2168884277344	218.37205505371094	0.0	0.0	0.0	0.0	679.9920043945312	814.0650024414062	735.6964721679688	668.5560913085938	90.37226867675781	0.0	1.3382803201675415	98.96156311035156	88.319580078125	324.95770263671875	221.9781494140625	105.3423080444336	228.89990234375	66.90342712402344	66.39083862304688	8.262982368469238	0.0	72.32209014892578	294.8207092285156	368.5444641113281	137.1830596923828	116.65532684326172	217.74301147460938	202.93356323242188	392.4730529785156	453.5287780761719	129.81163024902344	426.97882080078125	42.50971603393555	58.19374465942383	153.91326904296875	116.30537414550781	571.6329345703125	526.870361328125	331.3486022949219	90.91514587402344	0.0	379.7158508300781	884.1306762695312	316.74017333984375	0.0	128.4051055908203	656.7633666992188	878.0645141601562	0.0	0.0	0.0	1301.2347412109375	435.25457763671875	0.0	0.0	795.4146118164062	0.0	0.0	0.0	0.0	0.0	0.0	0.0	0.0	357.8748474121094	139.3140869140625	0.0	0.0	0.0	0.0	0.0	296.0088195800781	206.84642028808594	191.72256469726562	0.0	0.0	233.7709197998047	0.0	0.0	0.0	5.794862747192383	39.50625228881836	0.0	0.0	212.6895751953125	72.99142456054688	200.6465301513672	0.0	0.0	0.0	0.0	0.0	104.23622131347656	29.017038345336914	107.38053894042969	414.09735107421875	0.0	198.2708282470703	89.97750854492188	399.6362609863281	0.0	313.9220275878906	184.514892578125	250.94790649414062	81.21546173095703	260.8602294921875	179.57211303710938	4.575803756713867	0.0	0.0	229.38514709472656	19.439170837402344	0.0	0.0	315.2561950683594	206.5861053466797	0.0	40.157470703125	0.0	42.34513854980469	0.0	0.0	185.8031768798828	32.27951431274414	0.0	0.0	0.0	0.0	0.0	0.0	0.0	52.0667724609375	45.593544006347656	94.94563293457031	18.59281349182129	425.22760009765625	970.9869995117188	983.3024291992188	380.2395935058594	0.0	5.738132476806641	106.09522247314453	260.2793273925781	424.78765869140625	61.51927185058594	611.7817993164062	33.55329513549805	732.1741943359375	159.35084533691406	0.0	0.0	109.61836242675781	108.19525146484375	386.0389099121094	569.0935668945312	395.7703552246094	150.43002319335938	465.7091369628906	483.89776611328125	172.58477783203125	266.6672058105469	50.336421966552734	0.0	302.45440673828125	0.0	0.0	0.0	533.8998413085938	0.0	0.0	0.0	0.0	55.14439010620117	0.0	0.0	0.0	0.0	0.0	0.0	0.0	0.0	0.0	0.0	0.0	145.5452423095703	160.52490234375	0.0	0.0	200.966064453125	1009.3526000976562	676.78466796875	279.0296936035156	0.0	338.16015625	65.48283386230469	0.0	521.5366821289062	587.6033325195312	260.1712951660156	264.49652099609375	119.03721618652344	169.8802947998047	110.72795867919922	42.45648193359375	260.4769592285156	184.9683380126953	0.0	0.0	0.0	0.0	0.0	0.0	315.48175048828125	336.07818603515625	38.68634796142578	0.0	294.6287536621094	0.0	0.0	129.1827392578125	4.970154285430908	347.5627136230469	85.86095428466797	257.9433898925781	178.89129638671875	625.0994262695312	443.9342956542969	0.0	180.60679626464844	278.5113525390625	0.0	0.0	0.0	71.60107421875	273.5350036621094	345.3699951171875	0.0	103.02318572998047	49.5473518371582	348.5322265625	188.4833221435547	0.0	95.41346740722656	20.208545684814453	240.53607177734375	281.3960266113281	433.41546630859375	231.2917938232422
0.0	0.0	448.04833984375	0.0	68.87152862548828	148.1923828125	148.02491760253906	158.33050537109375	21.314176559448242	210.1600341796875	0.0	181.62681579589844	3.1400530338287354	619.41162109375	636.1759033203125	0.0	164.23634338378906	150.98593139648438	13.748335838317871	109.87537384033203	73.48471069335938	116.85883331298828	425.8909912109375	311.76513671875	95.7982177734375	306.3227233886719	194.51380920410156	74.74188995361328	131.31689453125	449.9566650390625	233.93641662597656	355.7101745605469	59.5927619934082	410.9019775390625	145.99496459960938	46.77161407470703	86.72208404541016	225.24754333496094	144.40185546875	0.0	53.96932601928711	0.0	270.91192626953125	108.00932312011719	76.25299835205078	414.505859375	258.2166748046875	13.454423904418945	112.46546936035156	534.8162231445312	223.57896423339844	534.8884887695312	0.0	525.4749145507812	595.1905517578125	0.0	59.38982009887695	0.0	936.0828247070312	508.0719299316406	293.0520935058594	340.5353088378906	606.5225219726562	590.3355102539062	42.43561935424805	0.0	0.0	45.20519256591797	0.0	0.0	168.68016052246094	0.0	50.51150894165039	406.5950622558594	0.0	0.0	515.3373413085938	217.3523712158203	0.0	0.0	19.25655174255371	0.0	66.2815933227539	0.0	24.517303466796875	0.0	0.0	0.0	86.8575439453125	0.0	0.0	0.0	0.0	0.0	0.0	0.0	0.0	50.377586364746094	0.0	200.34693908691406	82.78608703613281	255.25465393066406	118.29653930664062	296.3222961425781	0.0	0.0	266.5853576660156	59.20958709716797	0.0	0.0	90.11437225341797	209.31472778320312	106.49114990234375	56.67163848876953	67.00392150878906	35.45437240600586	98.01322174072266	150.7450714111328	22.460664749145508	0.0	51.16948318481445	92.78958129882812	124.70858764648438	17.082101821899414	25.17830467224121	0.0	92.24954223632812	44.05181884765625	0.0	0.0	0.0	0.0	0.0	0.0	0.0	0.0	0.0	41.467018127441406	0.0	10.282292366027832	0.0	212.27394104003906	5.276988983154297	0.0	344.2703552246094	262.38641357421875	334.303466796875	358.4456481933594	0.0	522.0230102539062	0.0	0.0	0.0	58.32106018066406	651.9459838867188	0.0	0.0	0.0	197.43301391601562	141.14749145507812	202.35890197753906	152.9947967529297	575.5153198242188	460.90411376953125	0.0	343.2652282714844	649.0614013671875	5.127809524536133	117.89576721191406	738.722412109375	226.12513732910156	287.2709045410156	279.27752685546875	338.92840576171875	311.67913818359375	504.629638671875	0.0	0.0	0.0	0.0	0.0	0.0	0.0	0.0	58.700504302978516	0.0	0.0	0.0	92.95574951171875	0.0	0.0	0.0	49.958011627197266	13.776440620422363	0.0	45.28762435913086	0.0	0.0	0.0	150.64120483398438	0.0	0.0	152.67535400390625	244.7587127685547	217.08863830566406	1006.4114990234375	657.1429443359375	229.64662170410156	0.0	0.0	0.0	0.0	137.82647705078125	275.6532287597656	211.40377807617188	25.474170684814453	40.963539123535156	0.0	8.969522476196289	15.469512939453125	0.0	18.932722091674805	0.0	0.0	133.5861053466797	414.5282897949219	169.48345947265625	137.3327178955078	42.16278076171875	0.0	319.8089904785156	366.4364318847656	0.0	149.559814453125	338.1495361328125	299.8196105957031	0.0	803.0234985351562	154.2447967529297	311.08819580078125	0.0	164.63372802734375	70.83293151855469	0.0	43.2249755859375	62.49006271362305	226.0021209716797	118.81883239746094	83.99882507324219	20.153411865234375	120.65333557128906	344.7860107421875	151.51861572265625	358.85400390625	220.85498046875	93.99745178222656
237.4757843017578	1005.2147827148438	927.3753662109375	618.9232177734375	914.2015380859375	792.6791381835938	0.0	242.96365356445312	652.8983154296875	1279.927734375	937.8953247070312	653.8797607421875	484.197265625	497.3203125	0.0	123.46794891357422	0.0	6.943472385406494	0.0	54.82904815673828	98.15734100341797	196.87063598632812	244.15199279785156	0.0	423.9727478027344	118.86121368408203	182.8092498779297	520.328369140625	368.5784912109375	247.74061584472656	329.33526611328125	246.26812744140625	25.488487243652344	151.119384765625	346.3377685546875	454.2523193359375	63.232845306396484	145.859375	0.0	149.3130340576172	520.0074462890625	586.9562377929688	488.2300109863281	170.33114624023438	634.4410400390625	461.3411560058594	365.3995361328125	329.5890197753906	193.1616668701172	238.19912719726562	252.36062622070312	283.4351501464844	251.28256225585938	0.0	0.0	1325.0179443359375	337.4297790527344	54.170372009277344	231.50531005859375	0.0	393.19696044921875	0.0	11.189440727233887	63.16164779663086	0.0	0.0	0.0	0.0	70.74683380126953	0.0	0.0	0.0	457.02288818359375	0.0	0.0	0.0	0.0	0.0	0.0	0.0	238.5809326171875	238.91036987304688	179.81500244140625	0.0	201.03358459472656	0.0	233.0874481201172	86.58546447753906	64.14305114746094	389.7791442871094	497.6385192871094	0.0	0.0	64.20123291015625	204.20018005371094	102.34368133544922	9.790650367736816	0.0	0.0	87.95049285888672	0.0	0.0	0.0	24.263574600219727	0.0	0.0	0.0	309.4169616699219	0.0	0.0	10.899588584899902	253.3361053466797	38.08393478393555	43.59849166870117	20.865018844604492	31.8990478515625	6.1175055503845215	0.0	169.814208984375	322.5916442871094	93.52948760986328	93.12934112548828	0.0	64.18608856201172	0.0	0.0	50.292510986328125	60.34102249145508	241.36001586914062	397.91180419921875	331.239990234375	99.61153411865234	271.0498352050781	0.0	0.0	0.0	0.0	0.0	88.71464538574219	0.0	0.0	0.0	0.0	0.0	0.0	6.271215438842773	31.812530517578125	0.0	0.0	0.0	391.7959289550781	891.2553100585938	0.0	0.0	0.0	0.0	894.261962890625	169.03858947753906	0.0	2.1838126182556152	0.0	457.7546081542969	557.7670288085938	62.65167236328125	1211.142822265625	905.6358642578125	184.92478942871094	866.2676391601562	1012.8427734375	0.0	283.1263122558594	700.9127807617188	0.0	21.65652847290039	0.0	0.0	0.0	0.0	0.0	0.0	0.0	0.0	0.0	0.0	0.0	0.0	0.0	0.0	0.0	0.0	0.0	0.0	0.0	414.2318115234375	588.9895629882812	280.4538269042969	397.0857849121094	571.1226806640625	238.8890380859375	68.30702209472656	913.54296875	866.231201171875	426.0422668457031	231.59092712402344	1590.8214111328125	1195.7578125	281.19146728515625	159.99810791015625	5.866593360900879	186.6273956298828	165.3877410888672	38.33717727661133	256.4043884277344	141.0010223388672	0.2660466730594635	134.09713745117188	0.0	263.0364685058594	263.6424560546875	0.0	270.4536437988281	191.3795623779297	0.0	0.0	0.0	0.0	0.0	33.1476936340332	0.0	170.65408325195312	252.11178588867188	0.0	1117.40380859375	595.6806030273438	0.0	45.90580368041992	657.8385009765625	26.37488555908203	295.2096862792969	332.26641845703125	176.980712890625	270.96453857421875	404.3235778808594	455.55224609375	180.4862060546875	81.73577117919922	95.17833709716797	85.53851318359375	330.230712890625	210.8351593017578	113.10840606689453	0.0	205.3782501220703	135.70132446289062	0.0	0.0
531.503173828125	1021.122802734375	725.40673828125	320.4947814941406	0.0	0.0	26.68381118774414	0.0	518.744140625	673.8756713867188	518.8963623046875	256.2550354003906	27.61893081665039	0.0	0.0	0.0	130.46395874023438	111.19456481933594	176.28973388671875	209.78875732421875	197.86798095703125	0.0	0.0	385.91363525390625	28.178674697875977	190.59597778320312	611.9356079101562	431.02996826171875	240.08509826660156	264.6552734375	395.8651123046875	0.0	269.54156494140625	346.3934326171875	276.0411376953125	175.58609008789062	172.8857879638672	133.3890838623047	0.0	0.0	378.43902587890625	239.8585662841797	65.2088623046875	127.84713745117188	0.0	0.0	60.53423309326172	122.74523162841797	251.17977905273438	233.07606506347656	649.5242919921875	951.5364990234375	0.0	0.0	717.1184692382812	704.6656494140625	208.3932647705078	80.81269073486328	231.7944793701172	175.5439910888672	0.0	590.7866821289062	0.0	93.48617553710938	0.0	0.0	222.82708740234375	168.0642852783203	124.45099639892578	0.0	458.7182922363281	0.0	0.0	0.0	235.43714904785156	0.0	0.0	265.528076171875	185.22459411621094	0.0	165.46353149414062	33.62238693237305	0.0	0.0	0.0	237.39622497558594	0.0	0.0	285.5181884765625	282.5525207519531	0.0	0.0	49.28980255126953	0.0	0.0	0.0	0.0	0.0	0.0	0.0	0.0	0.0	59.864681243896484	363.1138000488281	35.21552658081055	0.0	61.1466064453125	231.01480102539062	0.0	0.0	220.20901489257812	253.69068908691406	31.693021774291992	58.9361686706543	70.91217041015625	11.079326629638672	0.0	83.84715270996094	107.38711547851562	135.89532470703125	72.13430786132812	0.0	0.0	0.0	50.324668884277344	9.938854217529297	32.89596939086914	56.27531051635742	0.0	0.0	0.0	40.70240783691406	0.0	0.0	347.52960205078125	285.8890075683594	0.0	207.68772888183594	304.6839904785156	0.0	0.0	0.0	0.0	0.0	449.8415832519531	487.25213623046875	380.38848876953125	96.21513366699219	111.01515197753906	316.7996520996094	114.97000122070312	177.0007781982422	0.0	0.0	0.0	0.0	395.8382263183594	521.6383056640625	0.0	163.2881317138672	292.4152526855469	326.6492614746094	383.6944580078125	834.2543334960938	212.58685302734375	0.0	863.4019165039062	951.4627075195312	0.0	598.3461303710938	777.3771362304688	27.937509536743164	113.74930572509766	896.8497314453125	994.1339111328125	0.0	48.41313552856445	0.0	0.0	0.0	0.0	0.0	0.0	0.0	50.51409912109375	0.0	0.0	0.0	48.538856506347656	0.0	0.0	0.0	658.2990112304688	795.0889282226562	547.059814453125	268.75177001953125	0.0	0.0	0.0	23.352561950683594	111.22773742675781	609.8182373046875	805.6710205078125	618.57568359375	0.0	359.0420227050781	446.723876953125	170.7890167236328	158.2032470703125	207.0220489501953	160.75547790527344	89.09078979492188	0.0	0.0	0.0	0.0	286.7361145019531	275.4407958984375	47.6424446105957	0.0	35.48782730102539	21.87952423095703	0.0	0.0	0.0	34.608612060546875	0.0	381.4442443847656	170.716796875	373.6220397949219	57.63904571533203	393.95635986328125	2.789360523223877	0.0	326.0864562988281	587.5233154296875	87.67793273925781	508.08636474609375	701.6878662109375	217.25253295898438	147.77999877929688	300.5741271972656	206.5474090576172	212.10923767089844	60.743995666503906	23.484437942504883	10.860645294189453	0.0	90.58132934570312	244.91127014160156	6.92844295501709	198.9566650390625	109.5516128540039	60.90615463256836	0.0	0.0
0.0	0.0	0.0	0.0	0.0	0.0	0.0	0.0	0.0	0.0	0.0	0.0	0.0	0.0	0.0	0.0	45.437904357910156	322.65948486328125	387.2890930175781	49.45069122314453	78.77346801757812	289.14385986328125	281.6758728027344	154.25796508789062	42.63345718383789	278.6478576660156	268.2774658203125	151.91062927246094	121.4380111694336	356.2183837890625	340.4079284667969	153.9505615234375	0.0	0.0	0.0	51.6501350402832	0.0	0.0	0.0	4.82597017288208	0.0	0.0	0.0	3.0725436210632324	0.0	0.0	0.0	19.011180877685547	38.15269088745117	680.8267211914062	822.1094970703125	0.0	0.0	851.6576538085938	1079.1973876953125	0.0	0.0	739.8612670898438	1044.859130859375	0.0	0.0	648.2381591796875	830.2716064453125	0.0	0.0	1195.674560546875	352.82025146484375	0.0	0.0	1157.1513671875	0.0	0.0	0.0	1007.80029296875	0.0	14.84568977355957	0.0	1010.1377563476562	0.0	0.0	0.0	0.0	0.0	0.0	10.64437484741211	0.0	0.0	0.0	38.433860778808594	0.0	0.0	0.0	58.695899963378906	0.0	0.0	0.0	0.0	0.0	31.47146987915039	140.87332153320312	0.0	178.54945373535156	128.4656982421875	222.3717803955078	0.0	184.84632873535156	149.8125762939453	191.5310516357422	0.0	92.30054473876953	217.65020751953125	210.21060180664062	62.128231048583984	47.961246490478516	54.20023727416992	0.0	6.629493236541748	141.99220275878906	23.28326988220215	0.0	0.0	132.81922912597656	31.44772720336914	0.0	0.0	110.53909301757812	35.68571853637695	0.0	0.0	57.40657043457031	276.5511474609375	0.0	0.0	180.06600952148438	293.2447814941406	0.0	0.0	218.0833740234375	289.59954833984375	0.0	14.491233825683594	146.36390686035156	173.6593780517578	0.0	0.0	82.55719757080078	84.50183868408203	0.0	0.0	191.80197143554688	80.99869537353516	0.0	0.0	52.219669342041016	107.44535827636719	0.0	0.0	112.97223663330078	244.69276428222656	0.0	0.0	715.9976196289062	949.05322265625	0.0	0.0	412.4918518066406	562.3800048828125	0.0	0.0	447.10186767578125	617.6151123046875	0.0	0.0	473.02410888671875	476.152587890625	0.0	74.99969482421875	72.0237045288086	0.0	19.44842529296875	73.30123901367188	16.760887145996094	0.0	46.67277908325195	49.78001022338867	31.06442642211914	0.0	48.79061508178711	53.03102493286133	36.70347213745117	0.0	66.43299102783203	0.0	0.0	265.5653076171875	112.591064453125	0.0	0.0	242.10794067382812	0.0	0.0	0.0	258.58062744140625	28.93214988708496	0.0	266.72015380859375	526.6649780273438	140.1304473876953	0.0	86.90986633300781	165.97604370117188	0.0	0.0	0.0	126.8305892944336	27.848045349121094	0.0	0.0	35.11890411376953	21.795377731323242	0.0	0.0	0.0	19.105419158935547	0.0	0.0	893.8218383789062	152.77072143554688	76.42868041992188	0.0	879.1691284179688	80.55968475341797	70.65736389160156	0.0	889.31103515625	177.796142578125	104.42073822021484	0.0	893.5576171875	180.19769287109375	182.46083068847656	135.1141357421875	38.289093017578125	65.71636962890625	245.9752655029297	94.8299789428711	129.05589294433594	38.664649963378906	240.8941650390625	99.46866607666016	104.70159912109375	44.206016540527344	199.8007049560547	83.51236724853516	206.1022186279297	30.631513595581055
0.0	186.4733123779297	401.86474609375	255.36279296875	529.854736328125	378.1683044433594	158.90505981445312	0.0	61.65930938720703	0.0	0.0	34.65781021118164	94.6985092163086	0.0	0.0	0.0	0.0	0.0	392.7898254394531	345.1632385253906	121.72863006591797	532.5382690429688	504.5701599121094	508.8674011230469	243.29112243652344	518.8070068359375	329.76898193359375	279.6590576171875	137.14178466796875	475.5412292480469	562.3455810546875	126.1286392211914	0.0	0.0	34.91573715209961	0.0	74.13893127441406	0.0	92.03618621826172	93.22452545166016	26.989028930664062	155.7471160888672	55.51137924194336	126.05322265625	114.98321533203125	0.0	13.35516357421875	30.097084045410156	0.0	618.8178100585938	542.7866821289062	541.1508178710938	135.66098022460938	278.13470458984375	425.81878662109375	289.47576904296875	0.0	440.0404052734375	353.7499694824219	0.0	0.0	382.2760314941406	55.22303009033203	0.0	0.0	505.530517578125	0.0	135.82839965820312	0.0	308.5607604980469	0.0	67.69163513183594	428.39202880859375	0.0	0.0	0.0	0.0	531.292724609375	0.0	0.0	42.952186584472656	0.0	0.0	0.0	143.48277282714844	0.0	0.0	0.0	17.49460220336914	56.65205383300781	0.0	0.0	91.78230285644531	0.0	0.0	0.0	0.0	0.0	0.0	104.99040222167969	0.0	0.0	0.0	166.1038360595703	0.0	36.734283447265625	363.6876525878906	524.0138549804688	8.154284477233887	158.48794555664062	449.0951232910156	387.3292541503906	83.8193130493164	77.87899780273438	91.51811218261719	10.27140998840332	33.045433044433594	48.30440139770508	0.0	49.833492279052734	4.227980136871338	0.0	18.790884017944336	61.75328826904297	92.22766876220703	0.0	0.0	0.0	38.25143051147461	216.014892578125	398.329833984375	144.51345825195312	109.56397247314453	40.6958122253418	39.80204772949219	0.0	0.0	0.0	0.0	0.0	0.0	114.96276092529297	140.74449157714844	0.0	0.0	38.98377227783203	0.0	0.0	0.0	0.0	365.6556701660156	54.210914611816406	104.7279052734375	0.0	0.0	118.97077941894531	0.0	1.8412342071533203	0.0	0.0	0.0	555.174560546875	481.4875183105469	551.1158447265625	645.0463256835938	763.1673583984375	1064.0347900390625	610.7479858398438	391.43450927734375	484.61932373046875	850.0743408203125	1.5053414106369019	0.0	821.1641235351562	503.9998474121094	0.0	0.0	0.0	0.0	0.0	11.51300048828125	0.0	0.0	0.0	0.0	0.0	0.0	0.0	0.0	0.0	0.0	57.50434494018555	0.0	0.0	445.5389404296875	65.5881118774414	229.85870361328125	278.23138427734375	1035.91015625	495.3775634765625	298.7876892089844	31.18352508544922	0.0	48.110050201416016	0.0	0.0	268.832763671875	4.624159336090088	0.0	85.11476135253906	120.11089324951172	54.196014404296875	51.515647888183594	53.38050842285156	0.0	0.0	0.0	0.0	0.0	0.0	1.2540022134780884	0.0	142.45614624023438	59.77964401245117	0.0	0.0	404.4463806152344	65.357177734375	0.0	158.35765075683594	385.7508850097656	308.72479248046875	304.4548034667969	554.132080078125	622.8973999023438	442.91864013671875	329.4031677246094	0.0	864.8923950195312	0.0	141.1361541748047	212.6047821044922	274.2479553222656	158.3176727294922	270.1494140625	159.02874755859375	226.34942626953125	131.64373779296875	152.1870880126953	47.102787017822266	0.0	0.0	79.72459411621094	0.0	0.0	0.0
13.412386894226074	47.864444732666016	0.0	0.0	0.0	0.0	0.359380304813385	0.0	0.0	0.0	33.78608322143555	88.05411529541016	0.0	119.12132263183594	126.68637084960938	34.55307388305664	67.87720489501953	366.7164611816406	271.79583740234375	24.504972457885742	119.31317138671875	193.52752685546875	139.33094787597656	71.84952545166016	118.21053314208984	176.32301330566406	43.359642028808594	96.73817443847656	126.85273742675781	323.2000732421875	87.50167846679688	117.35724639892578	0.0	0.0	0.0	40.02975845336914	0.0	62.076045989990234	0.0	29.848003387451172	0.0	0.0	90.55220794677734	0.0	0.0	115.81966400146484	123.99447631835938	41.94915008544922	19.675912857055664	338.0376281738281	392.2272033691406	133.4703826904297	0.0	805.1397094726562	378.15484619140625	0.0	0.0	712.7796020507812	780.4305419921875	0.0	0.0	261.13604736328125	784.1110229492188	90.11485290527344	0.0	643.5936889648438	406.76116943359375	0.0	0.0	659.9392700195312	0.0	0.0	0.0	669.9376220703125	0.0	0.0	0.0	338.50482177734375	0.0	0.0	0.0	0.0	0.0	0.0	23.46245574951172	0.0	0.0	0.0	62.062538146972656	0.0	0.0	0.0	95.2249526977539	50.430686950683594	0.0	0.0	0.0	0.0	22.581024169921875	97.0999755859375	0.0	169.2716522216797	210.59791564941406	232.96263122558594	0.0	135.33120727539062	158.43150329589844	72.0403823852539	0.0	16.398086547851562	155.3349609375	115.65509033203125	83.9892807006836	15.639222145080566	44.533851623535156	0.0	46.508766174316406	9.009041786193848	81.79427337646484	0.0	0.0	159.17971801757812	32.9345588684082	0.0	0.0	177.88516235351562	164.03298950195312	21.032556533813477	0.0	32.79366683959961	112.85868835449219	0.0	0.0	200.2464141845703	129.40945434570312	0.0	0.0	200.13929748535156	46.55681228637695	0.0	16.265592575073242	69.40702056884766	0.0	0.0	0.0	135.78892517089844	61.25292205810547	0.0	0.0	8.150904655456543	0.0	0.0	0.0	290.0755310058594	300.33209228515625	0.0	0.0	129.67723083496094	387.8797302246094	0.0	0.0	648.3418579101562	683.0875854492188	0.0	0.0	478.8797607421875	501.8646240234375	0.0	0.0	193.189453125	224.62188720703125	91.87434387207031	60.49150085449219	134.7095947265625	225.81703186035156	255.3769073486328	73.59672546386719	37.61012649536133	0.0	23.666322708129883	74.92442321777344	0.0	0.0	34.911582946777344	42.590675354003906	0.0	0.0	0.006107799708843231	28.037769317626953	0.0	0.0	0.0	0.0	110.5561294555664	198.60003662109375	236.97036743164062	0.0	0.0	101.40420532226562	0.0	0.0	0.0	195.2666778564453	0.0	0.0	605.9089965820312	646.7647705078125	245.4603271484375	30.981515884399414	66.21817016601562	88.75215148925781	0.0	0.0	0.0	108.4092788696289	11.128612518310547	0.0	104.6123046875	119.89058685302734	53.9998664855957	0.0	0.0	100.28294372558594	0.0	0.0	0.0	541.4598388671875	286.61065673828125	51.49128723144531	76.59009552001953	738.8364868164062	0.0	62.94522476196289	0.0	657.8201293945312	36.42721176147461	110.07585906982422	106.6514663696289	442.9544677734375	336.4676208496094	120.82051849365234	50.666507720947266	0.0	38.87799072265625	185.9598388671875	0.0	141.86505126953125	53.790306091308594	228.0766143798828	19.146617889404297	195.64715576171875	103.38009643554688	144.07846069335938	84.7869873046875	163.8408966064453	150.65084838867188
39.491153717041016	0.0	33.6448974609375	0.0	0.0	321.232177734375	172.20370483398438	86.26127624511719	100.13131713867188	96.8582534790039	507.933837890625	423.815185546875	156.76547241210938	709.7028198242188	520.275146484375	0.0	149.86856079101562	274.9909362792969	116.88702392578125	114.81199645996094	0.0	0.0	494.1546630859375	278.37115478515625	49.653255462646484	455.9784240722656	470.7098388671875	424.3905334472656	423.0168151855469	678.1387329101562	475.30029296875	511.2171325683594	0.0	0.0	0.0	80.7785415649414	187.20306396484375	183.2550048828125	0.0	0.0	0.0	0.0	33.884246826171875	38.168212890625	158.7765350341797	328.9480285644531	104.8256607055664	143.18313598632812	0.0	0.0	1118.470947265625	719.9368896484375	0.0	103.5340347290039	227.91403198242188	232.95420837402344	90.48179626464844	175.55787658691406	260.0240783691406	341.87786865234375	267.3375244140625	316.45343017578125	15.049625396728516	106.02452850341797	0.0	23.321317672729492	67.88713836669922	0.0	0.0	249.766357421875	444.7806701660156	0.0	136.6590118408203	864.9562377929688	0.0	0.0	504.2041320800781	151.2904052734375	0.0	0.0	0.0	165.4329376220703	0.0	0.0	133.4950714111328	285.22552490234375	0.0	0.0	42.59940719604492	0.0	0.0	0.0	0.0	0.0	0.0	0.0	0.0	0.0	15.578476905822754	230.06402587890625	0.0	0.0	245.91259765625	443.6785583496094	0.0	0.0	56.94593048095703	20.610078811645508	0.0	0.0	115.5380859375	230.57052612304688	0.0	79.64073944091797	158.9770050048828	66.93726348876953	62.15462875366211	0.0	18.34000587463379	21.179943084716797	61.49161148071289	4.799279689788818	0.0	0.0	0.0	33.00740432739258	0.0	42.22368240356445	0.0	0.0	0.0	0.0	0.0	79.76995086669922	52.591041564941406	0.0	27.981891632080078	383.1487121582031	222.6161651611328	0.0	0.0	210.57192993164062	0.0	0.0	9.12878131866455	493.8724670410156	735.3983764648438	139.26441955566406	0.0	0.0	0.0	0.0	0.0	0.0	0.0	0.0	225.54908752441406	101.04410552978516	0.0	0.0	213.19046020507812	275.99951171875	950.0293579101562	716.9883422851562	0.0	639.5281982421875	975.015625	0.0	321.827392578125	1093.2352294921875	338.8706359863281	797.000732421875	556.4241333007812	649.93701171875	638.0901489257812	203.46182250976562	0.0	0.0	0.0	0.0	30.683324813842773	0.0	0.0	0.0	83.63613891601562	0.0	0.0	0.0	101.36092376708984	0.0	0.0	0.0	192.80740356445312	0.0	184.79335021972656	140.22047424316406	0.0	0.0	0.0	0.0	0.0	0.0	372.7738342285156	47.32472229003906	850.4720458984375	1478.08837890625	827.78857421875	210.16175842285156	46.37248992919922	0.0	36.71411895751953	0.0	205.01119995117188	281.0277099609375	0.0	0.0	56.34313201904297	0.0	0.0	0.0	0.0	54.107513427734375	0.0	0.0	138.54470825195312	320.23095703125	59.34089279174805	298.0983581542969	75.9231185913086	39.210906982421875	361.4814758300781	361.3921813964844	0.0	192.9731903076172	490.2994384765625	0.0	0.0	787.2344360351562	410.3013610839844	337.276123046875	69.83255004882812	0.0	0.0	30.092227935791016	43.23421096801758	95.36927795410156	0.0	123.35337829589844	175.87567138671875	150.63027954101562	174.3402862548828	97.92764282226562	202.50088500976562	288.4630432128906	173.62290954589844	0.0
693.415283203125	1029.083984375	194.213134765625	0.0	979.52880859375	698.2667846679688	0.0	150.4274444580078	136.31582641601562	64.54442596435547	218.0575408935547	130.38856506347656	612.6359252929688	958.8115844726562	817.0231323242188	72.12415313720703	179.9254913330078	80.61389923095703	490.5776672363281	257.5072021484375	94.89359283447266	282.9763488769531	526.4485473632812	0.0	119.40267181396484	0.0	69.01919555664062	238.2679901123047	88.72488403320312	113.38511657714844	282.2451171875	603.54931640625	273.3917236328125	199.80227661132812	30.956222534179688	8.327540397644043	550.9506225585938	340.91082763671875	137.40548706054688	279.7324523925781	361.5165100097656	280.7852783203125	61.325469970703125	0.0	351.2867736816406	466.41455078125	299.7465515136719	0.0	0.0	314.07855224609375	615.5021362304688	207.3627471923828	34.01458740234375	0.0	220.8313446044922	688.65673828125	0.0	0.0	0.0	938.7987060546875	121.51752471923828	51.77857208251953	0.0	66.43817138671875	0.0	0.0	286.0782165527344	0.0	0.0	0.0	0.0	0.0	189.52577209472656	0.0	0.0	435.4576721191406	0.0	0.0	145.08169555664062	588.0868530273438	312.8520812988281	275.9114990234375	0.0	0.0	252.95677185058594	0.0	0.0	0.0	98.91706085205078	70.57295227050781	68.39904022216797	0.0	175.57998657226562	222.4138946533203	176.1237335205078	0.0	0.0	0.0	84.17980194091797	143.71937561035156	0.0	0.0	255.08665466308594	238.0734405517578	197.6218719482422	307.0956115722656	115.95143127441406	202.03114318847656	76.65689849853516	96.739013671875	0.0	237.99363708496094	92.18563842773438	99.50161743164062	32.288970947265625	35.12858963012695	0.0	0.0	125.6690902709961	73.83589172363281	0.0	35.035789489746094	236.4678955078125	120.13421630859375	0.0	0.0	0.0	0.0	98.22066497802734	120.86601257324219	65.17255401611328	0.0	0.0	0.0	0.0	1.6574594974517822	0.0	0.0	220.3926544189453	192.20396423339844	54.255577087402344	218.8101806640625	161.31515502929688	22.514930725097656	306.9499816894531	539.147216796875	46.656349182128906	0.0	456.5937805175781	192.66136169433594	438.4787902832031	269.7104187011719	43.768802642822266	195.28158569335938	443.6313781738281	645.793212890625	0.0	0.0	0.0	0.0	114.56044006347656	583.293701171875	1007.3281860351562	411.4632568359375	351.0945739746094	231.1775360107422	0.0	343.7341613769531	155.53211975097656	0.0	0.0	778.6027221679688	0.0	124.68262481689453	670.8789672851562	784.3779907226562	0.0	0.0	0.0	0.0	0.0	0.0	0.0	0.0	0.0	0.0	0.0	0.0	22.666858673095703	0.0	0.0	0.0	0.0	343.8608093261719	68.6417236328125	215.18133544921875	745.427978515625	856.5552368164062	247.56202697753906	197.31777954101562	0.0	0.0	0.0	0.0	684.8683471679688	1163.2672119140625	874.116455078125	372.8797607421875	0.0	11.477749824523926	0.0	0.0	308.1499938964844	130.70132446289062	0.0	12.997307777404785	0.0	64.94723510742188	0.0	66.37670135498047	243.72645568847656	252.93405151367188	136.80221557617188	0.0	157.7947540283203	255.01039123535156	71.65119934082031	444.27569580078125	0.0	229.85537719726562	349.2643737792969	342.9401550292969	298.00885009765625	493.5152282714844	0.0	33.14913558959961	0.0	88.3621826171875	53.616058349609375	495.77117919921875	90.14971160888672	211.15660095214844	109.28206634521484	52.686492919921875	33.227298736572266	125.19788360595703	150.0645751953125	258.2084655761719	0.0	0.0	117.14445495605469	65.50936126708984	105.91936492919922	349.0222473144531	376.7954406738281	15.629293441772461
278.8028259277344	592.7725219726562	33.36269760131836	0.0	0.0	518.5961303710938	850.6798706054688	687.8799438476562	0.0	330.1976318359375	216.04721069335938	269.19500732421875	200.66238403320312	831.85302734375	1052.7508544921875	62.1397819519043	72.6154556274414	164.9964141845703	488.6134338378906	354.7655029296875	125.21112060546875	526.7490844726562	0.0	38.64873504638672	527.3043212890625	472.9403991699219	127.89391326904297	85.09235382080078	323.3606262207031	166.2166748046875	304.2271728515625	453.8661804199219	0.0	0.0	149.0404510498047	140.7379913330078	0.0	402.38568115234375	448.0953063964844	332.9649353027344	76.00865936279297	299.5695495605469	280.48052978515625	235.99176025390625	372.5954284667969	667.9105834960938	536.2604370117188	0.0	118.16118621826172	191.12643432617188	0.0	224.26405334472656	292.9012756347656	146.6846466064453	57.810455322265625	4.6074395179748535	351.8101806640625	0.0	281.3742370605469	1040.367431640625	299.0551452636719	128.36016845703125	0.0	461.2120666503906	0.0	425.590576171875	158.47256469726562	0.0	761.9999389648438	683.81640625	0.0	0.0	897.1828002929688	0.0	0.0	124.62468719482422	621.3573608398438	0.0	0.0	0.0	143.77040100097656	48.53157043457031	0.0	0.0	0.0	0.0	0.0	0.0	0.0	0.0	72.07913970947266	0.0	0.0	132.9832305908203	172.18519592285156	0.0	0.0	0.0	159.49342346191406	136.20408630371094	0.0	14.713921546936035	222.2293701171875	245.2496795654297	0.0	9.986072540283203	6.2612810134887695	64.76826477050781	51.03449630737305	20.63520050048828	120.03160858154297	466.0797424316406	60.64472579956055	0.0	0.0	72.67900085449219	0.0	29.634450912475586	43.01228332519531	32.15830612182617	0.0	0.0	164.7563934326172	96.80353546142578	36.680076599121094	50.12489700317383	39.851078033447266	142.0223846435547	59.89579772949219	147.6792449951172	0.0	0.0	0.0	142.37120056152344	0.0	152.6727752685547	136.32781982421875	0.0	23.829423904418945	30.666793823242188	0.0	0.0	0.0	0.0	0.0	0.0	0.0	166.4641876220703	0.0	0.0	0.0	0.0	0.0	0.0	376.28314208984375	349.1209411621094	934.71533203125	785.46630859375	0.0	429.6166076660156	212.98243713378906	1070.841552734375	1004.9591674804688	0.0	870.4402465820312	999.28076171875	0.0	62.00681686401367	853.8286743164062	419.03057861328125	216.9317626953125	866.5941772460938	210.54925537109375	0.0	519.2008666992188	606.408447265625	72.79194641113281	0.0	0.0	0.0	9.095346450805664	0.0	0.0	0.0	0.0	0.0	0.0	0.0	0.0	0.0	0.0	0.0	0.0	325.6142272949219	233.0969696044922	278.2971496582031	0.0	433.5577087402344	177.8770294189453	0.0	182.3446502685547	825.2506103515625	268.78961181640625	173.0990447998047	633.2675170898438	1076.745361328125	603.74755859375	304.82733154296875	111.74674224853516	135.2066650390625	0.0	0.0	44.65369415283203	0.0	39.10435485839844	97.89572143554688	71.24932861328125	289.2445373535156	211.31466674804688	197.5248565673828	229.07510375976562	282.8243713378906	105.46388244628906	0.0	0.0	119.57814025878906	451.23590087890625	281.0596618652344	0.0	799.4871826171875	464.8699035644531	0.0	453.95379638671875	918.8563232421875	0.0	0.0	635.6409301757812	1094.261474609375	341.6028747558594	251.05967712402344	100.39840698242188	145.24880981445312	0.0	29.093076705932617	121.19219970703125	152.7134552001953	392.0390625	382.7296142578125	265.972412109375	283.6619873046875	235.5198211669922	227.38258361816406	153.54701232910156	456.0987243652344	197.29542541503906	0.0
0.0	0.0	572.7029418945312	499.3096618652344	0.0	57.63329315185547	338.87628173828125	0.0	0.0	347.47930908203125	620.9418334960938	357.4556579589844	167.78915405273438	259.9238586425781	352.32122802734375	0.0	259.8695983886719	33.48928451538086	94.52730560302734	97.2142105102539	243.6446533203125	113.80133056640625	286.2728576660156	51.792118072509766	361.6180725097656	192.97137451171875	507.27294921875	525.3274536132812	390.4277648925781	313.7984924316406	491.93756103515625	600.61767578125	0.0	0.0	192.24465942382812	311.9177551269531	0.0	0.0	0.0	338.6477355957031	86.37671661376953	192.5563201904297	350.86199951171875	0.0	0.0	308.26556396484375	402.4738464355469	215.982421875	898.1453247070312	300.64215087890625	453.9965515136719	291.16448974609375	960.4381713867188	28.79252815246582	214.71286010742188	1301.0758056640625	905.7699584960938	111.2853775024414	390.1992492675781	1065.406005859375	184.85000610351562	98.28993225097656	0.0	0.0	1219.5224609375	0.0	0.0	0.0	1183.0340576171875	0.0	457.04925537109375	0.0	1059.4697265625	40.528289794921875	44.69519805908203	0.0	340.8621826171875	0.0	0.0	0.0	0.0	0.0	10.309429168701172	0.0	0.0	0.0	0.0	0.0	0.0	0.0	4.289834022521973	0.0	0.0	0.0	0.0	0.0	75.15687561035156	113.13916015625	24.333723068237305	0.0	134.6263427734375	0.0	0.0	97.9032974243164	78.67691802978516	0.0	0.0	308.77117919921875	0.0	0.0	0.0	306.95184326171875	63.858097076416016	45.68819808959961	0.0	8.045807838439941	79.06959533691406	55.0087776184082	245.1957244873047	146.6699981689453	89.34587097167969	67.8956527709961	87.9854965209961	195.2978057861328	51.25284194946289	48.510868072509766	0.0	20.811172485351562	276.2362976074219	0.0	239.45887756347656	310.8941345214844	268.87451171875	0.0	0.0	0.0	224.71878051757812	0.0	204.7787628173828	0.0	0.0	0.0	0.0	0.0	12.731217384338379	0.0	0.0	0.0	0.0	0.0	346.6685791015625	669.238525390625	0.0	0.0	0.0	379.0044860839844	692.1377563476562	918.3544921875	685.2576904296875	0.0	648.7223510742188	315.0500793457031	391.6363830566406	279.6045837402344	372.40179443359375	325.57476806640625	676.2422485351562	314.8028564453125	225.218505859375	241.52920532226562	223.41835021972656	676.4583740234375	333.8621826171875	203.2723388671875	104.24737548828125	247.78817749023438	0.0	0.0	0.0	0.0	0.0	0.0	0.0	0.0	0.0	0.0	0.0	0.0	0.0	0.0	0.0	0.0	0.0	0.0	0.0	0.0	0.0	13.196290016174316	331.6356506347656	212.3621063232422	337.3292541503906	801.783935546875	728.1766967773438	267.68804931640625	788.8544311523438	1310.93505859375	1327.808349609375	369.0472106933594	0.0	22.57683753967285	144.86856079101562	91.6602783203125	0.0	115.22059631347656	177.65521240234375	50.66844940185547	0.0	0.0	49.427616119384766	0.0	0.0	138.46011352539062	183.1848602294922	0.0	281.73736572265625	816.7706298828125	0.0	138.39971923828125	362.2775573730469	853.174072265625	416.208251953125	74.15630340576172	292.7203063964844	958.0257568359375	838.0960693359375	0.0	162.27992248535156	440.365966796875	351.47760009765625	322.7795104980469	119.79549407958984	96.12548828125	259.1004333496094	350.0843811035156	223.41110229492188	255.2463836669922	117.50810241699219	350.6902770996094	323.3644104003906	666.9287719726562	313.6213073730469	0.0	0.0	293.5472717285156	356.9969482421875	49.241127014160156
762.0099487304688	526.6307373046875	577.5131225585938	922.6795654296875	144.48814392089844	786.7886962890625	545.3397216796875	0.0	0.0	0.0	298.5664978027344	368.11468505859375	125.6930160522461	244.3434295654297	259.8464050292969	374.1362609863281	174.80816650390625	206.14892578125	38.3074951171875	353.8143310546875	398.2304382324219	250.06271362304688	311.22808837890625	409.4621887207031	258.896728515625	267.2574768066406	304.2299499511719	7.787064552307129	209.29933166503906	406.7231750488281	85.6688003540039	222.08865356445312	184.181396484375	182.69346618652344	265.5699157714844	182.89634704589844	484.8534240722656	376.92938232421875	110.17521667480469	401.2281799316406	0.0	173.520263671875	500.75299072265625	131.45309448242188	0.21331872045993805	192.4884033203125	317.5240478515625	275.8630676269531	251.5457763671875	268.1778259277344	684.8333129882812	85.30961608886719	642.1346435546875	130.5311737060547	0.0	44.0590705871582	304.6655578613281	740.9573974609375	502.7325439453125	0.0	0.0	491.5566101074219	864.7222900390625	283.2065734863281	204.41835021972656	0.0	0.0	0.0	524.93310546875	0.0	0.0	0.0	61.84925079345703	0.0	0.0	0.0	193.90090942382812	0.0	0.0	0.0	27.54143714904785	4.201000213623047	96.72514343261719	86.3344955444336	12.250812530517578	49.75751495361328	0.0	104.86167907714844	0.0	0.0	0.0	0.21908555924892426	40.081336975097656	0.0	0.0	0.0	0.0	0.0	0.0	0.0	10.430821418762207	45.70371627807617	237.1153564453125	282.6074523925781	143.03431701660156	142.50587463378906	278.1401672363281	338.9471740722656	0.0	195.2978973388672	358.9862365722656	65.15177154541016	0.0	115.07948303222656	47.9101448059082	16.175817489624023	33.83803939819336	77.41512298583984	0.0	13.22984504699707	88.0362319946289	139.36492919921875	15.876444816589355	39.056602478027344	0.0	274.27264404296875	265.739501953125	0.0	0.0	0.0	97.81295013427734	96.8626937866211	0.0	0.0	0.0	0.0	0.0	0.0	0.0	0.0	0.0	0.0	0.0	0.0	39.45853042602539	78.03536224365234	115.40827941894531	0.0	336.61798095703125	0.0	177.15635681152344	0.0	576.9276123046875	578.2177734375	0.0	0.0	0.0	343.45037841796875	454.5285339355469	0.0	808.35546875	746.0370483398438	647.3132934570312	860.2274169921875	160.63876342773438	780.3037719726562	1015.2916870117188	247.1954345703125	41.86294174194336	522.83740234375	221.45387268066406	0.0	191.912109375	85.78317260742188	97.45642852783203	216.9642333984375	0.0	0.0	0.0	0.0	0.0	0.0	0.0	0.0	0.0	0.0	0.0	0.0	3.7076408863067627	0.0	0.0	0.0	520.8973999023438	515.9807739257812	653.8004150390625	604.098388671875	373.38720703125	615.9680786132812	448.2747802734375	197.87008666992188	0.0	37.564369201660156	0.0	0.0	39.76395034790039	1249.7716064453125	1096.8851318359375	489.8250427246094	245.13194274902344	174.00595092773438	66.00748443603516	148.32064819335938	110.70606231689453	230.61819458007812	0.0	0.0	180.85995483398438	121.71202087402344	85.3398208618164	178.60935974121094	0.0	445.4765319824219	331.12091064453125	34.05260467529297	0.0	255.53147888183594	0.0	0.0	464.356689453125	907.57177734375	125.79888153076172	264.42791748046875	116.705078125	713.598876953125	550.8480224609375	0.0	91.14290618896484	587.6891479492188	242.408203125	250.01956176757812	119.88346862792969	108.71483612060547	356.578125	316.40869140625	171.64366149902344	131.4510040283203	0.0	0.0	50.50388717651367	55.9037971496582	173.25758361816406	0.0	107.64511108398438	191.5874786376953	306.1781921386719	284.302001953125
0.0	537.0155639648438	622.2086181640625	662.5778198242188	93.90091705322266	317.02386474609375	194.65994262695312	120.67030334472656	208.51422119140625	535.7286376953125	272.3277587890625	72.62640380859375	1133.5552978515625	1180.4893798828125	0.0	0.0	0.0	0.0	84.84957885742188	82.43740844726562	15.588393211364746	188.60252380371094	369.9404602050781	163.36170959472656	103.50084686279297	249.23863220214844	24.506351470947266	208.38414001464844	265.4122314453125	204.66551208496094	355.5884704589844	69.2933349609375	28.092933654785156	141.5025634765625	270.6830749511719	328.9597473144531	0.0	344.33660888671875	309.89788818359375	0.0	0.0	0.0	184.70863342285156	300.1832580566406	618.180908203125	561.1546020507812	98.27099609375	100.21101379394531	2.4451985359191895	130.54624938964844	253.122802734375	604.5733642578125	0.0	124.02130889892578	153.65689086914062	199.1511688232422	0.0	27.014848709106445	722.953125	326.0930480957031	234.32125854492188	0.0	0.0	118.0069580078125	0.0	0.0	0.0	0.0	0.0	0.0	0.0	0.0	0.0	0.0	0.0	0.0	0.0	0.0	0.0	0.0	0.0	99.90823364257812	0.0	0.0	30.024288177490234	0.0	0.0	0.0	74.65823364257812	298.5927429199219	0.0	0.0	145.2666778564453	113.00971221923828	0.0	0.0	0.0	0.0	0.0	0.0	0.0	0.0	0.0	249.7384796142578	0.0	0.0	50.996910095214844	357.0511779785156	0.0	120.77315521240234	430.6671447753906	410.8028564453125	40.465660095214844	59.92226791381836	73.66970825195312	52.746273040771484	32.46596908569336	0.0	0.0	107.28064727783203	0.0	55.1200065612793	118.48444366455078	11.80502700805664	0.0	0.0	78.33920288085938	89.55494689941406	0.0	0.0	31.089866638183594	0.0	60.635833740234375	13.853289604187012	130.9384765625	0.0	45.8703498840332	132.587158203125	33.979766845703125	0.0	0.0	0.0	0.0	0.0	0.0	195.2810516357422	433.0666198730469	444.03424072265625	0.0	0.0	0.0	447.6968688964844	0.0	664.659423828125	522.5365600585938	0.0	812.6178588867188	0.0	0.0	103.52497100830078	0.0	400.6711120605469	440.7884521484375	608.2509155273438	37.744773864746094	159.22816467285156	700.129638671875	882.357666015625	336.8289489746094	318.7647705078125	777.7947998046875	375.4178161621094	148.07093811035156	314.3653564453125	185.0055389404297	0.0	16.275815963745117	0.0	0.0	0.0	66.07331085205078	0.0	0.0	0.0	0.0	0.0	0.0	0.0	0.0	0.0	0.0	0.0	0.0	40.4017333984375	322.4714050292969	697.8580322265625	0.0	322.6866760253906	312.2579345703125	93.8357925415039	0.0	126.91676330566406	236.93910217285156	174.20614624023438	1348.382080078125	629.59033203125	189.35560607910156	167.6854705810547	40.036537170410156	144.24732971191406	269.5809326171875	136.38775634765625	0.0	0.0	0.0	0.0	98.12823486328125	175.7864227294922	85.19766235351562	50.89582061767578	220.0714569091797	118.2314224243164	0.0	0.0	0.0	0.0	0.0	30.34522819519043	0.0	193.93736267089844	497.5453796386719	342.0355224609375	324.5713195800781	160.8896026611328	77.00941467285156	278.4381103515625	653.5078735351562	190.4636993408203	171.78472900390625	308.2737121582031	58.188175201416016	148.34988403320312	155.3419952392578	275.28607177734375	196.7709197998047	245.66885375976562	241.9003143310547	0.5565800070762634	324.5938720703125	116.1910629272461	0.0	16.7363338470459	490.67388916015625	175.91566467285156	0.0	0.0
0.0	0.0	109.81488037109375	48.63440704345703	0.0	154.71929931640625	218.2667236328125	0.0	84.31792449951172	149.18370056152344	0.0	0.0	155.48641967773438	310.36639404296875	275.5968017578125	134.86354064941406	150.8501739501953	40.46195983886719	70.40467834472656	125.00619506835938	0.0	0.0	525.970947265625	448.1578674316406	41.33154296875	183.38803100585938	506.1658935546875	0.0	196.37423706054688	530.9638671875	336.5862121582031	137.8450164794922	98.92442321777344	83.08808898925781	55.66422653198242	170.47898864746094	170.6806640625	211.54312133789062	0.0	0.0	0.0	0.0	0.0	62.96007537841797	0.0	250.51788330078125	308.25067138671875	70.11477661132812	0.0	0.0	1072.9368896484375	933.6732177734375	0.0	22.19203758239746	240.82894897460938	109.3951187133789	73.6703109741211	90.13117218017578	113.1507568359375	46.427406311035156	229.6922607421875	364.91619873046875	80.4052734375	0.0	0.0	0.0	209.2713623046875	0.0	0.0	0.0	638.7482299804688	0.0	0.0	766.8804321289062	895.5076293945312	0.0	560.6664428710938	719.837646484375	0.0	0.0	1.601054072380066	159.38929748535156	62.77176284790039	0.0	58.04593276977539	296.3558044433594	0.0	0.0	47.214515686035156	66.67665100097656	0.0	0.0	0.0	0.0	0.0	0.0	0.0	0.0	50.573463439941406	132.59446716308594	14.428086280822754	0.5922408103942871	125.84534454345703	379.14794921875	0.0	0.0	234.54739379882812	286.33001708984375	0.0	0.0	176.2007598876953	171.35546875	0.0	100.41114044189453	216.08241271972656	55.789161682128906	37.889060974121094	11.038521766662598	0.0	29.062957763671875	73.99163055419922	0.0	0.0	14.01137924194336	64.6090316772461	17.406373977661133	28.19112205505371	4.797616481781006	0.0	0.0	0.0	0.0	0.0	64.48567962646484	204.20858764648438	0.0	25.345661163330078	96.38526916503906	178.61895751953125	0.0	0.0	239.72740173339844	21.9056339263916	0.0	0.0	560.8333129882812	903.0975341796875	525.52783203125	0.0	0.0	0.0	0.0	0.0	0.0	0.0	0.0	0.0	0.0	0.0	0.0	170.39471435546875	158.1820526123047	872.2168579101562	915.29833984375	0.0	45.13115692138672	954.9741821289062	333.9281921386719	0.0	1197.4971923828125	1029.0977783203125	0.0	620.682861328125	924.7532958984375	0.0	0.0	0.0	0.0	0.0	0.0	0.43446555733680725	7.200160980224609	0.0	0.0	54.69884490966797	0.0	0.0	27.384199142456055	101.18611907958984	0.0	0.0	17.020517349243164	65.59036254882812	13.92260456085205	147.83395385742188	235.33721923828125	0.0	0.0	0.0	244.7462921142578	0.0	0.0	189.08816528320312	293.7898864746094	333.8524169921875	950.2823486328125	716.7691650390625	1.202344536781311	20.79414939880371	25.115821838378906	131.45118713378906	10.416937828063965	99.6695327758789	205.57421875	0.0	0.0	56.54947280883789	0.0	0.0	0.0	7.9692535400390625	13.03428840637207	0.0	49.2524528503418	239.84007263183594	234.1756591796875	0.0	343.539794921875	37.27778244018555	0.0	198.44757080078125	632.04833984375	0.0	0.0	550.353271484375	451.3768310546875	0.0	856.8873901367188	636.8250732421875	0.0	53.24310302734375	0.0	0.0	178.55979919433594	21.15182113647461	116.21054077148438	0.0	0.0	143.24612426757812	214.72177124023438	1.4405802488327026	56.598731994628906	159.43515014648438	149.2265167236328	187.1544189453125	58.417823791503906
340.23773193359375	69.83854675292969	241.4342498779297	324.950439453125	487.654296875	791.2340698242188	472.7845153808594	496.3792724609375	0.0	0.0	51.57017517089844	375.759765625	809.1828002929688	1131.21484375	1090.022216796875	588.1738891601562	58.32239532470703	0.0	0.0	101.4295425415039	0.0	73.14185333251953	420.6717529296875	0.0	122.06409454345703	70.64060974121094	0.0	0.0	39.02116775512695	0.0	193.2881317138672	299.2491760253906	278.8347473144531	232.5496368408203	329.08612060546875	96.96190643310547	522.247314453125	520.2255859375	385.53515625	299.0001525878906	23.546890258789062	36.99462127685547	576.185791015625	571.3081665039062	535.2247314453125	626.6906127929688	658.4454345703125	115.22411346435547	0.0	318.6490173339844	1008.9373779296875	46.94487380981445	0.0	0.0	434.2043762207031	83.77594757080078	0.0	0.0	200.16607666015625	964.0468139648438	145.65673828125	0.0	0.0	872.3213500976562	0.0	0.0	70.50875091552734	0.0	0.0	0.0	0.0	0.0	0.0	0.0	0.0	0.0	0.0	0.0	0.0	0.0	0.0	83.05198669433594	0.0	0.0	237.69229125976562	112.92630767822266	0.0	0.0	0.0	0.0	0.0	0.0	260.43853759765625	286.76171875	210.46348571777344	0.0	0.0	0.0	0.0	29.351781845092773	138.0323028564453	33.919010162353516	395.75555419921875	319.2391357421875	0.0	0.0	0.0	122.61491394042969	0.0	0.0	0.0	379.3075256347656	0.0	253.6891632080078	102.72433471679688	2.0956826210021973	37.421077728271484	112.27772521972656	210.0343017578125	57.04709243774414	0.0	82.43006896972656	274.9366760253906	153.7743377685547	2.5969882011413574	0.0	173.7283935546875	238.85275268554688	0.0	0.0	5.7826666831970215	0.0	0.0	0.0	0.0	0.0	0.0	0.0	0.0	37.710689544677734	69.96212005615234	155.1368408203125	44.22623825073242	0.0	394.62725830078125	733.3717041015625	719.153564453125	0.0	0.0	0.0	281.9190673828125	98.71324920654297	0.0	697.19287109375	1319.1104736328125	1100.9813232421875	0.0	0.0	0.0	637.9564819335938	193.3172607421875	203.89840698242188	901.1753540039062	293.6229248046875	0.0	287.55267333984375	584.2728881835938	0.0	174.07164001464844	69.21104431152344	0.0	320.8790283203125	0.0	0.0	84.22913360595703	496.1001281738281	0.0	0.0	0.0	0.0	0.0	0.0	0.0	0.0	0.0	0.0	0.0	0.0	1.4267641305923462	0.0	0.0	0.0	1042.021240234375	607.5885009765625	235.7728271484375	40.81614685058594	183.03733825683594	455.0739440917969	415.06134033203125	160.8030548095703	10.41640567779541	474.2158203125	703.7938232421875	332.1267395019531	637.261474609375	652.3905029296875	613.7935180664062	405.9078063964844	262.1485290527344	244.4498291015625	82.40697479248047	80.06822967529297	411.59527587890625	232.33026123046875	0.0	0.0	73.32227325439453	96.5470962524414	160.95130920410156	147.02780151367188	278.6523132324219	374.9364318847656	123.48988342285156	0.0	325.30804443359375	0.0	23.83912467956543	151.75762939453125	435.49078369140625	159.99351501464844	472.8038024902344	381.26715087890625	256.5733947753906	247.8973388671875	116.51912689208984	0.0	127.7789077758789	81.80208587646484	0.0	0.0	72.5195083618164	70.68144989013672	354.6246337890625	181.7776336669922	0.0	162.02369689941406	546.8953857421875	486.3730773925781	32.973670959472656	0.0	243.26536560058594	478.0544738769531	279.1358947753906	253.30755615234375	121.49864196777344	0.0
556.8802490234375	309.19696044921875	0.0	77.65339660644531	85.00618743896484	187.2164764404297	283.65045166015625	33.678401947021484	109.92820739746094	402.7242736816406	609.6715698242188	60.60361862182617	68.26923370361328	47.58036422729492	53.92288589477539	0.0	146.39212036132812	360.510986328125	75.68212890625	13.43720531463623	274.7615661621094	132.29164123535156	99.826904296875	156.18829345703125	302.0390625	73.76872253417969	332.2792053222656	366.48175048828125	181.2324676513672	115.26306915283203	232.25718688964844	59.828147888183594	59.833248138427734	61.24759292602539	181.7923126220703	49.32305908203125	355.19427490234375	263.4300537109375	0.0	0.0	163.02244567871094	383.513427734375	224.49813842773438	0.0	157.94871520996094	160.44090270996094	31.528812408447266	0.0	162.1317138671875	0.0	704.6834106445312	199.14910888671875	538.3951416015625	56.23593521118164	692.647705078125	456.586181640625	463.80767822265625	257.18560791015625	306.0532531738281	205.64305114746094	0.0	0.0	539.2568969726562	184.50875854492188	382.295654296875	0.0	0.0	0.0	627.4420166015625	0.0	0.0	0.0	359.13616943359375	0.0	545.6881103515625	0.0	0.0	0.0	606.2296752929688	0.0	67.15315246582031	0.0	0.0	0.0	0.0	0.0	0.0	0.0	0.0	0.0	0.0	0.0	124.17483520507812	63.31707763671875	0.0	0.0	0.0	0.0	175.25267028808594	2.7849795818328857	135.2274169921875	30.986783981323242	188.1596221923828	20.34937858581543	31.05752182006836	0.0	0.0	146.66395568847656	0.0	9.473515510559082	191.1814422607422	237.91270446777344	2.536398410797119	93.10393524169922	56.03840637207031	25.560029983520508	6.3745808601379395	46.66737747192383	150.8014678955078	9.910033226013184	88.11492156982422	63.04887008666992	13.68886661529541	22.643108367919922	0.0	68.26457214355469	83.10564422607422	0.0	0.0	0.0	0.0	0.0	56.38412857055664	0.0	274.8868408203125	108.5203857421875	0.0	0.0	122.35738372802734	48.73891067504883	0.0	0.0	127.86717224121094	0.0	200.5436553955078	191.73318481445312	352.697509765625	0.0	0.0	0.0	587.6652221679688	155.51280212402344	641.9772338867188	875.3583374023438	118.97673034667969	0.0	0.0	365.5100402832031	360.31964111328125	0.0	790.434814453125	714.6953735351562	73.27023315429688	197.27685546875	391.48858642578125	136.0580596923828	357.2394714355469	646.21142578125	235.30409240722656	0.0	530.3670043945312	338.04583740234375	5.481595039367676	12.46276569366455	663.6781005859375	249.82887268066406	0.0	0.0	0.0	0.0	0.0	0.0	0.0	0.0	0.0	12.096709251403809	0.0	0.0	0.0	0.0	0.0	0.0	340.084228515625	436.3005676269531	169.60462951660156	98.92366027832031	41.80373001098633	0.0	0.0	0.0	487.2138671875	528.8058471679688	176.3672332763672	299.60321044921875	0.0	0.0	70.03720092773438	253.6279296875	168.19097900390625	194.61354064941406	27.75989532470703	63.47488784790039	32.86988830566406	143.3402099609375	117.20724487304688	7.343749046325684	136.5292205810547	139.30264282226562	5.603244781494141	0.0	26.07765769958496	0.0	20.728639602661133	0.0	0.0	330.0565185546875	63.36772537231445	146.6602783203125	290.5865173339844	842.5538330078125	0.0	195.05686950683594	114.74708557128906	398.2575378417969	0.0	549.3855590820312	205.1103057861328	102.85325622558594	380.2247009277344	569.75341796875	35.224395751953125	0.0	158.78611755371094	172.44091796875	100.30449676513672	328.0657958984375	95.43222045898438	116.72147369384766	0.0	442.60076904296875	332.8844909667969	19.30436897277832	0.0	0.0	31.138628005981445	62.517269134521484
439.9622802734375	770.5956420898438	337.0131530761719	323.52581787109375	37.40332794189453	142.99986267089844	235.34495544433594	103.93761444091797	0.0	372.4693908691406	368.56231689453125	0.0	621.2689819335938	452.3865966796875	0.0	11.687810897827148	109.75035858154297	117.45963287353516	399.3430480957031	131.13560485839844	131.14662170410156	320.2075500488281	35.81450271606445	552.755859375	203.50436401367188	205.93580627441406	751.513916015625	693.4617919921875	314.68157958984375	369.7581481933594	594.7478637695312	72.09075164794922	17.199485778808594	66.78668975830078	33.46550750732422	150.36329650878906	142.0967254638672	248.46754455566406	140.60052490234375	9.630636215209961	75.58523559570312	371.6560363769531	2.187084674835205	157.5475311279297	269.00830078125	44.93553924560547	153.71180725097656	50.35450744628906	130.82823181152344	267.9104919433594	0.0	875.4992065429688	449.85931396484375	298.8805236816406	114.88604736328125	0.0	597.4603881835938	952.3134155273438	0.0	0.0	0.0	682.2696533203125	595.0532836914062	0.0	0.0	230.90904235839844	0.0	0.0	825.8631591796875	387.75299072265625	0.0	0.0	555.0081176757812	0.0	494.6472473144531	0.0	0.0	0.0	210.45620727539062	0.0	170.0098876953125	108.00604248046875	58.00139617919922	2.0309503078460693	0.0	0.0	128.8668212890625	0.0	0.0	0.0	0.0	0.0	251.5958709716797	0.0	0.0	0.0	0.0	0.0	0.0	0.9942541122436523	7.621481895446777	0.0	56.34270095825195	276.0297546386719	0.0	6.456089973449707	0.0	333.7000427246094	0.0	23.94489288330078	172.76524353027344	224.77127075195312	47.39561462402344	0.0	67.4378662109375	83.14855194091797	0.0	107.59497833251953	0.0	0.0	206.0828094482422	40.103416442871094	0.0	0.0	85.68548583984375	146.4133758544922	35.95200729370117	0.0	77.48397064208984	165.69650268554688	0.0	44.65011978149414	0.0	0.0	0.0	0.0	0.0	111.36852264404297	0.0	0.0	101.7439193725586	65.82268524169922	0.0	0.0	0.0	60.42003631591797	110.54254913330078	487.4513244628906	0.0	0.0	0.0	0.0	536.3209838867188	815.0076904296875	0.0	0.0	0.0	483.81298828125	0.0	0.0	362.4744567871094	1056.9339599609375	736.1126098632812	1134.170166015625	698.542724609375	881.139892578125	643.64892578125	1102.5682373046875	194.18572998046875	514.9024658203125	1090.3836669921875	193.90599060058594	340.7615661621094	811.5950317382812	906.7492065429688	0.0	70.59226989746094	0.0	0.0	0.0	52.398624420166016	0.0	0.0	0.0	0.0	0.0	0.0	0.0	38.94086837768555	0.0	0.0	66.54061889648438	69.34353637695312	485.1673278808594	265.7765197753906	500.4800720214844	0.0	0.0	0.0	42.735755920410156	0.0	327.6056823730469	0.0	205.2024688720703	313.0527038574219	652.628173828125	454.9814147949219	225.2058563232422	143.91876220703125	209.2122344970703	36.33100128173828	132.05455017089844	0.0	70.4510498046875	94.38005828857422	0.0	156.39212036132812	196.38430786132812	0.0	25.139856338500977	0.0	0.0	0.0	3.8872790336608887	0.0	21.84363555908203	172.8203887939453	0.0	0.0	865.7164916992188	342.2622375488281	486.4395446777344	0.0	647.6585693359375	188.4424591064453	594.1326293945312	4.8381476402282715	343.7049865722656	529.862548828125	351.8059997558594	88.56053924560547	128.52882385253906	34.416786193847656	92.17455291748047	137.46018981933594	207.81495666503906	45.14637756347656	0.0	57.544986724853516	516.0368041992188	48.7768669128418	0.0	150.72189331054688	115.34407806396484	202.47154235839844	41.264591217041016
127.49630737304688	104.1165542602539	0.0	0.0	192.51930236816406	223.48306274414062	475.88140869140625	142.49024963378906	0.0	0.0	76.02814483642578	0.0	153.40330505371094	191.8866729736328	95.82828521728516	0.0	0.0	0.0	169.56117248535156	311.5283203125	311.7203063964844	333.4962463378906	362.1184387207031	337.65234375	289.55078125	0.0	442.5306396484375	186.72552490234375	3.606234312057495	70.66703033447266	424.320068359375	68.5227279663086	85.95474243164062	0.0	0.0	0.0	86.09791564941406	288.288818359375	36.95933532714844	0.0	0.0	120.32491302490234	112.46404266357422	11.418341636657715	271.3878479003906	133.77247619628906	0.0	40.14313507080078	650.6228637695312	89.8124771118164	782.1954345703125	662.894775390625	922.3084106445312	429.0463562011719	830.0746459960938	576.9801635742188	99.3178482055664	75.55905151367188	504.5181884765625	465.8106689453125	0.0	0.0	506.73931884765625	0.0	227.95535278320312	0.0	1250.8046875	235.09182739257812	481.5655822753906	0.0	1111.6710205078125	0.0	547.1826171875	0.0	699.0938720703125	0.0	0.0	55.695579528808594	552.38720703125	0.0	2.0818936824798584	0.0	0.0	0.0	0.0	0.0	0.0	0.0	0.0	36.52009582519531	0.0	0.0	181.93576049804688	111.46170043945312	0.0	0.0	84.62745666503906	0.0	39.86924743652344	44.81731414794922	0.0	0.0	0.0	88.8213119506836	0.0	0.0	0.0	186.2830047607422	80.87684631347656	143.50735473632812	427.4613342285156	455.9595947265625	37.13686752319336	50.850528717041016	10.96859073638916	28.88117790222168	82.28526306152344	59.96495056152344	50.648502349853516	22.79429054260254	69.96712493896484	110.7569808959961	12.874493598937988	43.32030487060547	0.0	8.536845207214355	21.140727996826172	45.039119720458984	113.05138397216797	67.38152313232422	234.1235809326172	356.46148681640625	53.88306427001953	177.7581329345703	503.4958801269531	449.21881103515625	0.0	0.0	242.17820739746094	0.0	37.139949798583984	0.0	39.43395233154297	0.0	88.34668731689453	0.0	4.3884663581848145	0.0	52.78363800048828	0.0	0.0	0.0	779.9815673828125	807.9978637695312	205.35525512695312	0.0	0.0	0.0	0.0	0.0	328.55572509765625	454.3284606933594	629.5110473632812	771.7639770507812	409.6344299316406	180.4875946044922	607.4207153320312	564.36962890625	399.1903991699219	7.062007904052734	980.8753662109375	349.98858642578125	0.0	240.56838989257812	835.7815551757812	0.0	0.0	0.0	0.0	0.0	0.0	0.0	0.0	0.0	0.0	0.0	0.0	0.0	0.0	9.20848560333252	0.0	0.0	0.0	0.0	0.0	261.1600036621094	630.4678344726562	799.3082885742188	167.35150146484375	341.4708557128906	716.8423461914062	749.8235473632812	463.1534423828125	496.0230407714844	0.0	0.0	275.5928039550781	217.7368927001953	101.43741607666016	72.15048217773438	19.273988723754883	98.6400375366211	6.835873603820801	0.0	0.0	7.962684631347656	126.46089172363281	23.514450073242188	58.860450744628906	21.337417602539062	308.4700622558594	126.61866760253906	58.4541015625	15.462465286254883	0.0	146.90869140625	0.0	741.9825439453125	18.277448654174805	793.7275390625	0.0	782.17578125	280.95281982421875	405.3575439453125	280.5816650390625	615.7684326171875	220.17294311523438	182.389404296875	589.9651489257812	594.9187622070312	116.56211853027344	207.8650665283203	149.1731414794922	119.8114013671875	121.1026840209961	625.2777099609375	379.0888671875	175.54562377929688	0.0	205.73919677734375	122.9010009765625	0.0	0.0	0.0	0.0	0.0
0.0	0.0	333.6646728515625	167.82496643066406	158.9717559814453	527.4141845703125	563.214111328125	0.0	741.079833984375	657.503662109375	518.6502075195312	725.5112915039062	217.4593963623047	40.453773498535156	606.5248413085938	526.8267822265625	164.0678253173828	119.31216430664062	188.0561981201172	293.89349365234375	0.0	0.0	409.16217041015625	595.6087036132812	294.8381042480469	464.70220947265625	438.5956115722656	0.0	388.9222106933594	365.51312255859375	67.87239837646484	166.32907104492188	13.651494026184082	0.0	75.34193420410156	0.0	101.24463653564453	195.45994567871094	74.66900634765625	0.0	234.03768920898438	177.10403442382812	323.105712890625	304.55963134765625	83.46790313720703	477.61669921875	590.2213745117188	508.3335266113281	0.0	0.0	289.4472961425781	1235.8974609375	75.97723388671875	125.39032745361328	13.500652313232422	0.0	204.87950134277344	0.0	335.8902587890625	273.225830078125	0.0	9.148927688598633	191.11138916015625	206.81300354003906	0.0	62.34988021850586	0.0	148.7090606689453	0.0	0.0	0.0	0.0	0.0	363.1647033691406	361.5474853515625	0.0	0.0	0.0	0.0	0.0	0.0	193.26028442382812	371.51568603515625	0.0	272.7962646484375	328.0296630859375	50.32828140258789	0.0	157.98388671875	0.0	51.63163757324219	0.0	0.0	0.0	0.0	0.0	0.0	0.0	0.0	67.3835220336914	0.0	0.0	38.32463455200195	423.1394348144531	0.0	0.0	154.9669189453125	207.26181030273438	0.0	27.071687698364258	94.08663940429688	176.7708282470703	0.0	67.85967254638672	127.46481323242188	162.53079223632812	73.8266830444336	0.0	0.0	54.11972427368164	50.23619079589844	0.0	93.72293853759766	115.68184661865234	30.315269470214844	32.37470626831055	84.67049407958984	31.24619483947754	0.0	0.0	0.0	49.10032653808594	360.7203063964844	393.3489074707031	117.76551055908203	0.0	335.952880859375	0.0	0.0	0.0	0.0	0.0	0.0	0.0	0.0	567.8728637695312	418.461669921875	267.2765197753906	0.0	0.0	0.0	0.0	0.0	0.0	0.0	0.0	158.1045379638672	279.2619934082031	672.057373046875	620.6123046875	139.95521545410156	306.357421875	607.880859375	1243.1279296875	0.0	423.4028015136719	974.2446899414062	858.3687133789062	628.833251953125	917.7191772460938	610.68701171875	75.78563690185547	568.2431640625	155.5983428955078	91.68838500976562	77.7590560913086	0.0	0.0	0.0	0.0	0.0	0.0	0.0	0.0	0.0	0.0	0.0	0.0	0.0	0.0	0.0	0.0	89.46969604492188	68.4319076538086	202.61231994628906	170.05117797851562	0.0	0.0	0.0	76.7143783569336	887.5326538085938	369.01031494140625	413.89715576171875	215.40586853027344	1160.7373046875	914.6705322265625	1215.5577392578125	898.6768798828125	0.0	0.0	0.0	0.0	237.66592407226562	407.0314025878906	122.49131774902344	0.0	253.11972045898438	58.40629959106445	0.0	10.069639205932617	52.67961502075195	147.35183715820312	169.38229370117188	32.99850082397461	188.76956176757812	132.501220703125	217.8090362548828	0.0	0.0	0.0	3.3245201110839844	444.33148193359375	142.85897827148438	246.79750061035156	532.8955688476562	458.89910888671875	827.5780029296875	374.4359130859375	274.9172058105469	20.579988479614258	108.09095764160156	0.0	43.384857177734375	0.0	249.50047302246094	180.06451416015625	0.0	63.36232376098633	280.90142822265625	269.6987609863281	285.5922546386719	399.35662841796875	56.70316696166992	0.0	136.23590087890625	230.7891387939453
117.45379638671875	622.4351806640625	662.98486328125	558.4547119140625	438.9481201171875	451.39935302734375	259.2860412597656	178.09251403808594	93.68685150146484	450.5299072265625	0.0	0.0	376.7555847167969	277.81744384765625	0.0	0.0	0.0	0.0	184.04547119140625	261.9518737792969	116.1382064819336	411.27545166015625	325.1886901855469	308.6018371582031	154.71612548828125	189.4578094482422	357.2127990722656	279.7917175292969	125.6754150390625	501.07037353515625	453.23077392578125	126.42521667480469	14.65988826751709	40.936737060546875	155.07093811035156	207.10302734375	140.40003967285156	152.7154083251953	233.0305938720703	356.8724365234375	77.43656158447266	9.623230934143066	11.752313613891602	109.00061798095703	164.75161743164062	0.0	71.65291595458984	64.16216278076172	109.2492904663086	262.4674072265625	134.90101623535156	278.4336242675781	81.7137222290039	329.7749938964844	559.5076904296875	279.0306396484375	0.0	371.1561584472656	385.2340393066406	75.07220458984375	222.58837890625	74.78119659423828	0.0	0.0	0.0	0.0	0.0	21.594802856445312	51.448421478271484	107.87934112548828	0.0	0.0	0.0	0.0	0.0	0.0	402.4444580078125	608.4603271484375	0.0	0.0	98.8990707397461	180.26004028320312	98.35918426513672	0.0	57.66511154174805	0.0	19.51616096496582	0.0	222.61557006835938	158.93789672851562	0.0	0.0	237.8253631591797	0.0	0.0	0.0	0.0	0.0	0.0	0.0	0.0	0.0	0.0	361.2715148925781	0.0	0.0	264.4057312011719	361.4352111816406	0.0	125.42878723144531	552.9132690429688	370.9562072753906	60.119720458984375	61.6381721496582	0.0	65.21141815185547	79.60143280029297	82.5239028930664	42.1053352355957	111.98446655273438	0.0	72.30305480957031	40.1660270690918	53.63740539550781	0.0	0.0	17.940282821655273	0.21681895852088928	25.158855438232422	214.25338745117188	277.7922668457031	0.0	0.0	0.0	0.0	0.0	0.0	35.931373596191406	0.0	0.0	0.0	0.21486802399158478	0.0	0.0	0.0	0.0	0.0	164.94200134277344	245.5767059326172	363.25152587890625	126.90257263183594	0.0	6.411376953125	567.172119140625	25.362838745117188	42.45155715942383	0.0	0.0	0.0	0.0	0.0	480.31231689453125	689.9412231445312	570.7529907226562	258.67840576171875	401.6033630371094	767.74462890625	774.2950439453125	9.087833404541016	851.8289794921875	1051.9259033203125	0.0	482.52410888671875	968.0040283203125	17.375890731811523	0.0	23.41704750061035	0.0	0.0	0.0	72.9317626953125	2.622760057449341	0.0	0.0	0.0	0.0	0.0	0.0	91.67058563232422	0.0	0.0	46.40623092651367	0.0	0.0	119.14755249023438	404.20245361328125	197.22201538085938	711.8424682617188	851.1641235351562	110.2940902709961	0.0	307.88067626953125	245.22052001953125	143.4294891357422	0.0	134.4552001953125	189.09596252441406	0.0	51.12128829956055	280.76007080078125	207.3081817626953	116.41924285888672	33.52072525024414	60.509483337402344	0.0	0.0	0.0	0.587652862071991	0.0	79.5648422241211	186.11036682128906	23.671110153198242	0.0	4.0038042068481445	0.0	0.0	0.0	0.0	0.0	293.5089416503906	355.6820983886719	447.2498474121094	96.89363098144531	211.67861938476562	488.04119873046875	297.2666320800781	0.0	555.841796875	525.9393920898438	0.0	105.41911315917969	276.8403625488281	208.29742431640625	94.31842041015625	153.14553833007812	269.7467346191406	162.12200927734375	48.770957946777344	152.9861297607422	0.0	0.0	0.0	142.10745239257812	0.0	0.0	0.0
492.12310791015625	503.20855712890625	217.12083435058594	183.42144775390625	0.0	0.0	0.0	0.0	15.30968189239502	292.85906982421875	485.921630859375	88.87998962402344	138.68531799316406	327.2642822265625	451.87615966796875	215.25640869140625	171.00192260742188	496.23675537109375	283.2605285644531	86.70804595947266	353.4120788574219	327.2455139160156	0.0	67.92770385742188	251.49319458007812	0.0	241.70521545410156	366.49713134765625	261.3222351074219	56.29762649536133	355.1269226074219	469.6468811035156	2.4010400772094727	0.0	76.84361267089844	207.43154907226562	0.0	0.0	0.0	0.0	179.15904235839844	373.6105651855469	39.038818359375	0.0	128.12452697753906	367.6403503417969	359.3460693359375	124.04489135742188	293.0670471191406	306.70849609375	701.6638793945312	1010.8179321289062	293.38140869140625	0.0	198.4482879638672	1069.8702392578125	738.6514282226562	552.1046752929688	0.0	867.1736450195312	490.60565185546875	555.8241577148438	0.0	404.1724548339844	0.0	0.0	0.0	0.0	594.676025390625	0.0	0.0	254.46365356445312	567.4378662109375	0.0	0.0	219.05133056640625	0.0	0.0	71.12092590332031	284.33026123046875	110.84527587890625	0.0	0.0	0.0	0.0	0.0	0.0	0.0	0.0	0.0	0.0	0.0	0.0	0.0	0.0	0.0	0.0	0.0	0.0	0.0	0.0	0.0	116.42276000976562	178.64918518066406	73.73505401611328	146.2104949951172	130.8116912841797	210.0904083251953	0.0	85.5081787109375	0.0	44.46416473388672	0.0	71.26874542236328	222.3813018798828	177.13101196289062	0.0	0.0	130.90728759765625	210.07644653320312	116.56922149658203	83.96455383300781	24.177431106567383	117.16974639892578	255.07630920410156	214.0486297607422	0.0	42.419246673583984	199.93251037597656	87.81005096435547	0.0	0.0	113.47116088867188	0.0	0.0	79.4675064086914	0.0	0.0	0.0	257.86505126953125	0.0	0.0	0.0	57.0570068359375	0.0	0.0	182.9180145263672	280.80352783203125	32.48053741455078	0.0	336.3800964355469	557.774658203125	165.66505432128906	0.0	0.0	377.1441345214844	732.5406494140625	829.3665161132812	115.86024475097656	0.0	766.737060546875	864.5650024414062	358.7913818359375	412.5694580078125	914.5910034179688	940.4512939453125	0.0	726.601806640625	236.78030395507812	0.0	0.0	766.006591796875	51.18898391723633	0.0	258.5264892578125	512.1091918945312	0.0	0.0	0.0	0.0	0.0	0.0	0.0	0.0	0.0	0.0	0.0	0.0	0.0	0.0	0.0	0.0	267.5869140625	631.265869140625	712.8086547851562	517.768798828125	381.4393005371094	509.43511962890625	122.09940338134766	320.833984375	352.6170349121094	127.90789031982422	0.0	34.89893341064453	929.3580932617188	1121.1871337890625	1025.4022216796875	807.6586303710938	196.6830291748047	233.3751983642578	124.51507568359375	89.43718719482422	4.477775573730469	0.0	0.0	169.07322692871094	193.41220092773438	271.7860412597656	48.66486358642578	53.16022872924805	188.44802856445312	306.3988342285156	0.0	0.0	0.0	280.90020751953125	251.52186584472656	221.53909301757812	725.6989135742188	750.0714111328125	113.63796997070312	273.2572326660156	777.7625122070312	821.0026245117188	0.0	305.7284240722656	440.3985290527344	350.7848205566406	164.79104614257812	502.80572509765625	198.48028564453125	39.44068908691406	102.90072631835938	216.85121154785156	89.30927276611328	0.0	20.585098266601562	130.2782745361328	166.55442810058594	341.1345520019531	362.0882263183594	0.0	156.55638122558594	413.7879333496094	528.9354858398438	237.38047790527344
195.83212280273438	656.6571044921875	370.8973388671875	0.0	104.09317779541016	0.0	0.0	131.51219177246094	0.0	526.1197509765625	657.7828369140625	57.935089111328125	376.8946533203125	808.1340942382812	111.17530059814453	1.6841298341751099	38.012550354003906	199.2670440673828	340.15826416015625	292.1540832519531	108.15704345703125	326.607177734375	210.88282775878906	417.1771545410156	298.2398376464844	380.1859436035156	222.97869873046875	679.7923583984375	579.0089721679688	277.2412414550781	612.5572509765625	557.2839965820312	0.0	0.0	0.0	0.0	0.0	0.0	197.92892456054688	36.63872528076172	0.0	28.639114379882812	4.275998115539551	0.0	234.2150421142578	243.0925750732422	226.10618591308594	231.10809326171875	122.76425170898438	240.5701446533203	0.0	817.45947265625	189.13449096679688	192.77757263183594	0.0	454.21075439453125	442.0242919921875	201.8953399658203	5.70402193069458	0.0	611.4315795898438	182.36546325683594	0.0	69.62989044189453	0.0	489.34161376953125	82.30714416503906	111.60520935058594	817.764892578125	804.2940063476562	0.0	816.6864624023438	1054.087890625	0.0	178.5529022216797	696.978271484375	829.8155517578125	0.0	0.0	0.0	85.31481170654297	100.0223388671875	0.0	0.0	0.0	0.0	45.968719482421875	0.0	0.0	0.0	0.0	0.0	0.0	0.0	0.0	0.0	0.0	0.0	0.0	182.65509033203125	0.0	0.0	170.20343017578125	194.42144775390625	0.0	120.2293701171875	18.452117919921875	207.50350952148438	0.0	0.0	121.16605377197266	250.44590759277344	66.15205383300781	3.5928072929382324	0.0	228.25698852539062	25.58995246887207	0.0	80.08088684082031	24.041807174682617	0.0	67.81600952148438	0.0	0.0	40.60963821411133	22.228906631469727	0.0	23.664621353149414	1.793089747428894	160.43710327148438	0.0	0.0	8.310534477233887	33.17012023925781	0.0	287.9107360839844	339.60687255859375	297.48699951171875	2.2090656757354736	107.53510284423828	324.9323425292969	0.0	0.0	0.0	0.0	0.0	0.0	469.1028137207031	0.0	0.0	0.0	0.0	0.0	0.0	0.0	0.0	453.6272888183594	101.02182006835938	0.0	0.0	0.0	1158.9754638671875	1177.3394775390625	415.86224365234375	865.1661987304688	1091.7073974609375	0.0	1054.033203125	1058.1591796875	601.8043823242188	992.0068969726562	1149.216064453125	510.6213684082031	326.32366943359375	533.42626953125	0.0	51.5180778503418	0.0	0.0	0.0	76.83473205566406	0.0	0.0	0.0	0.0	0.0	0.0	0.0	0.0	0.0	0.0	0.0	0.0	271.0101318359375	309.1063537597656	0.0	0.0	49.07969665527344	0.0	0.0	0.0	169.87789916992188	0.0	272.0985412597656	1558.2822265625	1354.5614013671875	299.5329284667969	295.4075622558594	100.14962005615234	205.90623474121094	51.514625549316406	37.86256408691406	34.531185150146484	0.0	23.622886657714844	0.0	0.0	0.0	0.0	0.0	186.23512268066406	177.37521362304688	0.0	0.0	0.0	4.5306077003479	579.4287109375	276.8924865722656	0.0	629.5586547851562	625.874267578125	0.0	309.4411315917969	836.9060668945312	0.0	496.6767578125	797.3925170898438	872.9899291992188	361.6412658691406	459.2919616699219	111.50399017333984	153.38845825195312	0.0	0.0	138.38543701171875	0.0	174.85452270507812	122.17168426513672	153.1779022216797	225.70811462402344	262.3811340332031	10.705544471740723	261.6679382324219	327.0016784667969	115.25834655761719	0.0
321.6825256347656	379.24725341796875	217.49502563476562	73.88362884521484	848.3015747070312	1184.177001953125	1114.16650390625	118.88543701171875	336.74853515625	158.68255615234375	0.0	38.249725341796875	497.5842590332031	951.4693603515625	983.37744140625	158.095703125	114.79055786132812	0.0	0.0	105.67314910888672	22.9716739654541	0.0	208.20787048339844	488.2100524902344	210.4798126220703	0.0	0.0	0.0	31.74086570739746	0.0	400.3754577636719	495.87213134765625	354.7312316894531	238.0836181640625	127.90054321289062	330.2773742675781	795.2365112304688	901.2962036132812	541.181396484375	52.71841812133789	380.38568115234375	53.41304397583008	78.7593765258789	283.300048828125	800.4197387695312	669.7335815429688	396.3543701171875	0.0	0.0	0.0	688.181396484375	1122.446044921875	359.91497802734375	85.95539093017578	9.59930419921875	289.194091796875	0.0	0.0	663.9555053710938	1300.775634765625	636.3282470703125	185.48182678222656	0.0	451.8500671386719	65.28713989257812	0.0	0.0	37.8438835144043	0.0	0.0	0.0	0.0	76.47909545898438	0.0	278.9374084472656	0.0	0.0	0.0	0.0	0.0	114.79578399658203	166.30015563964844	295.0578918457031	0.0	275.40045166015625	198.77064514160156	0.0	0.0	0.0	110.74087524414062	126.35261535644531	0.0	151.1238250732422	378.896240234375	147.99432373046875	0.0	0.0	0.0	15.258559226989746	0.0	133.44650268554688	89.625244140625	255.72422790527344	313.5005187988281	0.0	0.0	97.8689956665039	175.23995971679688	153.11985778808594	233.81591796875	198.7436981201172	335.0436096191406	0.0	99.02316284179688	246.9608917236328	57.05854034423828	0.0	0.0	51.00713348388672	135.77789306640625	0.0	29.028562545776367	270.625732421875	98.7703628540039	70.41863250732422	0.0	63.4535026550293	74.19727325439453	0.0	0.0	0.0	30.162200927734375	0.0	0.0	0.0	25.67816925048828	0.0	0.0	0.0	150.48727416992188	0.0	0.0	0.0	0.0	483.4775695800781	708.6495361328125	1055.04833984375	733.8976440429688	732.5774536132812	521.0281982421875	0.0	98.90799713134766	499.6972351074219	795.657958984375	801.4171752929688	758.0768432617188	497.10809326171875	0.0	0.0	156.64857482910156	223.87730407714844	36.5713005065918	454.4895324707031	1059.573486328125	245.89234924316406	0.0	290.2936096191406	561.7178955078125	283.5975646972656	178.38412475585938	252.37510681152344	664.0390625	146.0811309814453	0.0	537.430419921875	582.830078125	0.0	0.0	0.0	0.0	0.0	0.0	0.0	0.0	0.0	0.0	0.0	0.0	0.0	0.0	0.0	0.0	22.281490325927734	151.52996826171875	0.0	20.471099853515625	904.372314453125	1282.85302734375	654.2517700195312	228.9890594482422	82.28297424316406	235.16148376464844	0.0	210.8694610595703	796.8023071289062	1176.1162109375	785.7791137695312	460.7375183105469	0.0	87.97478485107422	135.58287048339844	19.908443450927734	439.52911376953125	507.1261291503906	118.87227630615234	0.0	0.0	0.0	4.747226715087891	105.96216583251953	404.93084716796875	420.4847106933594	114.38410949707031	0.0	486.59588623046875	556.1871948242188	0.0	37.272369384765625	16.881614685058594	280.1395568847656	0.0	567.55615234375	508.2615966796875	587.11376953125	0.0	474.01171875	216.2992706298828	388.5890808105469	0.0	411.02606201171875	5.74072265625	0.0	25.57217788696289	261.3073425292969	0.0	260.3354187011719	347.7447204589844	287.1348876953125	79.2274398803711	0.0	0.0	274.11016845703125	112.45528411865234	348.38739013671875	326.4276123046875	24.193883895874023
526.9425659179688	296.4570007324219	295.4105224609375	368.25933837890625	371.7891845703125	931.1776123046875	658.2974853515625	24.897968292236328	226.73828125	0.0	12.877180099487305	0.0	203.44590759277344	77.89263916015625	8.768919944763184	37.02181625366211	98.95600128173828	14.625788688659668	4.787428379058838	79.416748046875	337.74578857421875	7.436556339263916	459.93310546875	253.7803192138672	280.3790283203125	98.76358032226562	493.978271484375	392.5479431152344	87.1036148071289	9.858820915222168	350.7901306152344	518.7142333984375	117.99758911132812	176.42601013183594	145.29579162597656	218.19915771484375	554.1163330078125	430.74554443359375	92.68548583984375	155.95448303222656	251.30062866210938	292.6515197753906	212.4676513671875	0.0	252.30230712890625	151.42193603515625	0.0	0.0	326.03204345703125	0.0	433.2567138671875	493.02923583984375	675.286376953125	40.47026824951172	145.476806640625	797.8973999023438	382.26226806640625	0.0	474.2262878417969	785.3324584960938	0.0	0.0	402.0489196777344	95.2682876586914	419.5150451660156	0.0	0.0	0.0	752.1656494140625	0.0	0.0	0.0	189.97808837890625	0.0	0.0	241.5453643798828	0.0	0.0	679.64599609375	147.4003143310547	0.0	32.64801025390625	182.50364685058594	12.08983039855957	16.326171875	132.947021484375	0.0	0.0	0.0	15.491220474243164	143.76893615722656	0.0	188.88040161132812	66.88304901123047	0.0	0.0	0.0	0.0	122.76375579833984	68.94957733154297	5.573666572570801	0.0	62.75588607788086	300.5314636230469	0.0	0.0	37.44646453857422	234.83322143554688	210.4241485595703	177.9112091064453	185.0115966796875	225.19366455078125	0.0	2.944139003753662	86.61835479736328	1.6461632251739502	42.20761489868164	121.89015197753906	58.76631164550781	47.09953689575195	45.52363967895508	64.5472412109375	49.39004898071289	84.19749450683594	0.0	167.17799377441406	0.0	18.987215042114258	0.0	0.0	66.08436584472656	218.44422912597656	156.2792510986328	0.0	0.0	0.0	0.0	0.0	0.0	127.73281860351562	0.0	0.0	127.90861511230469	292.2408447265625	230.08184814453125	29.141799926757812	24.98103904724121	0.0	0.2516498565673828	0.0	248.18173217773438	122.64187622070312	969.3170166015625	646.6143188476562	0.0	94.22329711914062	0.0	122.73313903808594	0.0	0.0	718.0808715820312	482.031982421875	61.627418518066406	405.1512145996094	224.9142608642578	85.09095001220703	699.7275390625	450.9906921386719	175.75730895996094	110.42745208740234	398.3138427734375	733.3948364257812	0.0	0.0	760.4769897460938	614.5341796875	0.0	0.0	0.0	0.0	0.0	0.0	0.0	0.0	0.0	0.0	0.0	0.0	0.0	24.133424758911133	0.0	0.0	490.703369140625	515.190185546875	0.0	0.0	738.2521362304688	986.543212890625	0.0	141.72589111328125	1091.5909423828125	1030.55029296875	0.0	32.583946228027344	0.0	0.0	0.0	246.65562438964844	262.80877685546875	213.12716674804688	7.028506278991699	56.66587829589844	167.59732055664062	241.91162109375	42.781341552734375	54.87908935546875	198.24375915527344	0.0	0.0	0.0	222.75833129882812	127.97501373291016	0.0	27.72996711730957	154.79788208007812	362.22674560546875	0.0	0.0	658.0194702148438	756.531494140625	0.0	280.9497985839844	214.22312927246094	321.7144470214844	213.62570190429688	397.0819091796875	264.4428405761719	200.61244201660156	0.0	704.0503540039062	21.84949493408203	0.0	276.9656677246094	257.0938720703125	302.0675048828125	398.26019287109375	48.1576042175293	187.97369384765625	6.229948997497559	152.552490234375	76.9916000366211	0.0	0.0	15.64100170135498	78.55726623535156	97.15135955810547
102.02227783203125	0.0	21.30126190185547	0.0	9.327020645141602	54.17204666137695	31.667949676513672	234.42489624023438	0.0	0.0	0.0	122.8193359375	0.0	26.426490783691406	411.27191162109375	109.79400634765625	158.58346557617188	175.60281372070312	117.10986328125	143.87547302246094	87.52682495117188	134.1507110595703	227.98629760742188	118.89031219482422	44.0299186706543	425.5877685546875	226.34976196289062	130.88450622558594	230.50482177734375	222.42747497558594	243.5074005126953	412.9870910644531	0.0	69.18390655517578	0.0	92.13955688476562	123.65901184082031	0.0	292.57977294921875	70.05988311767578	0.0	0.0	17.216693878173828	167.77023315429688	0.0	292.3988342285156	230.06912231445312	0.0	0.0	711.1134033203125	714.900390625	52.82075500488281	0.0	654.6561889648438	604.2908325195312	0.0	0.0	446.8911437988281	967.0689697265625	845.0728149414062	0.0	776.685546875	313.6302490234375	742.6141357421875	0.0	0.0	0.0	0.0	0.0	0.0	0.0	0.0	180.09068298339844	931.3252563476562	0.0	0.0	176.54945373535156	847.3604736328125	0.0	0.0	0.0	0.0	0.0	0.0	157.80154418945312	106.49378204345703	0.0	0.0	71.00057983398438	0.0	0.0	0.0	107.6610336303711	0.0	0.0	0.0	0.0	0.0	45.73569107055664	173.6490936279297	0.0	122.39328002929688	464.04376220703125	254.8178253173828	0.0	39.988677978515625	465.57562255859375	141.9388427734375	0.0	91.33744812011719	331.98895263671875	171.0911865234375	63.3919792175293	165.9538116455078	166.61671447753906	0.0	30.043569564819336	143.3525390625	107.89929962158203	0.0	34.97591781616211	111.27686309814453	215.07493591308594	22.637712478637695	98.0087890625	67.39820098876953	119.23399353027344	0.0	0.0	0.0	0.0	0.0	0.0	0.0	0.0	0.0	0.0	91.85356140136719	0.0	0.0	0.0	115.18047332763672	0.0	45.81696701049805	426.7914123535156	514.3399658203125	22.05979347229004	0.0	0.0	291.36602783203125	144.33157348632812	0.0	0.0	0.0	237.07838439941406	380.2438049316406	0.0	0.0	0.0	266.7120666503906	194.33984375	443.0184020996094	854.7508544921875	74.03993225097656	0.0	578.9695434570312	564.3427734375	60.5344123840332	0.0	529.9730834960938	226.07054138183594	457.1078186035156	138.64712524414062	119.15487670898438	233.44403076171875	423.3409729003906	0.0	0.0	0.0	0.0	49.83613204956055	0.0	0.0	0.0	65.77351379394531	0.0	0.0	0.0	34.00688934326172	0.0	0.0	0.0	269.6214904785156	618.1337280273438	369.2222595214844	111.19416809082031	0.0	0.0	118.20867919921875	28.256122589111328	0.0	0.0	112.32275390625	81.8404769897461	0.0	350.1944274902344	807.023681640625	226.8621826171875	88.27793884277344	202.8957061767578	133.89523315429688	0.0	32.53007888793945	0.0	148.72256469726562	60.260921478271484	0.20625703036785126	0.0	157.21859741210938	60.624568939208984	0.0	0.0	0.0	0.0	85.34166717529297	205.9795379638672	334.1116638183594	98.869140625	194.81446838378906	0.0	492.0607604980469	197.69944763183594	35.898040771484375	578.5944213867188	728.938720703125	460.44287109375	109.78253173828125	465.4046325683594	820.60009765625	551.2704467773438	42.228485107421875	152.86802673339844	0.0	99.39216613769531	50.73136901855469	0.0	253.34823608398438	306.1253356933594	158.92872619628906	214.0590057373047	14.688546180725098	264.3529052734375	143.37379455566406	373.11822509765625	592.5471801757812	129.3057098388672
0.0	31.360260009765625	413.3521423339844	283.4474182128906	0.0	195.16189575195312	116.22184753417969	0.0	272.7049865722656	215.80206298828125	0.0	0.0	224.72193908691406	0.0	0.0	6.102063179016113	0.0	0.0	191.11578369140625	460.62310791015625	0.0	72.53437042236328	540.116943359375	573.7168579101562	55.62936782836914	467.4031066894531	520.77783203125	64.51607513427734	265.9849548339844	564.525146484375	79.48497009277344	128.927001953125	5.234877586364746	0.0	0.0	0.0	2.8654375076293945	0.0	0.9464187622070312	123.19784545898438	0.0	0.0	85.54902648925781	127.18328857421875	0.0	54.4415283203125	84.16442108154297	43.790077209472656	5.005043983459473	39.73838806152344	331.6005859375	607.9161376953125	0.0	139.55068969726562	67.31629180908203	0.0	89.96156311035156	100.4029769897461	0.0	0.0	135.1922607421875	5.159631729125977	0.0	0.0	0.0	0.0	660.0300903320312	532.6834716796875	0.0	451.10650634765625	814.33935546875	0.0	0.0	879.8648071289062	210.62423706054688	0.0	674.9644775390625	632.6622924804688	0.0	0.0	0.0	80.10511016845703	75.32857513427734	0.0	12.8387451171875	55.249183654785156	0.0	0.0	100.5562515258789	0.0	0.0	0.0	25.681974411010742	0.0	0.0	0.0	0.0	0.0	0.0	66.6623306274414	0.0	0.0	0.0	297.8719482421875	0.0	0.0	320.9198913574219	327.0667724609375	0.0	272.1715087890625	295.7652587890625	151.55111694335938	35.80747985839844	63.13155746459961	31.548860549926758	0.0	61.26628494262695	58.76920700073242	0.0	36.19281005859375	58.50321578979492	0.0	0.0	8.168235778808594	0.0	9.189269065856934	6.800373077392578	0.0	0.0	49.63673400878906	123.81183624267578	124.8837661743164	0.0	57.65167999267578	21.682567596435547	0.0	85.80545043945312	102.10848999023438	23.209701538085938	0.0	0.0	0.0	0.0	0.0	0.0	0.0	95.54344940185547	94.1927261352539	0.0	0.0	0.0	0.0	0.0	0.0	0.0	0.0	0.0	0.0	0.0	0.0	0.0	0.0	1114.1943359375	1018.9948120117188	0.0	787.27587890625	1193.465087890625	298.8369445800781	390.96893310546875	1197.869384765625	656.5670776367188	0.0	955.8701782226562	1016.326416015625	0.0	0.0	0.0	25.918140411376953	0.0	0.0	29.611324310302734	46.955322265625	0.0	0.0	35.82908630371094	0.0	0.0	46.81827926635742	0.0	0.0	18.138809204101562	46.71778106689453	0.0	0.0	142.0191192626953	375.4644775390625	0.0	0.0	118.8071517944336	286.05987548828125	0.0	0.0	264.4397888183594	175.1316680908203	165.541259765625	312.2516174316406	297.78955078125	0.0	1.6428180932998657	40.66748046875	133.64907836914062	100.3560791015625	0.0	30.020063400268555	0.0	0.0	31.919605255126953	0.0	0.0	0.0	14.652668952941895	0.0	0.0	12.007926940917969	3.794334888458252	0.0	0.0	460.71966552734375	0.0	0.0	531.5631713867188	641.2337646484375	0.0	246.72825622558594	676.6597900390625	276.1336669921875	118.1925277709961	630.2071533203125	523.1575317382812	0.0	29.77831268310547	114.87320709228516	165.3990020751953	0.0	90.52455139160156	182.84339904785156	75.29420471191406	0.0	185.76734924316406	152.6031951904297	0.0	0.0	185.80784606933594	0.0	0.0	0.0
327.7454833984375	622.9956665039062	447.0826110839844	799.0765991210938	0.0	599.403564453125	694.5559692382812	0.0	409.53680419921875	0.0	49.317230224609375	153.24505615234375	55.89656066894531	470.7099914550781	306.0797424316406	89.15219116210938	114.00142669677734	0.0	109.40599822998047	200.20628356933594	54.221885681152344	338.1640930175781	323.9656066894531	429.978271484375	343.7456359863281	178.09608459472656	319.0863342285156	0.0	490.021728515625	389.7209167480469	194.20443725585938	119.28008270263672	88.91699981689453	224.7181396484375	237.3341827392578	222.32102966308594	22.950946807861328	263.82049560546875	141.9793701171875	182.2336883544922	0.0	59.4056396484375	298.0427551269531	279.4942932128906	429.9879150390625	555.727294921875	232.2237091064453	21.889493942260742	114.9207534790039	190.01907348632812	488.402587890625	258.42852783203125	684.9087524414062	432.6204528808594	184.77642822265625	0.0	417.0627136230469	482.0442199707031	517.8222045898438	0.0	159.51211547851562	516.353515625	695.6765747070312	0.0	0.0	9.042389869689941	0.0	0.0	355.10333251953125	0.0	0.0	0.0	508.35809326171875	0.0	0.0	0.0	545.6992797851562	0.0	0.0	0.0	70.97319793701172	0.0	124.45442199707031	165.93411254882812	26.736087799072266	136.02883911132812	0.0	0.0	0.0	0.0	0.0	13.979000091552734	0.0	0.0	0.0	0.0	0.0	0.0	0.0	0.0	0.0	0.0	52.95730209350586	157.81729125976562	0.0	105.77230834960938	188.32936096191406	409.8306884765625	0.0	195.82337951660156	310.1826171875	374.9886779785156	32.106781005859375	66.59893035888672	29.960050582885742	32.42892074584961	39.99917221069336	78.68414306640625	5.321042537689209	0.9954891800880432	58.080806732177734	45.79500198364258	31.755996704101562	48.34817123413086	0.0	239.93405151367188	66.17302703857422	0.0	0.0	0.0	126.92598724365234	203.6412811279297	97.10382843017578	267.5938720703125	0.0	0.0	205.43446350097656	0.0	0.0	0.0	0.0	0.0	0.0	0.0	79.74673461914062	268.5799865722656	95.22782135009766	0.0	79.23944854736328	0.0	137.1834716796875	0.0	4.110608100891113	290.7593994140625	0.0	0.0	556.5062255859375	127.47997283935547	124.11495208740234	0.0	453.50262451171875	789.92822265625	198.45333862304688	840.1361694335938	294.0554504394531	702.5989379882812	979.5699462890625	763.0216674804688	690.6896362304688	648.5663452148438	316.7090148925781	0.0	299.065185546875	0.0	166.01968383789062	0.0	18.521041870117188	0.0	0.0	0.0	5.272880554199219	0.0	0.0	0.0	0.0	0.0	0.0	0.0	0.0	0.0	0.0	51.297935485839844	54.22475814819336	356.85528564453125	501.3832092285156	728.1405639648438	0.0	563.5209350585938	521.6202392578125	499.51611328125	7.607476234436035	296.9078369140625	0.0	0.0	1156.99951171875	1468.2373046875	397.635498046875	139.6098175048828	215.99732971191406	214.74484252929688	51.76578140258789	118.953125	43.66658401489258	270.05401611328125	0.0	0.0	292.2033996582031	219.87210083007812	15.185352325439453	180.69163513183594	0.0	43.16098403930664	88.4921875	87.94181060791016	0.0	0.0	0.0	0.0	0.0	580.958251953125	39.64816665649414	342.77301025390625	207.4486541748047	548.6492919921875	453.43914794921875	307.6534118652344	659.083251953125	967.4105834960938	298.6435241699219	0.0	132.62498474121094	121.65402221679688	325.2626953125	277.0885925292969	105.56878662109375	99.0267562866211	45.441776275634766	0.0	253.39422607421875	15.412220001220703	56.020957946777344	0.0	317.245361328125	427.28271484375	213.3404083251953	15.097637176513672
220.3745574951172	226.36109924316406	0.0	0.0	438.798828125	697.6087036132812	887.3334350585938	884.2026977539062	48.054832458496094	0.0	370.0541076660156	171.70852661132812	1159.64990234375	1213.2562255859375	1023.40576171875	85.35043334960938	106.45254516601562	324.86981201171875	62.24351501464844	0.0	496.16168212890625	402.0271911621094	0.0	38.747493743896484	194.24656677246094	0.0	0.0	229.31459045410156	41.277374267578125	189.41624450683594	456.60687255859375	531.8411865234375	0.0	0.0	0.0	77.7205581665039	276.6175842285156	667.5889892578125	820.9320678710938	652.2369384765625	30.813583374023438	142.305419921875	168.0426025390625	0.0	735.7138061523438	639.8896484375	337.59130859375	20.935932159423828	111.62183380126953	78.1893310546875	0.0	454.36431884765625	314.3189392089844	332.35736083984375	0.0	549.4287719726562	0.0	0.0	265.00811767578125	1343.0694580078125	276.32464599609375	0.0	0.0	19.471698760986328	700.760498046875	263.1260681152344	0.0	0.0	431.59375	0.0	0.0	0.0	334.6571044921875	0.0	0.0	351.92034912109375	0.0	0.0	0.0	68.6384048461914	0.0	0.0	107.56480407714844	104.99142456054688	0.0	89.43595123291016	73.8917007446289	0.0	25.938724517822266	264.0350646972656	285.75848388671875	0.0	247.60806274414062	304.5660400390625	151.3007354736328	0.0	0.0	0.0	0.0	94.44467163085938	0.0	37.831111907958984	402.760498046875	500.4295654296875	0.0	0.0	0.0	43.07586669921875	43.60635757446289	157.5441436767578	0.0	357.0020446777344	25.69257926940918	0.0	42.2653923034668	168.4136505126953	16.662893295288086	0.0	45.96689224243164	101.22672271728516	0.0	82.9998550415039	253.2191925048828	180.75440979003906	8.272549629211426	65.00550842285156	0.0	0.0	13.812167167663574	123.74151611328125	0.0	0.0	61.4749755859375	127.53070831298828	0.0	0.0	0.0	0.0	41.291725158691406	114.61526489257812	0.0	0.0	0.0	0.0	32.987552642822266	246.1861114501953	660.7109985351562	808.2997436523438	253.66481018066406	290.59228515625	97.93897247314453	0.0	647.3394165039062	584.3303833007812	668.4405517578125	767.5635375976562	102.65834045410156	0.0	0.0	0.0	784.853271484375	1143.8154296875	331.3065490722656	319.4371337890625	623.2518920898438	139.1610870361328	0.0	147.2898406982422	246.03530883789062	0.0	408.3192443847656	942.31689453125	0.0	0.0	542.4879150390625	457.572265625	13.681563377380371	0.0	0.0	0.0	0.0	0.0	0.0	0.0	0.0	0.0	0.0	0.0	0.0	0.0	0.0	0.0	0.0	275.4258117675781	439.64581298828125	398.7786865234375	1336.0091552734375	1535.719482421875	332.0049743652344	0.0	450.1901550292969	273.28729248046875	0.0	0.0	1338.082763671875	1314.6004638671875	801.1500244140625	414.78851318359375	164.24038696289062	137.98948669433594	0.0	18.95631980895996	192.51629638671875	379.94281005859375	590.9472045898438	468.23883056640625	0.0	0.0	0.0	0.0	626.747314453125	478.5653076171875	231.81980895996094	0.0	0.0	760.0933837890625	437.3800048828125	0.0	387.8306884765625	944.3939819335938	323.4887390136719	0.0	465.5046691894531	362.2240295410156	0.0	160.93368530273438	269.4417724609375	0.0	0.0	416.1712341308594	178.89442443847656	0.0	0.0	0.0	223.2512969970703	140.4752655029297	158.9996337890625	188.17393493652344	0.0	61.91387939453125	169.38255310058594	73.85094451904297	197.51124572753906	274.6685791015625	272.12152099609375	64.28671264648438
0.0	264.54425048828125	485.3844299316406	269.8467712402344	90.71977233886719	537.1819458007812	364.5624084472656	454.67413330078125	0.0	121.14308166503906	328.1851501464844	180.30686950683594	185.4879608154297	751.9544067382812	1008.6414184570312	126.14192199707031	66.0659408569336	380.20550537109375	120.81387329101562	0.0	183.0782470703125	385.5613708496094	46.47087478637695	172.5009307861328	104.63339233398438	279.529541015625	0.9289599657058716	127.94062042236328	217.41140747070312	166.54542541503906	267.46942138671875	417.89862060546875	0.0	165.75291442871094	268.1866760253906	0.0	0.0	236.61929321289062	496.20166015625	401.5956726074219	212.4693145751953	335.1130065917969	22.061473846435547	85.16654205322266	160.55104064941406	513.3716430664062	309.75372314453125	18.343990325927734	0.0	268.3663024902344	161.7508544921875	0.0	113.41214752197266	180.70068359375	267.5908508300781	604.6151733398438	428.13018798828125	223.38525390625	189.33078002929688	1053.271484375	437.8025817871094	574.0076904296875	0.0	0.0	251.19642639160156	692.3639526367188	0.0	19.860328674316406	513.1546020507812	109.11752319335938	0.0	0.0	615.4988403320312	0.0	0.0	0.0	188.3198699951172	0.0	69.5761489868164	0.0	0.0	0.0	0.0	0.0	0.0	0.0	0.0	0.0	0.0	0.0	104.67344665527344	0.0	33.41127014160156	109.70110321044922	126.91089630126953	0.0	0.0	0.0	107.63568878173828	25.87704086303711	0.0	0.0	131.9138946533203	122.53189849853516	91.16111755371094	0.726527214050293	115.24991607666016	169.48997497558594	57.29653549194336	62.40151596069336	0.0	278.2455139160156	31.25096321105957	29.84751319885254	47.22621536254883	3.5979647636413574	0.0	0.0	106.8132095336914	22.387554168701172	11.48427963256836	0.0	269.4535827636719	118.01205444335938	53.42085647583008	26.722970962524414	0.0	0.0	0.0	274.6050720214844	40.826351165771484	9.685541152954102	0.0	181.39068603515625	0.0	0.0	0.0	0.0	43.56449890136719	70.59058380126953	13.756779670715332	72.80668640136719	0.0	0.0	0.0	0.0	0.0	27.074474334716797	0.0	446.8009338378906	673.7454223632812	0.0	0.0	0.0	982.0728759765625	918.1959838867188	364.050537109375	860.9094848632812	0.0	0.0	113.25352478027344	499.1151123046875	0.0	32.79525375366211	449.9697265625	567.2101440429688	0.0	147.4154052734375	246.8978729248047	346.9960021972656	29.945131301879883	560.4550170898438	205.3998565673828	6.019662857055664	354.37652587890625	270.4039001464844	66.85576629638672	0.0	0.0	0.0	69.86229705810547	0.0	0.0	0.0	27.570058822631836	0.0	0.0	0.0	0.0	0.0	0.0	0.0	0.0	166.53475952148438	226.32835388183594	0.0	0.0	937.7823486328125	666.490234375	204.48483276367188	0.0	0.0	0.0	0.0	355.2781677246094	1113.45166015625	741.7445068359375	265.2024230957031	0.0	0.0	0.0	38.30152893066406	0.0	208.3597412109375	74.66324615478516	76.51441192626953	0.0	0.0	0.0	0.0	148.931640625	239.48818969726562	196.24855041503906	0.0	0.0	573.5283813476562	523.275390625	0.0	0.0	490.4226379394531	177.00253295898438	93.4010238647461	0.0	695.0822143554688	71.8609619140625	26.515531539916992	0.0	549.630126953125	0.0	248.15248107910156	101.28440856933594	181.7670135498047	367.30987548828125	134.076904296875	140.04046630859375	21.441267013549805	368.16168212890625	393.2549133300781	135.48074340820312	182.2586212158203	53.84075927734375	98.45332336425781	11.09572696685791	418.5020446777344	323.544189453125	13.241943359375
467.3818359375	0.0	0.0	0.0	539.2051391601562	775.9058227539062	677.43505859375	253.949462890625	104.23665618896484	338.5158386230469	508.9398498535156	337.4939270019531	154.05075073242188	47.26264572143555	76.06396484375	128.56849670410156	116.41939544677734	109.34980773925781	70.87216186523438	304.9654541015625	485.5546875	187.96868896484375	234.07447814941406	391.3404846191406	179.34596252441406	153.2412109375	431.1222839355469	275.0155944824219	0.0	49.582157135009766	43.70044708251953	59.97190856933594	70.19384002685547	3.386223793029785	0.0	0.0	692.0623779296875	555.302001953125	0.0	34.65702438354492	377.4293518066406	572.4515991210938	327.812255859375	121.45030975341797	334.00482177734375	282.84869384765625	196.18724060058594	303.67230224609375	393.0250244140625	0.0	723.9964599609375	657.13720703125	643.8795776367188	0.0	749.0300903320312	615.2144165039062	256.3990783691406	0.0	372.8745422363281	322.3470458984375	0.0	0.0	772.5197143554688	670.0364379882812	292.9732360839844	0.0	1120.6455078125	400.5467224121094	0.0	0.0	1176.5076904296875	0.0	0.0	0.0	357.47930908203125	0.0	0.0	0.0	103.64151763916016	0.0	0.0	0.0	0.0	0.0	0.0	9.757658004760742	0.0	0.0	0.0	18.70331573486328	0.0	0.0	215.49539184570312	256.3650817871094	0.0	0.0	58.70315933227539	70.54649353027344	41.00821304321289	11.11292839050293	67.3367691040039	0.0	0.0	93.89014434814453	30.11701774597168	0.0	17.80881690979004	79.86934661865234	314.03912353515625	219.82089233398438	577.14404296875	363.197021484375	0.0	57.01749038696289	51.61753845214844	32.36674499511719	119.86192321777344	52.896549224853516	74.51412200927734	16.69835090637207	66.12494659423828	84.51168823242188	44.45463180541992	0.0	0.0	185.98414611816406	126.55047607421875	134.9470672607422	89.08872985839844	0.0	98.23677825927734	303.22613525390625	89.8702392578125	0.0	399.6034240722656	487.4313049316406	0.0	0.0	0.0	0.0	0.0	0.0	0.0	0.0	0.0	0.0	174.85142517089844	0.0	172.9093475341797	0.0	2.2364249229431152	5.984526634216309	1317.3203125	947.9944458007812	318.0886535644531	98.033203125	0.0	141.4652099609375	460.9134521484375	26.57439422607422	937.1456909179688	0.0	566.3133544921875	853.3436889648438	215.49017333984375	0.0	462.8135986328125	534.011962890625	96.4986801147461	58.76040267944336	577.6709594726562	522.2379150390625	0.0	0.0	399.9198303222656	541.6458129882812	0.0	19.85042381286621	89.88859558105469	0.0	0.0	102.97872161865234	0.0	0.0	0.0	48.788761138916016	0.0	0.0	0.0	0.0	0.0	0.0	123.08296203613281	0.0	0.0	204.87405395507812	1100.5760498046875	418.48602294921875	0.0	226.33509826660156	1275.1014404296875	1034.277099609375	772.5669555664062	897.4030151367188	0.0	0.0	0.0	269.17962646484375	170.8182373046875	0.0	89.87439727783203	126.67652893066406	0.0	0.0	0.0	5.740889549255371	335.7343444824219	83.32862091064453	108.8802719116211	117.6128921508789	255.26483154296875	0.0	0.0	52.762847900390625	383.2887878417969	16.05362319946289	0.0	773.2651977539062	857.6033325195312	215.1684112548828	0.0	680.7803955078125	277.4410705566406	0.0	0.0	634.4428100585938	253.09735107421875	223.34304809570312	43.39100646972656	674.1443481445312	46.760868072509766	310.5682373046875	208.742919921875	51.66548156738281	516.2567138671875	832.029052734375	489.0532531738281	321.36114501953125	0.0	574.242431640625	401.1424560546875	185.8542938232422	0.0	0.0	0.0	180.1451416015625
0.0	400.7027282714844	374.72271728515625	7.790977954864502	332.6513671875	356.9422912597656	319.1710205078125	488.49005126953125	263.0428466796875	537.6408081054688	558.909912109375	10.498763084411621	316.87554931640625	513.2330322265625	0.0	0.0	0.0	0.0	230.1021728515625	397.13018798828125	44.97037124633789	331.7503967285156	466.79888916015625	45.14079284667969	231.44407653808594	567.7999877929688	209.89151000976562	298.16802978515625	496.4414367675781	350.22308349609375	234.06967163085938	362.5162658691406	13.525090217590332	0.0	0.0	0.0	0.0	0.0	243.43026733398438	337.0628662109375	12.30963134765625	238.94387817382812	364.2868347167969	73.55260467529297	399.0179443359375	578.2907104492188	231.51446533203125	157.84060668945312	0.0	207.32742309570312	96.09586334228516	0.0	118.08210754394531	251.51467895507812	392.3897399902344	661.1971435546875	11.220891952514648	0.0	230.64169311523438	600.021728515625	0.0	0.0	0.0	79.46101379394531	0.0	0.0	393.96820068359375	328.99786376953125	0.0	323.62725830078125	0.0	0.0	342.64569091796875	465.01287841796875	0.0	0.0	347.57720947265625	0.0	0.0	0.0	0.0	137.59625244140625	0.0	0.0	78.2397232055664	0.0	0.0	0.0	0.0	102.74678802490234	0.0	0.0	0.0	0.0	0.7406666278839111	0.0	0.0	0.0	0.0	96.23907470703125	0.0	0.0	0.0	73.91524505615234	0.0	0.0	0.0	268.5710754394531	0.0	108.0645523071289	331.98382568359375	429.7779541015625	67.4963150024414	57.74168014526367	0.0	0.0	59.44515609741211	0.0	44.01222229003906	40.73108673095703	0.0	0.0	88.54938507080078	87.73519134521484	0.0	0.0	18.54486656188965	53.970848083496094	0.0	166.3708953857422	167.0574493408203	54.15098571777344	61.95112991333008	110.79620361328125	0.14041025936603546	0.0	2.2540194988250732	40.553497314453125	0.0	0.0	0.0	0.0	0.0	0.0	0.0	0.0	0.0	0.0	0.0	0.0	298.49053955078125	109.3165054321289	0.0	0.0	79.58393859863281	159.69236755371094	537.7865600585938	297.7513732910156	0.0	97.49506378173828	0.0	296.0235900878906	1052.1300048828125	674.2626342773438	196.07220458984375	936.727294921875	612.8411254882812	273.9107666015625	779.27001953125	1065.3038330078125	501.444580078125	681.7727661132812	567.7137451171875	0.0	0.0	0.0	0.0	0.0	0.0	0.0	51.931785583496094	0.0	0.0	0.0	0.0	0.0	0.0	0.0	0.0	0.0	0.0	0.0	0.0	0.0	0.0	0.0	0.0	233.99530029296875	531.4085693359375	199.38272094726562	145.03318786621094	734.4837646484375	549.2916259765625	150.08692932128906	1089.8258056640625	1310.3695068359375	357.4090881347656	156.7225341796875	0.0	71.87511444091797	91.0654525756836	0.0	65.91876983642578	73.57148742675781	48.420806884765625	9.69946002960205	67.26398468017578	0.0	0.0	0.0	143.13047790527344	80.4249496459961	22.167312622070312	0.0	0.0	0.0	0.0	309.79541015625	0.0	15.803201675415039	476.14453125	449.3218688964844	134.88819885253906	726.9842529296875	395.073974609375	204.8323516845703	421.5574951171875	737.7155151367188	95.53193664550781	149.14370727539062	87.02178955078125	169.41131591796875	164.4735870361328	11.267446517944336	191.03834533691406	145.45143127441406	154.1209716796875	303.64215087890625	221.4944610595703	134.94561767578125	152.49281311035156	0.0	93.2674560546875	111.73941802978516	0.0	19.847591400146484
770.1107788085938	638.1168823242188	123.51887512207031	0.0	810.6077880859375	885.3705444335938	1030.372314453125	928.3672485351562	3.702045202255249	0.0	0.0	0.0	543.6901245117188	939.9780883789062	1136.706298828125	718.6555786132812	94.46892547607422	0.0	0.0	6.8784284591674805	377.0362854003906	0.0	2.8916175365448	46.99945831298828	196.4129180908203	103.91357421875	57.8560791015625	0.0	0.0	120.74010467529297	174.12750244140625	367.3442077636719	256.8492431640625	365.0083312988281	198.66452026367188	79.66386413574219	715.2195434570312	763.4652709960938	839.086669921875	578.7748413085938	106.27306365966797	242.0237579345703	244.9254608154297	183.7889404296875	535.0508422851562	601.7051391601562	545.3729858398438	127.99183654785156	353.6428527832031	0.0	0.0	217.14166259765625	423.3771667480469	0.0	0.0	121.337158203125	0.0	0.0	0.0	1029.2469482421875	7.936211109161377	16.769330978393555	0.0	237.8620147705078	294.4927978515625	0.0	0.0	0.0	316.2167053222656	0.0	0.0	0.0	23.960201263427734	0.0	0.0	0.0	0.0	0.0	0.0	226.0745391845703	0.0	0.0	76.37444305419922	106.30316162109375	68.00994873046875	389.5455017089844	352.54168701171875	0.0	0.0	77.2857666015625	17.40861701965332	40.39501953125	218.2493896484375	95.72836303710938	376.6291809082031	7.194167137145996	0.0	0.0	0.0	30.5311279296875	0.0	215.64332580566406	279.3796081542969	362.5426940917969	108.53279113769531	129.87783813476562	29.20182228088379	161.61184692382812	332.00189208984375	455.1803894042969	345.2166748046875	169.7559051513672	0.0	0.0	11.65360164642334	85.42857360839844	0.0	58.510074615478516	54.37648391723633	96.05777740478516	0.0	20.59502410888672	140.43582153320312	357.3222961425781	0.0	21.286375045776367	48.50193405151367	25.676027297973633	0.0	0.0	11.857648849487305	120.29830169677734	8.56040096282959	0.0	0.0	0.0	0.0	0.0	0.0	0.0	0.0	0.0	254.2482452392578	218.668212890625	214.7458038330078	81.46636962890625	316.7203369140625	318.1773986816406	302.2940368652344	0.0	0.0	0.0	776.2803955078125	299.8987121582031	395.1386413574219	925.6817016601562	0.0	0.0	0.0	0.0	688.3792724609375	486.665283203125	99.66315460205078	110.13487243652344	291.2504577636719	0.0	0.0	0.0	186.33184814453125	0.0	0.0	312.5170593261719	0.0	0.0	0.0	757.8385009765625	0.0	0.0	0.0	0.0	0.0	0.0	0.0	0.0	0.0	0.0	0.0	0.0	0.0	0.0	0.0	0.0	716.8506469726562	839.3675537109375	671.4151000976562	205.80307006835938	1358.3487548828125	1294.8734130859375	836.830078125	383.7705993652344	630.530517578125	407.71722412109375	180.78541564941406	0.0	285.55804443359375	580.39501953125	657.9410400390625	325.00665283203125	325.731689453125	310.61822509765625	136.5817108154297	38.649871826171875	342.7245788574219	443.15997314453125	543.0930786132812	278.6809997558594	298.9158935546875	204.9928436279297	48.997093200683594	57.00387954711914	357.0813903808594	295.0166931152344	311.5174560546875	13.066032409667969	150.01498413085938	252.54681396484375	0.0	15.48746395111084	937.9264526367188	912.7619018554688	78.65080261230469	4.983363628387451	545.1820678710938	485.6363220214844	28.120697021484375	0.0	167.86221313476562	0.0	0.0	0.0	71.06195831298828	189.810546875	214.21527099609375	108.40152740478516	125.21810150146484	100.08898162841797	284.6155700683594	394.2644348144531	0.0	0.0	0.0	0.0	0.0	334.3177795410156	440.28485107421875	255.28125
117.46829223632812	708.0186157226562	364.3363342285156	425.9596862792969	0.0	576.9671020507812	793.1565551757812	34.85715103149414	0.0	46.71652603149414	6.283395290374756	0.0	448.38739013671875	399.6059265136719	0.0	0.0	83.28387451171875	165.64178466796875	243.2660675048828	1.6948466300964355	113.52389526367188	350.1499938964844	195.6259307861328	607.1282348632812	253.7809600830078	210.06185913085938	551.1884155273438	623.8873291015625	222.7999267578125	455.6767883300781	374.4222106933594	130.31954956054688	0.0	57.936492919921875	271.6775207519531	357.31982421875	39.96765899658203	447.4756774902344	231.24752807617188	0.0	0.0	217.6785125732422	173.8976287841797	183.44874572753906	120.23468017578125	0.0	141.82223510742188	112.70370483398438	54.860931396484375	283.8613586425781	379.3721923828125	1286.4969482421875	132.3193359375	546.8474731445312	256.81341552734375	786.536376953125	0.0	529.5060424804688	170.1541748046875	17.858638763427734	99.1797103881836	205.70265197753906	186.2240753173828	0.0	0.0	329.3207092285156	0.0	0.0	637.4757690429688	619.7296142578125	0.0	125.91444396972656	420.02032470703125	0.0	89.1121826171875	0.0	1.5423301458358765	400.9759521484375	0.0	0.0	100.35706329345703	41.17193603515625	17.811155319213867	0.0	0.0	18.26456642150879	104.2017593383789	0.0	0.0	0.0	0.0	0.0	253.69638061523438	0.0	0.0	0.0	0.0	0.0	0.0	68.0563735961914	0.0	0.0	0.0	434.4462890625	0.0	0.0	31.175596237182617	317.6639404296875	0.0	205.4286346435547	520.8594360351562	318.3144836425781	76.7468490600586	0.0	180.24957275390625	55.50813293457031	46.6094856262207	11.751681327819824	100.3661880493164	142.79132080078125	78.66234588623047	89.72232055664062	0.0	11.83041763305664	0.0	0.0	57.60598373413086	0.0	9.685364723205566	54.35700988769531	0.0	0.0	0.0	63.547760009765625	0.0	0.0	0.0	6.671002388000488	0.0	0.0	45.99528884887695	23.44188690185547	0.0	0.0	0.0	145.6775360107422	613.5046997070312	605.6422119140625	0.0	0.0	0.0	332.8091125488281	331.5958251953125	735.8372192382812	0.0	0.0	0.0	0.0	0.0	0.0	175.4670867919922	938.9228515625	494.697509765625	929.325927734375	347.59075927734375	681.8213500976562	749.320556640625	1111.7393798828125	158.69827270507812	732.8907470703125	1054.483642578125	0.0	289.59979248046875	952.471435546875	362.798583984375	0.0	80.9937973022461	0.0	0.0	0.0	102.0922622680664	0.0	0.0	0.0	0.0	0.0	0.0	0.0	54.39802551269531	0.0	0.0	48.684051513671875	0.0	471.83502197265625	340.134521484375	205.06903076171875	0.0	673.564697265625	441.9909362792969	180.49945068359375	0.0	808.0054321289062	394.05487060546875	267.4371643066406	0.0	0.0	95.5291519165039	41.50209045410156	114.2520751953125	274.9330749511719	193.18283081054688	83.1160888671875	0.0	218.82611083984375	32.086341857910156	0.0	20.19277572631836	273.4312744140625	0.0	0.0	162.95823669433594	0.0	14.472574234008789	23.478105545043945	0.0	47.17580032348633	158.74253845214844	117.8414077758789	0.0	976.6898803710938	604.3004150390625	401.7916564941406	26.862682342529297	436.3647766113281	394.2537841796875	382.7042236328125	81.73200988769531	215.53155517578125	493.926025390625	0.0	99.15230560302734	47.32464599609375	27.304920196533203	325.66131591796875	168.5823974609375	380.6723937988281	189.79324340820312	0.0	168.9593048095703	213.41647338867188	157.7292938232422	19.41767120361328	134.15740966796875	0.0	0.0	0.0
459.21343994140625	598.0349731445312	20.033906936645508	269.6988220214844	0.0	240.50558471679688	349.2942199707031	0.0	108.6031723022461	0.0	0.0	0.0	13.631790161132812	56.018043518066406	0.0	0.0	110.22186279296875	294.15545654296875	68.55728149414062	84.66496276855469	202.24444580078125	488.7021179199219	595.9053955078125	275.59820556640625	331.19256591796875	132.36788940429688	637.1989135742188	25.749408721923828	0.0	79.32746887207031	274.3062744140625	135.43154907226562	103.64785766601562	121.76345825195312	295.1333923339844	10.935937881469727	0.0	392.3696594238281	12.011820793151855	0.0	23.734718322753906	0.0	0.0	0.0	167.72657775878906	90.77128601074219	0.0	0.0	251.29153442382812	230.40243530273438	1165.6875	359.0944519042969	150.94017028808594	719.980712890625	970.7921752929688	391.4037170410156	0.0	254.34613037109375	791.769287109375	141.25259399414062	15.679145812988281	172.3738555908203	687.8638305664062	0.0	307.95318603515625	128.88385009765625	0.0	0.0	750.7601318359375	0.0	0.0	0.0	147.1705322265625	0.0	344.81707763671875	0.0	0.0	311.627197265625	150.4568328857422	0.0	19.40699577331543	0.0	0.0	0.0	0.0	0.0	0.0	0.0	52.44303512573242	0.0	0.0	0.0	187.4486846923828	107.77547454833984	0.0	0.0	0.0	0.0	162.8980712890625	0.0	0.0	0.0	266.9731750488281	330.1882629394531	0.0	89.03540802001953	199.1297149658203	175.05966186523438	23.956462860107422	223.6669464111328	303.7153625488281	256.6129150390625	94.62769317626953	261.6156921386719	110.27359771728516	0.0	97.67729187011719	206.0309295654297	248.23208618164062	0.0	37.58274841308594	71.06845092773438	107.209716796875	0.0	0.0	21.823291778564453	88.55979919433594	0.0	0.0	0.0	0.0	0.0	0.0	0.0	0.0	0.0	0.0	0.0	187.03102111816406	0.0	0.0	0.0	199.624267578125	0.0	106.44634246826172	164.45265197753906	398.7380676269531	0.0	126.9548110961914	144.59146118164062	268.4283447265625	0.0	0.0	889.696533203125	302.702392578125	0.0	0.0	0.0	58.147212982177734	0.0	433.0938415527344	798.938720703125	401.7866516113281	759.2567749023438	248.58421325683594	2.5684661865234375	856.5097045898438	696.87451171875	234.12538146972656	0.0	517.5332641601562	63.944156646728516	0.0	161.07254028320312	494.2265319824219	28.751867294311523	103.99331665039062	0.0	0.0	0.0	95.23108673095703	0.0	0.0	0.0	0.0	0.0	0.0	8.427734375	0.0	89.8836669921875	0.0	44.3814582824707	106.86229705810547	293.1721496582031	29.39522361755371	67.8559799194336	13.433609962463379	798.6798095703125	281.16204833984375	188.5088653564453	22.59323501586914	311.3568115234375	260.11883544921875	370.7267150878906	0.0	0.0	216.00283813476562	105.905517578125	248.02734375	269.6544494628906	110.59568786621094	105.89116668701172	0.0	21.482831954956055	0.0	0.0	19.57724380493164	44.33390808105469	19.134077072143555	0.0	150.61605834960938	63.137420654296875	103.71936798095703	0.0	0.0	402.98162841796875	0.0	206.63743591308594	31.30137825012207	1065.5013427734375	0.0	596.5016479492188	189.67578125	186.17715454101562	557.337890625	635.0808715820312	153.52171325683594	122.96255493164062	634.3682861328125	349.1283264160156	145.66046142578125	116.20417022705078	373.0970458984375	177.73995971679688	87.69493103027344	439.2245178222656	119.44685363769531	0.0	153.4378204345703	0.0	159.48069763183594	48.82855987548828	6.7844343185424805	89.04192352294922	89.63700866699219	22.84408950805664
222.45413208007812	424.0157165527344	0.0	0.0	574.7594604492188	621.9615478515625	155.74696350097656	353.9517517089844	687.5243530273438	835.3421020507812	610.0824584960938	233.82122802734375	283.2141418457031	619.1754760742188	704.5455932617188	251.19900512695312	152.8624267578125	71.09712982177734	71.4916000366211	106.66177368164062	0.0	80.01887512207031	286.3124694824219	0.0	210.20077514648438	185.95831298828125	78.08639526367188	130.10427856445312	180.3001251220703	0.0	414.4105529785156	315.8792724609375	147.28440856933594	12.134581565856934	59.24455642700195	46.393951416015625	508.94012451171875	535.2404174804688	343.7239074707031	221.6472930908203	513.3842163085938	407.0114440917969	86.78681182861328	252.7306671142578	594.475341796875	748.9906005859375	513.8218383789062	27.939586639404297	0.0	496.3371276855469	1205.962158203125	129.17457580566406	0.0	0.0	630.7703247070312	207.20559692382812	0.6923660635948181	0.0	909.9347534179688	988.5235595703125	232.46829223632812	0.0	0.0	703.725830078125	0.0	0.0	81.30785369873047	0.0	0.0	0.0	0.0	0.0	0.0	0.0	0.0	0.0	0.0	0.0	0.0	0.0	252.26828002929688	232.08016967773438	0.0	0.0	328.03717041015625	0.0	0.0	0.0	0.0	45.621131896972656	0.0	0.0	0.0	0.0	0.0	0.0	0.0	0.0	78.86217498779297	169.40872192382812	0.0	57.05140686035156	418.36639404296875	336.3196716308594	0.0	0.0	46.87945556640625	29.517606735229492	0.0	0.0	34.39200973510742	282.738037109375	0.0	209.8154754638672	177.94223022460938	0.0	0.0	48.193809509277344	132.43618774414062	32.02427291870117	0.0	140.4166259765625	286.4134521484375	166.85447692871094	7.566747188568115	0.0	115.72279357910156	189.1542205810547	0.0	0.0	60.05565643310547	0.0	0.0	0.0	0.0	0.0	0.0	0.0	0.0	0.0	0.0	0.0	0.0	0.0	343.6510009765625	1108.962646484375	689.107421875	0.0	143.12454223632812	214.9167938232422	0.0	0.0	0.0	526.44140625	804.0947875976562	620.0030517578125	941.1532592773438	799.90234375	122.793212890625	309.0878601074219	190.4729461669922	414.73028564453125	926.0656127929688	420.5791931152344	114.5671157836914	197.5578155517578	236.20639038085938	0.5192524194717407	375.4083251953125	192.8492889404297	275.86334228515625	563.447998046875	34.76053237915039	0.0	200.92161560058594	355.5848388671875	0.0	0.0	0.0	0.0	0.0	0.0	0.0	0.0	0.0	0.0	0.0	0.0	0.0	0.0	0.0	0.0	0.0	131.33438110351562	0.0	69.45599365234375	0.0	298.03363037109375	257.02252197265625	21.27336883544922	239.8572235107422	137.7379150390625	0.0	127.21492767333984	1082.00927734375	1106.7158203125	835.4552612304688	794.7719116210938	0.0	67.51152801513672	87.13248443603516	0.0	479.14013671875	248.83274841308594	0.0	3.4562387466430664	0.0	0.0	150.68338012695312	143.6937255859375	241.67950439453125	248.57501220703125	0.0	0.0	207.7400665283203	278.334228515625	106.750732421875	268.13848876953125	30.976041793823242	0.0	360.3183288574219	416.6401672363281	574.327392578125	549.613037109375	0.0	63.279266357421875	366.62420654296875	301.3958435058594	13.634750366210938	200.57408142089844	124.60456085205078	79.89509582519531	62.11587905883789	67.2291030883789	100.16715240478516	131.5140838623047	557.830078125	508.8173522949219	443.3973693847656	270.11083984375	105.4225845336914	267.59783935546875	28.2501220703125	192.8186798095703	227.27061462402344	52.98033142089844
0.0	0.0	0.0	0.0	0.0	27.780290603637695	0.0	0.0	0.0	0.0	0.0	0.0	0.0	66.14520263671875	396.74859619140625	332.6031188964844	0.0	192.45993041992188	176.5133056640625	42.903236389160156	0.0	284.0958251953125	402.039306640625	115.99329376220703	75.16756439208984	395.35223388671875	475.8230285644531	91.84297943115234	221.3943634033203	314.14874267578125	126.1251220703125	180.2010498046875	0.578520655632019	0.0	0.0	40.90372085571289	0.0	0.0	0.0	20.301685333251953	0.0	30.737506866455078	0.0	36.6341552734375	0.0	218.04286193847656	374.65087890625	187.6965789794922	13.603461265563965	415.4472351074219	1093.5213623046875	30.740642547607422	19.368242263793945	485.9743957519531	740.6970825195312	0.0	0.0	575.4859619140625	147.938720703125	0.0	0.0	844.4808959960938	745.76318359375	0.0	0.0	891.5054931640625	495.423828125	0.0	0.0	1227.2769775390625	420.3053894042969	0.0	0.0	1225.1524658203125	0.0	0.0	0.0	768.7289428710938	0.0	0.0	0.0	0.0	0.0	0.0	41.21406555175781	0.0	0.0	0.0	0.0	0.0	0.0	0.0	63.24845886230469	0.0	0.0	0.0	0.0	11.304300308227539	24.31517219543457	116.92156219482422	0.0	0.0	152.06666564941406	261.4729919433594	0.0	82.83023071289062	225.66925048828125	154.5195770263672	0.0	143.64413452148438	153.58168029785156	81.65319061279297	17.65256118774414	88.30269622802734	64.21319580078125	0.0	71.52516174316406	0.0	0.0	0.0	79.54344177246094	0.0	20.668304443359375	0.0	2.970212459564209	94.074462890625	90.33049011230469	0.0	0.0	0.0	331.53387451171875	0.0	0.0	215.06236267089844	438.7679138183594	0.0	0.0	217.73927307128906	220.27854919433594	0.0	0.0	92.46737670898438	0.0	0.0	0.0	378.49505615234375	539.9158935546875	0.0	0.0	0.0	0.0	0.0	0.0	0.0	0.0	2.5888235569000244	0.0	838.3070678710938	651.2809448242188	0.0	0.0	398.0010070800781	666.694580078125	142.9952392578125	0.0	873.7919311523438	783.20458984375	0.0	0.0	958.4437866210938	611.0054931640625	0.0	136.43902587890625	294.1267395019531	0.0	0.0	32.85786056518555	87.6119155883789	0.0	7.983798027038574	84.44985961914062	58.33361053466797	0.0	66.28831481933594	121.26334381103516	0.0	0.0	53.9266471862793	37.79996871948242	0.0	0.0	7.643277168273926	0.0	0.0	225.05531311035156	139.7176971435547	0.0	0.0	301.7455139160156	107.2336196899414	0.0	0.0	267.0054016113281	0.0	0.0	670.4965209960938	920.39013671875	299.5366516113281	0.0	40.48940658569336	70.43309020996094	0.0	0.0	0.0	84.24536895751953	0.0	0.0	0.0	30.87063980102539	5.230388164520264	0.0	24.74512481689453	0.0	67.0810317993164	21.17757225036621	0.0	807.2213134765625	306.1894226074219	0.0	0.0	808.2315673828125	255.9751434326172	0.0	175.79656982421875	1006.597412109375	6.991401672363281	157.0873260498047	278.9556579589844	971.5824584960938	93.01770782470703	127.392333984375	179.64871215820312	0.0	58.66324996948242	206.5952911376953	184.7208251953125	2.680213451385498	19.598159790039062	213.4686737060547	180.4879608154297	236.00527954101562	93.931396484375	137.70938110351562	116.30802917480469	552.07666015625	311.21185302734375
733.8895263671875	1048.07568359375	770.8477172851562	304.2371520996094	334.84796142578125	398.22540283203125	72.40593719482422	0.0	129.52670288085938	109.08108520507812	36.58697509765625	0.0	0.0	64.63104248046875	0.0	0.0	83.67644500732422	145.89694213867188	95.26669311523438	366.20782470703125	255.17752075195312	0.0	247.7534637451172	401.925537109375	96.65675354003906	0.0	525.4143676757812	370.3396301269531	39.450408935546875	225.65638732910156	557.5072021484375	40.30423355102539	518.5509643554688	433.2477111816406	171.3813018798828	0.0	361.9212341308594	479.4314270019531	186.9545135498047	0.0	311.3824462890625	144.85691833496094	17.235488891601562	11.159614562988281	63.698184967041016	0.0	0.0	14.822077751159668	441.3734436035156	0.0	337.09234619140625	629.1715698242188	265.23736572265625	0.0	716.5266723632812	594.405029296875	0.0	0.0	462.0746765136719	145.03378295898438	20.0766658782959	361.10595703125	204.60079956054688	0.0	0.0	0.0	0.0	364.1058044433594	0.0	0.0	768.0723876953125	481.9601745605469	0.0	0.0	463.4989929199219	0.0	0.0	1096.634765625	672.5281372070312	0.0	24.184629440307617	54.09284591674805	96.87657165527344	0.0	0.0	105.84912109375	118.51456451416016	0.0	163.7980194091797	274.7857666015625	0.0	0.0	55.56032943725586	90.25513458251953	0.0	0.0	72.19722747802734	0.0	0.0	0.0	0.0	0.0	0.0	95.9255599975586	240.66183471679688	276.5846862792969	254.07400512695312	413.7167053222656	37.85542297363281	0.0	210.0592803955078	329.5237731933594	26.606657028198242	105.14922332763672	86.7847900390625	3.985208034515381	10.663104057312012	49.198814392089844	0.0	30.140159606933594	30.793052673339844	100.86229705810547	30.500503540039062	27.075716018676758	75.10326385498047	0.0	0.0	0.0	123.96250915527344	128.94500732421875	346.51287841796875	329.13055419921875	0.0	0.0	0.16903097927570343	148.46115112304688	0.0	0.0	147.46055603027344	0.0	0.0	91.69863891601562	262.44696044921875	0.0	0.0	0.0	18.77890968322754	0.0	840.3651733398438	646.0453491210938	217.5929718017578	0.0	0.0	99.936279296875	191.47198486328125	0.0	0.0	0.0	0.0	0.0	92.6156005859375	0.0	278.33233642578125	724.8714599609375	284.31292724609375	0.0	1093.620361328125	981.8216552734375	0.0	0.8258066773414612	1161.2755126953125	405.75604248046875	0.0	1035.1104736328125	1015.4412231445312	0.0	0.0	0.0	0.0	0.0	0.0	13.320483207702637	0.0	0.0	0.0	0.0	0.0	0.0	114.12002563476562	0.0	0.0	45.70915603637695	598.5162963867188	685.3009643554688	95.23893737792969	23.625282287597656	1314.6602783203125	1308.81103515625	488.97955322265625	351.231201171875	0.0	0.0	0.0	187.01925659179688	0.0	0.0	325.4797058105469	205.2810516357422	35.05781936645508	59.14309310913086	151.58786010742188	90.15626525878906	236.9439697265625	127.09809875488281	65.25709533691406	0.0	228.2834014892578	182.21951293945312	2.6754841804504395	0.0	223.6079559326172	157.45924377441406	0.0	0.0	226.73135375976562	347.2537536621094	0.0	299.6009216308594	239.53610229492188	176.85504150390625	0.0	545.2098388671875	401.3992919921875	226.00596618652344	198.72225952148438	581.8875732421875	0.0	0.0	747.2135620117188	431.29656982421875	448.4838562011719	579.5380859375	481.5023193359375	77.53691864013672	57.58496856689453	270.984375	235.23855590820312	3.247624397277832	0.0	0.0	0.0	0.0	167.0296630859375	195.82623291015625	0.0	0.0
456.9051513671875	303.5350341796875	13.530200004577637	1.7596341371536255	0.0	139.63345336914062	121.0101318359375	348.04974365234375	77.8996810913086	0.0	172.5704345703125	418.5351867675781	254.9237518310547	619.6841430664062	779.15380859375	0.0	200.2262725830078	383.2457275390625	240.17337036132812	161.42555236816406	266.7176818847656	382.5489807128906	396.6609191894531	1.741498589515686	288.4202880859375	245.53286743164062	52.02601623535156	189.61550903320312	323.9422607421875	320.5544128417969	488.1470031738281	348.20684814453125	82.57271575927734	0.0	0.0	105.60128021240234	0.0	38.53086471557617	308.3753662109375	106.67261505126953	0.0	0.0	308.7017517089844	338.19073486328125	129.36268615722656	462.430419921875	252.01707458496094	23.688444137573242	404.3759460449219	20.453718185424805	1016.0701904296875	811.3092651367188	574.0797729492188	411.25140380859375	202.42431640625	54.74494552612305	118.35507202148438	71.98426818847656	823.1442260742188	999.1911010742188	550.6935424804688	462.353759765625	0.0	423.6189880371094	406.1773681640625	0.0	185.04058837890625	0.0	532.9645385742188	0.0	46.57442855834961	0.0	630.8460083007812	0.0	0.0	0.0	575.55712890625	0.0	0.0	0.0	0.0	0.0	0.0	0.0	18.20880699157715	0.0	0.0	0.0	0.0	0.0	0.0	0.0	0.0	0.0	0.0	0.0	0.0	0.0	0.0	104.86427307128906	0.0	0.0	261.547607421875	286.2217712402344	28.385570526123047	0.0	180.011474609375	130.32916259765625	0.0	0.0	178.92437744140625	405.0876770019531	7.8072028160095215	90.66098022460938	113.14694213867188	0.0	47.98393630981445	0.0	58.020050048828125	124.54790496826172	0.0	109.63412475585938	224.73985290527344	95.02820587158203	48.23524475097656	0.0	107.39051055908203	110.12559509277344	0.0	22.800989151000977	133.4033660888672	0.0	115.50667572021484	0.0	0.0	0.0	42.37565994262695	15.16794490814209	0.0	0.0	6.5816450119018555	106.20246887207031	0.0	0.0	88.1276626586914	0.0	277.8767395019531	128.84817504882812	257.51953125	171.54202270507812	0.0	0.0	0.0	205.62220764160156	703.8818969726562	353.63226318359375	395.98822021484375	546.0194702148438	111.99124908447266	546.7745971679688	502.2292785644531	699.9323120117188	1111.3748779296875	631.3380126953125	149.50140380859375	616.018798828125	729.7072143554688	42.37522888183594	398.1152038574219	770.23779296875	349.7061767578125	679.348876953125	313.5667724609375	0.0	598.9634399414062	397.4708557128906	29.624956130981445	0.0	0.0	0.0	14.143945693969727	0.0	0.0	0.0	0.0	0.0	0.0	0.0	22.772478103637695	0.0	0.0	0.0	65.76642608642578	135.11305236816406	351.3927001953125	291.9599609375	0.0	493.87286376953125	161.17977905273438	0.0	0.0	36.47030258178711	121.2850112915039	138.18441772460938	731.3139038085938	1350.330810546875	645.8283081054688	356.4673156738281	231.317138671875	221.80792236328125	112.6447982788086	0.0	107.60210418701172	109.78672790527344	0.0	0.0	0.0	20.27440643310547	220.0854034423828	94.01358032226562	123.65595245361328	304.76678466796875	0.0	0.0	0.0	474.3182678222656	81.50218200683594	314.48492431640625	0.0	842.9554443359375	463.7120056152344	529.1436767578125	0.0	796.9881591796875	25.37248420715332	105.74227905273438	0.0	985.8302612304688	82.77493286132812	243.99468994140625	104.66612243652344	154.00625610351562	38.376407623291016	140.6365966796875	15.5718412399292	215.0177459716797	384.83392333984375	344.2077941894531	95.00550079345703	114.86952209472656	147.74874877929688	286.059326171875	48.77869415283203	333.598388671875	191.02288818359375	0.0
726.905029296875	571.991943359375	418.85308837890625	134.67478942871094	0.0	116.56549072265625	84.92097473144531	131.93568420410156	164.07571411132812	340.149658203125	510.3692932128906	767.964111328125	0.0	85.99883270263672	108.98054504394531	80.66717529296875	29.810503005981445	31.685853958129883	0.0	0.0	132.58364868164062	0.0846182256937027	60.30458450317383	55.271141052246094	51.80642318725586	279.9238586425781	557.108154296875	149.13308715820312	153.67462158203125	262.89599609375	75.85273742675781	220.4242401123047	361.619873046875	385.8730163574219	252.08084106445312	0.0	0.0	59.5969352722168	195.29466247558594	7.242251396179199	318.6820068359375	330.8193664550781	356.8433532714844	336.84820556640625	55.36638259887695	4.354347229003906	286.9963684082031	228.44354248046875	391.0389404296875	7.939657688140869	7.277913570404053	0.0	50.88395690917969	581.3228149414062	855.4961547851562	0.0	0.0	129.90264892578125	312.9230041503906	90.05914306640625	0.0	15.282966613769531	189.43882751464844	0.0	0.0	0.0	0.0	38.739261627197266	114.14240264892578	0.0	8.034830093383789	0.0	0.0	51.5731201171875	0.0	0.0	0.0	160.6232452392578	0.0	0.0	99.91657257080078	0.0	13.015969276428223	0.0	0.0	64.44755554199219	0.0	0.0	185.21653747558594	0.0	0.0	116.300537109375	73.50312805175781	0.0	0.0	106.50790405273438	0.0	72.97010803222656	4.442866325378418	31.52344512939453	0.0	83.26155090332031	0.0	63.350589752197266	47.207374572753906	214.4580078125	228.7536163330078	124.19159698486328	0.0	13.664645195007324	34.925384521484375	0.0	13.790806770324707	19.63197135925293	28.21495819091797	4.299080848693848	34.32582473754883	191.25357055664062	19.325197219848633	0.0	20.325151443481445	59.64487075805664	155.55828857421875	55.265682220458984	0.0	50.47219467163086	0.0	0.0	189.86856079101562	142.65858459472656	73.56694030761719	17.704021453857422	0.0	0.0	54.44647979736328	0.0	48.096553802490234	0.0	64.35259246826172	184.890869140625	14.87960433959961	0.0	0.0	0.0	47.779781341552734	0.0	0.0	0.0	521.6774291992188	479.6242370605469	334.8934020996094	0.0	0.0	0.0	0.0	0.0	0.0	691.7279052734375	932.91259765625	284.3969421386719	294.59991455078125	34.09862518310547	74.47100830078125	0.0	396.71533203125	405.92279052734375	914.8247680664062	71.35159301757812	0.0	438.65374755859375	261.6556701660156	32.30086135864258	80.69574737548828	250.52102661132812	105.75328826904297	168.08921813964844	0.0	0.0	0.0	0.0	0.0	0.0	0.0	0.0	0.0	0.0	0.0	0.0	0.0	0.0	0.0	0.0	715.5570678710938	434.85894775390625	61.977970123291016	0.0	464.0440368652344	264.92626953125	0.0	0.0	0.0	287.95526123046875	996.2830200195312	676.3596801757812	0.0	452.4812927246094	974.64599609375	664.347900390625	152.24148559570312	14.345705032348633	80.23749542236328	69.04950714111328	122.44168853759766	100.56182098388672	45.481414794921875	34.444976806640625	286.218017578125	77.8781509399414	5.175982475280762	0.0	0.0	63.79213333129883	177.2411346435547	120.83238983154297	105.19334411621094	120.58311462402344	66.30256652832031	0.0	477.984619140625	248.77159118652344	135.3083038330078	37.963844299316406	330.4680480957031	0.0	597.3883056640625	162.616455078125	211.6778564453125	211.56536865234375	319.3106689453125	78.73263549804688	321.5770263671875	318.12237548828125	379.5414733886719	52.18034744262695	22.338977813720703	0.0	191.47412109375	126.79558563232422	0.0	0.19320368766784668	397.05731201171875	309.72161865234375	119.9839096069336	0.0	19.284530639648438	0.0
0.0	0.0	0.0	0.0	0.0	0.0	0.0	0.0	0.0	150.67068481445312	69.76277160644531	0.0	39.45049285888672	28.239002227783203	0.0	0.0	0.0	3.59012770652771	218.67283630371094	477.4424743652344	0.0	11.298445701599121	534.0980834960938	418.3354797363281	34.03738784790039	316.3998107910156	524.9995727539062	66.13372039794922	174.71795654296875	459.84857177734375	466.41448974609375	129.00357055664062	0.0	0.0	0.0	0.0	12.446602821350098	0.0	0.0	1.5772879123687744	0.0	0.0	0.0	18.086761474609375	0.0	31.955883026123047	64.27000427246094	37.19257736206055	27.262462615966797	0.0	534.7357177734375	540.8526611328125	13.059136390686035	166.1944580078125	574.9276123046875	31.634689331054688	0.0	311.2577819824219	491.6373291015625	0.0	0.0	230.12237548828125	52.772457122802734	16.345458984375	0.0	0.0	1121.7877197265625	441.8085021972656	0.0	315.2413635253906	1134.73291015625	0.0	0.0	997.5844116210938	849.778564453125	0.0	459.42132568359375	881.996337890625	0.0	0.0	0.0	0.0	0.0	0.0	0.0	10.579122543334961	0.0	0.0	30.480121612548828	78.76280212402344	0.0	0.0	0.0	0.0	0.0	0.0	8.426643371582031	0.0	0.0	127.14901733398438	0.0	0.0	0.0	220.13377380371094	0.0	0.0	144.47311401367188	211.7619171142578	0.0	0.0	265.17022705078125	141.9076690673828	38.651493072509766	61.580299377441406	20.181533813476562	1.6924242973327637	59.595550537109375	67.566162109375	0.0	0.0	70.69486236572266	0.0	0.0	0.0	48.9329948425293	0.0	65.6619644165039	4.514317989349365	0.0	0.0	223.03933715820312	237.3970489501953	0.0	0.0	384.59295654296875	59.2343635559082	0.0	145.67269897460938	315.62701416015625	0.0	0.0	81.96118927001953	0.0	0.0	1.7424360513687134	0.0	40.14144515991211	0.0	0.0	0.0	0.0	0.0	0.0	0.0	0.0	0.0	0.0	0.0	0.0	30.596622467041016	1.0521615743637085	0.0	999.5234985351562	848.494873046875	0.0	294.8612060546875	989.506103515625	190.06300354003906	0.0	1146.2611083984375	996.7257690429688	0.0	390.7062683105469	941.7183227539062	197.0019073486328	0.0	0.0	77.08590698242188	0.0	0.0	29.762208938598633	61.11772537231445	0.0	0.0	80.31237030029297	0.0	0.0	69.72058868408203	102.97467041015625	0.0	0.0	63.623756408691406	0.0	0.0	0.0	299.034912109375	0.0	0.0	0.0	236.74462890625	0.0	169.65447998046875	419.3528747558594	266.4919128417969	150.30690002441406	535.326171875	415.8704833984375	27.102954864501953	2.788274049758911	0.0	18.22726058959961	9.954898834228516	0.0	0.0	0.0	0.0	0.0	0.0	0.0	0.0	0.0	0.0	0.0	0.0	1.629117488861084	0.0	0.0	574.0042724609375	1.3322689533233643	0.0	529.1721801757812	741.8323974609375	0.0	0.0	737.4966430664062	462.8091125488281	20.74521827697754	724.4852294921875	749.800537109375	38.34272766113281	26.21045684814453	125.67860412597656	122.65101623535156	0.0	80.37053680419922	185.21090698242188	53.912071228027344	4.015074729919434	114.11436462402344	210.78787231445312	36.73524475097656	43.53160858154297	151.744873046875	119.41556549072266	36.71256637573242	19.760581970214844
581.8352661132812	602.5790405273438	81.85831451416016	381.9374694824219	218.15560913085938	611.3287963867188	504.9241943359375	0.0	52.012550354003906	0.0	0.0	0.0	155.0352783203125	164.0928955078125	128.99571228027344	0.0	217.83993530273438	308.49188232421875	0.0	137.05111694335938	381.5387268066406	499.7366638183594	446.8191223144531	282.22064208984375	302.1249694824219	0.0	186.92160034179688	230.65171813964844	0.0	161.09193420410156	530.443603515625	244.32833862304688	85.67816925048828	224.79344177246094	394.3733825683594	228.52146911621094	401.0165710449219	569.7542114257812	158.20030212402344	0.0	124.16411590576172	32.70504379272461	0.0	13.270920753479004	323.69647216796875	187.51681518554688	0.0	0.0	402.35638427734375	125.6695556640625	1302.3885498046875	684.8721313476562	341.3259582519531	0.0	1057.874267578125	923.3579711914062	0.0	0.0	886.5648803710938	496.0589294433594	66.78895568847656	1.885280966758728	376.3848876953125	171.80148315429688	351.48468017578125	0.0	0.0	0.0	474.9132995605469	0.0	0.0	0.0	305.19818115234375	0.0	388.74334716796875	0.0	0.0	174.21690368652344	603.3504638671875	0.0	24.61182403564453	0.0	0.0	0.0	0.0	0.0	0.0	0.0	63.2667121887207	131.94284057617188	0.0	0.0	206.37924194335938	184.83163452148438	0.0	0.0	0.0	0.0	14.452797889709473	0.0	0.0	0.0	373.48297119140625	217.7367401123047	0.0	12.144623756408691	120.04298400878906	281.2936706542969	145.44833374023438	279.6744384765625	297.945556640625	359.3148498535156	16.522092819213867	227.9950408935547	193.24249267578125	27.321386337280273	0.0	183.5668182373047	366.1639709472656	66.87920379638672	0.0	126.384521484375	85.24974822998047	54.23860549926758	14.717930793762207	0.0	13.928504943847656	39.6297492980957	25.465003967285156	0.0	26.27262306213379	59.05583953857422	0.0	0.0	0.0	0.0	0.0	0.0	208.8422088623047	35.40629577636719	0.0	0.0	214.54269409179688	0.0	218.2651824951172	205.2285614013672	614.9619750976562	0.0	567.8173828125	224.0767822265625	593.0188598632812	240.2662353515625	625.4453735351562	530.5050659179688	319.6282653808594	0.0	0.0	0.0	0.0	0.0	852.4182739257812	864.0075073242188	396.51275634765625	724.8089599609375	370.6582336425781	0.0	545.8245239257812	836.5969848632812	267.3272399902344	0.0	1012.5167846679688	684.3027954101562	0.0	263.29254150390625	838.0283813476562	209.76258850097656	8.759726524353027	0.0	0.0	0.0	0.0	0.0	0.0	0.0	0.0	0.0	0.0	0.0	35.1931037902832	137.72987365722656	0.0	0.0	285.88494873046875	522.2350463867188	0.0	0.0	1095.2899169921875	1148.6312255859375	142.56005859375	123.89344787597656	248.78634643554688	0.0	0.0	138.2971649169922	0.0	0.0	364.567138671875	252.57766723632812	323.4172058105469	328.2052307128906	138.8120574951172	103.4500732421875	121.56071472167969	105.36937713623047	44.0594596862793	79.96710968017578	26.28278923034668	2.9367542266845703	0.0	0.0	301.942626953125	87.94855499267578	74.42716979980469	0.0	0.0	286.80181884765625	0.0	102.68843078613281	353.69073486328125	1151.0301513671875	0.0	483.757568359375	332.0710754394531	381.3910827636719	78.01836395263672	624.3048706054688	81.66381072998047	0.0	696.6305541992188	704.9010009765625	89.53700256347656	75.49320220947266	487.04522705078125	383.100830078125	134.10321044921875	258.4130554199219	95.37332153320312	7.257162094116211	0.0	0.0	20.39104652404785	58.25147247314453	0.0	75.3740005493164	75.78316497802734	14.35732364654541
0.0	0.0	0.0	0.0	0.0	116.36003112792969	0.0	0.0	487.4872741699219	450.3619689941406	511.739990234375	626.28466796875	96.64354705810547	399.8848876953125	121.18070983886719	0.0	215.87710571289062	218.38380432128906	45.216251373291016	204.86813354492188	0.0	0.0	337.9479675292969	0.0	2.566572904586792	382.6679992675781	512.23779296875	106.3099365234375	500.3753662109375	441.5833435058594	284.7095031738281	122.26090240478516	0.0	0.0	0.0	0.0	157.96621704101562	37.85556411743164	0.0	0.0	116.8489761352539	45.7389030456543	473.3837890625	543.9483032226562	208.0019073486328	270.31353759765625	62.908653259277344	217.19175720214844	0.0	146.18565368652344	1066.65478515625	367.4233703613281	93.2748031616211	0.0	584.68017578125	125.20707702636719	229.24728393554688	59.74193572998047	263.317626953125	51.18464660644531	0.0	0.0	0.0	150.2504425048828	0.0	169.0926971435547	129.31692504882812	0.0	0.0	34.217185974121094	592.490234375	0.0	0.0	346.06427001953125	360.9034118652344	0.0	198.6444854736328	0.0	0.0	0.0	46.822776794433594	0.0	0.0	0.0	154.60227966308594	233.67816162109375	0.0	0.0	207.72592163085938	134.42880249023438	0.0	0.0	0.0	0.0	0.0	69.42819213867188	0.0	0.0	137.5382843017578	162.60997009277344	11.242936134338379	0.0	240.0382080078125	359.2777404785156	0.0	0.0	38.9498176574707	162.47361755371094	0.0	0.0	158.67596435546875	164.380615234375	0.0	176.7648162841797	208.7292022705078	0.0	30.049633026123047	2.5427727699279785	122.6676025390625	0.0	56.65311813354492	0.0	39.98073196411133	14.12006950378418	60.45832443237305	0.0	25.491825103759766	117.09416198730469	0.0	0.0	40.05595779418945	0.0	16.300817489624023	242.8971405029297	438.4965515136719	0.0	174.98497009277344	132.9766387939453	278.7083435058594	0.0	0.0	0.0	0.0	0.0	0.0	842.9680786132812	858.0136108398438	0.0	0.0	0.0	152.1339569091797	0.0	0.0	0.0	0.0	0.0	401.1865539550781	163.71829223632812	702.6257934570312	696.6891479492188	157.07835388183594	185.07923889160156	727.4763793945312	503.4360656738281	0.0	139.2559356689453	730.6736450195312	213.5914306640625	488.88018798828125	720.9566040039062	404.869873046875	0.0	351.77301025390625	789.2560424804688	504.76019287109375	99.94261169433594	0.0	0.0	0.0	0.0	0.0	0.0	0.0	0.0	0.0	0.0	0.0	19.903427124023438	33.745452880859375	0.0	0.0	0.0	0.0	266.43133544921875	371.8108825683594	321.17791748046875	0.0	0.0	0.0	10.263540267944336	100.18306732177734	563.8447265625	1313.7276611328125	1099.253662109375	891.0797119140625	927.32568359375	990.9502563476562	703.6537475585938	0.0	0.0	1.394277572631836	0.0	61.390079498291016	134.74591064453125	38.844913482666016	0.0	172.9706268310547	96.46941375732422	24.78384780883789	0.0	0.0	0.0	63.41414260864258	51.1163444519043	175.56871032714844	107.10752868652344	319.0687255859375	576.72900390625	75.43531799316406	100.98257446289062	276.8674621582031	589.4945068359375	0.0	0.0	647.256103515625	450.0469055175781	413.1641845703125	605.8258666992188	657.3156127929688	0.0	163.63320922851562	15.238480567932129	68.61421203613281	75.83032989501953	164.8897705078125	279.9717102050781	7.813831329345703	117.74791717529297	275.93634033203125	310.4366149902344	376.2261657714844	394.3575134277344	267.989990234375	275.9785461425781	5.882174968719482	0.0
242.90550231933594	12.77612590789795	7.452995300292969	120.03982543945312	172.06517028808594	530.511962890625	381.75140380859375	0.0	107.74038696289062	0.0	0.0	0.0	137.3693389892578	0.0	0.0	0.0	80.47498321533203	210.17535400390625	48.24888610839844	156.4975128173828	522.3327026367188	353.7329406738281	580.9066772460938	539.4862670898438	307.2276611328125	0.0	395.551513671875	404.67523193359375	7.466516494750977	70.1582260131836	320.53314208984375	158.70883178710938	0.0	0.0	0.0	33.158546447753906	284.7868347167969	417.49224853515625	167.11834716796875	0.0	0.0	135.5701904296875	130.3429412841797	0.0	231.66160583496094	140.80224609375	0.0	0.0	694.78466796875	425.3590393066406	759.9188232421875	1109.92578125	577.1946411132812	316.7603454589844	441.02752685546875	758.7393188476562	51.56397247314453	0.0	968.66552734375	181.6675262451172	0.0	0.0	964.906982421875	214.6631317138672	843.4948120117188	85.50550842285156	819.3809204101562	403.8961486816406	834.3701171875	0.0	1044.1666259765625	257.4718017578125	388.7127380371094	0.0	651.594482421875	0.0	0.0	0.0	383.7999572753906	0.0	20.686683654785156	0.0	0.0	0.0	0.0	0.0	0.0	0.0	0.0	0.0	0.0	0.0	196.33792114257812	150.36801147460938	0.0	0.0	0.0	0.0	78.96319580078125	0.0	0.0	0.0	0.0	211.40037536621094	0.0	0.0	112.06014251708984	237.73500061035156	158.09986877441406	82.42389678955078	429.94464111328125	296.9042053222656	64.06684875488281	39.571048736572266	51.32244110107422	30.529521942138672	35.102169036865234	114.98342895507812	7.232941150665283	0.0	0.0	158.906494140625	111.75312805175781	19.536205291748047	0.0	132.14822387695312	169.64602661132812	0.0	96.0634536743164	46.11376190185547	114.90662384033203	411.8360900878906	159.2103729248047	130.61573791503906	257.52630615234375	310.9443054199219	0.0	0.0	82.9341049194336	44.75825881958008	0.0	0.0	193.464599609375	0.0	55.59016418457031	0.0	207.92166137695312	162.72853088378906	25.619298934936523	0.0	0.0	70.4978256225586	962.5670166015625	769.9157104492188	450.62310791015625	0.0	0.0	0.0	173.0237274169922	0.0	954.64306640625	759.2702026367188	436.49822998046875	777.5703735351562	464.1324462890625	0.0	899.9091186523438	858.6375732421875	303.1072082519531	0.0	710.0081787109375	503.8481750488281	0.0	0.0	615.3509521484375	497.2862243652344	3.7248318195343018	0.0	0.0	0.0	0.0	0.0	0.0	0.0	0.0	0.0	0.0	0.0	0.0	61.878936767578125	0.0	0.0	0.0	0.0	0.0	200.96371459960938	927.114013671875	1245.502197265625	186.7447509765625	318.7702941894531	899.9166870117188	972.4035034179688	63.014827728271484	332.9910888671875	0.0	0.0	0.0	270.23785400390625	133.28292846679688	62.42207336425781	145.04286193847656	95.14868927001953	0.0	12.961288452148438	0.0	0.0	169.43438720703125	80.40656280517578	0.0	0.0	265.67376708984375	40.77621841430664	74.74813842773438	92.0193099975586	0.0	342.9061279296875	0.0	645.14306640625	368.04400634765625	927.4498291015625	0.0	697.15966796875	319.17584228515625	348.92205810546875	112.20719909667969	706.169921875	228.32052612304688	198.47235107421875	110.83775329589844	761.421142578125	75.38186645507812	178.4518585205078	257.8012390136719	156.60922241210938	175.30087280273438	528.0270385742188	414.7206115722656	0.0	0.0	192.25550842285156	89.47350311279297	42.15060043334961	0.0	0.0	65.84722137451172	87.92921447753906
223.4385986328125	303.4612121582031	0.0	0.0	0.0	365.8122253417969	665.0206909179688	483.91998291015625	338.23480224609375	601.2097778320312	285.20977783203125	0.0	214.6253662109375	114.86622619628906	834.7180786132812	409.7560119628906	98.47066497802734	374.88946533203125	556.4749755859375	0.0	209.60740661621094	386.13763427734375	0.0	105.96990203857422	477.0899353027344	460.81451416015625	444.75244140625	0.0	351.6996765136719	194.12779235839844	438.5245056152344	516.809814453125	0.0	0.0	124.35716247558594	70.95771026611328	0.0	46.36972427368164	247.56887817382812	308.44891357421875	15.853184700012207	169.80661010742188	0.0	82.99467468261719	16.342838287353516	515.4375	648.7924194335938	15.351003646850586	121.38199615478516	141.41607666015625	0.0	237.57278442382812	597.3009643554688	473.6713562011719	61.5684700012207	214.519287109375	721.1162109375	498.1183166503906	0.0	1226.9718017578125	0.0	277.5731201171875	0.0	436.79656982421875	325.6803894042969	918.4043579101562	0.0	0.0	1017.7702026367188	594.7138671875	0.0	0.0	725.2366333007812	0.0	0.0	184.45114135742188	355.1191101074219	0.0	0.0	28.20295524597168	20.915634155273438	0.0	0.0	0.0	0.0	0.0	0.0	0.0	0.0	0.0	58.989994049072266	0.0	0.0	0.0	116.31932067871094	0.0	0.0	0.0	202.3936767578125	184.04319763183594	0.0	48.88482666015625	221.63941955566406	240.126953125	0.0	0.0	0.0	116.90123748779297	0.0	29.07527732849121	0.0	393.36407470703125	63.320072174072266	0.0	19.79216194152832	84.25882720947266	0.0	43.31869125366211	31.5655517578125	11.148907661437988	64.8615493774414	0.0	111.00243377685547	100.1507339477539	19.009870529174805	68.9845962524414	36.33241271972656	113.35137176513672	0.0	0.0	0.0	0.0	44.71066665649414	433.24871826171875	0.0	271.3626708984375	328.6760559082031	376.7371520996094	0.0	82.1569595336914	0.0	0.0	0.0	0.0	0.0	0.0	0.0	181.53402709960938	0.0	0.0	0.0	0.0	223.76974487304688	84.59833526611328	238.76956176757812	351.8158264160156	414.9676208496094	1090.9029541015625	319.6916809082031	129.81288146972656	479.5093078613281	1206.8392333984375	557.7886962890625	0.0	752.8193359375	864.121826171875	66.63709259033203	301.5953369140625	356.8207702636719	503.3323059082031	437.55072021484375	972.16259765625	392.8772277832031	0.0	133.6418914794922	627.7267456054688	100.27912902832031	0.0	0.0	0.0	63.593379974365234	0.0	0.0	0.0	0.0	0.0	0.0	0.0	0.0	0.0	0.0	0.0	0.0	104.55864715576172	268.76763916015625	163.156494140625	0.0	251.10775756835938	0.0	0.0	559.4609985351562	889.7979125976562	0.0	0.0	739.86474609375	1010.7604370117188	1031.784912109375	322.1112365722656	119.48178100585938	57.924869537353516	0.0	0.0	0.0	55.018192291259766	48.05002975463867	102.85436248779297	21.969640731811523	336.6521301269531	69.57475280761719	135.5764617919922	0.0	315.10955810546875	208.64324951171875	0.0	0.0	550.0230712890625	656.1870727539062	217.68434143066406	0.0	807.2129516601562	229.31454467773438	0.0	90.8063735961914	812.2114868164062	94.0457534790039	0.0	218.42759704589844	742.5682373046875	755.0274047851562	200.2782745361328	108.40389251708984	16.509519577026367	0.0	36.11160659790039	132.18922424316406	147.1147918701172	220.04299926757812	321.8968505859375	117.33348846435547	360.9142150878906	139.16842651367188	179.4976348876953	0.0	243.90696716308594	435.7577209472656	56.26372146606445
604.2119750976562	48.708831787109375	159.93402099609375	85.21025085449219	272.597412109375	747.6554565429688	618.3495483398438	116.50750732421875	115.60334777832031	0.0	0.0	0.0	608.1104125976562	1072.37939453125	893.1182861328125	18.019119262695312	179.5128631591797	141.58364868164062	0.0	126.32393646240234	4.112621784210205	29.543760299682617	332.75848388671875	337.102294921875	75.78767395019531	171.06590270996094	71.72241973876953	56.413700103759766	79.83444213867188	94.12150573730469	388.3018798828125	563.3014526367188	258.43731689453125	52.580570220947266	181.1771240234375	176.79141235351562	407.493408203125	646.9367065429688	251.9514617919922	200.8743438720703	100.26004028320312	13.637604713439941	0.0	203.28900146484375	618.1698608398438	644.0081176757812	279.8581237792969	0.0	49.911170959472656	0.0	1118.2705078125	739.4905395507812	30.64594841003418	132.88197326660156	432.14239501953125	485.4476013183594	0.0	0.0	857.1527709960938	1309.4005126953125	550.281494140625	0.0	74.9526138305664	655.2847900390625	152.8516387939453	0.0	140.69422912597656	0.0	0.0	0.0	0.0	0.0	0.0	0.0	0.0	0.0	0.0	0.0	327.727294921875	0.0	0.0	239.96629333496094	13.542611122131348	0.0	218.21263122558594	321.3665466308594	0.0	0.0	0.9936798214912415	26.225574493408203	0.0	0.0	0.0	455.1190490722656	159.49838256835938	0.0	0.0	0.0	0.0	58.9055290222168	167.63433837890625	103.53948211669922	471.53076171875	331.9260559082031	41.79170227050781	0.0	225.54063415527344	204.3681182861328	0.0	0.0	183.83804321289062	298.7826232910156	0.0	138.9308319091797	238.5258331298828	23.908058166503906	79.46162414550781	0.0	186.8207244873047	131.0582275390625	0.0	0.0	280.0463562011719	113.54517364501953	29.129186630249023	0.0	70.32212829589844	18.9953670501709	0.0	0.0	47.0121955871582	4.982448577880859	4.437788963317871	0.0	0.0	0.0	103.57623291015625	0.0	0.0	107.25738525390625	0.0	207.70773315429688	214.83145141601562	191.74000549316406	296.67730712890625	542.5078125	888.7822265625	203.6144561767578	175.12942504882812	138.12677001953125	0.0	0.0	0.0	284.1989440917969	826.2389526367188	751.9970703125	418.9697570800781	0.0	0.0	18.192577362060547	585.8486938476562	210.9463653564453	1045.7847900390625	1015.96044921875	0.0	72.38629150390625	439.72479248046875	177.07760620117188	160.54052734375	162.64956665039062	63.262393951416016	718.078125	0.0	0.0	558.9751586914062	712.373046875	0.0	0.0	0.0	0.0	0.0	0.0	0.0	0.0	0.0	0.0	0.0	0.0	0.0	11.106614112854004	0.0	0.0	814.0618896484375	508.8822326660156	192.3549041748047	95.94661712646484	19.153793334960938	352.9311218261719	341.6390686035156	398.2797546386719	0.0	0.0	0.0	56.25963592529297	948.5011596679688	864.9163208007812	534.6408081054688	419.6764831542969	199.5692901611328	132.3527374267578	207.55728149414062	0.0	373.5262451171875	423.1764221191406	92.6511001586914	0.0	126.73951721191406	0.0	36.23307418823242	25.842905044555664	104.59630584716797	262.639404296875	45.53452682495117	0.0	524.1177368164062	481.86810302734375	0.0	175.99923706054688	531.4415283203125	247.88934326171875	17.656463623046875	502.47186279296875	266.158935546875	188.14244079589844	212.67617797851562	463.1738586425781	396.0904235839844	139.43222045898438	0.0	580.4120483398438	171.70359802246094	16.681718826293945	62.110286712646484	201.75125122070312	0.0	140.52432250976562	137.47708129882812	399.99212646484375	232.80856323242188	35.83048629760742	36.367706298828125	243.75477600097656	455.49554443359375	479.9102783203125	364.4288024902344	76.43206787109375
0.0	0.0	0.0	0.0	0.0	0.0	0.0	0.0	0.0	0.0	0.0	0.0	0.0	7.003549575805664	18.66481590270996	0.0	0.0	129.09542846679688	372.63592529296875	118.29655456542969	0.0	153.56385803222656	377.28900146484375	63.862770080566406	0.0	216.08636474609375	413.92620849609375	123.74385833740234	137.67202758789062	300.6868591308594	321.9586181640625	104.73126220703125	0.0	0.0	0.0	0.0	0.0	0.0	0.0	0.053771909326314926	0.0	0.0	0.0	16.214065551757812	0.0	0.0	0.0	19.267854690551758	35.38090133666992	0.0	657.6724853515625	206.7081298828125	30.99713134765625	300.5333251953125	528.2247924804688	8.968421936035156	35.854637145996094	510.6932373046875	325.6612243652344	0.0	0.0	630.4019775390625	212.8690185546875	0.0	0.0	314.42755126953125	1068.3380126953125	0.0	0.0	897.628173828125	1087.0992431640625	0.0	0.0	1104.446044921875	377.9599304199219	0.0	0.0	886.0767822265625	0.0	0.0	0.0	0.0	0.0	0.0	0.0	0.0	0.0	0.0	0.0	0.0	0.0	0.0	41.770843505859375	0.0	0.0	0.0	0.0	0.0	39.072757720947266	116.7637939453125	0.0	0.0	39.019859313964844	160.94351196289062	0.0	0.0	140.56198120117188	167.77166748046875	0.0	12.663979530334473	171.62608337402344	92.4271011352539	59.568912506103516	36.77999496459961	36.46806716918945	6.745472431182861	63.30567169189453	20.799152374267578	0.0	0.0	65.38468933105469	0.0	0.0	0.0	46.446563720703125	12.773104667663574	0.0	0.0	0.0	0.0	301.8898620605469	0.0	0.0	0.0	357.5217590332031	0.0	0.0	208.801025390625	353.93499755859375	0.0	23.333236694335938	233.91729736328125	144.88018798828125	0.0	0.0	0.0	92.24825286865234	0.0	0.0	0.0	0.0	0.0	0.0	0.0	0.0	0.0	0.0	6.656547546386719	0.0	0.0	0.0	132.99249267578125	665.9752197265625	330.1551208496094	0.0	517.8336181640625	722.5059204101562	0.0	0.0	660.4508056640625	565.555419921875	0.0	10.125978469848633	551.412353515625	347.681884765625	0.0	0.0	81.03339385986328	0.0	0.0	54.1738166809082	94.96842956542969	0.0	43.83172607421875	90.74223327636719	31.82328224182129	0.0	62.195213317871094	115.87203979492188	0.0	0.0	58.22441101074219	0.0	0.0	157.50718688964844	291.6853942871094	0.0	0.0	232.67611694335938	236.79397583007812	0.0	0.0	284.9111022949219	75.87118530273438	0.0	158.0703582763672	484.4533996582031	0.0	0.0	0.0	45.716026306152344	0.0	0.0	0.0	20.933917999267578	0.0	0.0	0.0	63.00128936767578	0.0	0.0	0.0	56.00478744506836	6.4029436111450195	4.803183555603027	0.0	474.1293640136719	678.7230224609375	3.281278133392334	0.0	760.162841796875	520.7166137695312	0.0	0.0	747.5945434570312	154.0003204345703	48.39070129394531	69.95580291748047	778.3859252929688	0.0	43.52915954589844	146.3686981201172	0.0	0.0	97.92765808105469	177.0956268310547	0.0	4.169095516204834	177.75958251953125	170.1507110595703	5.853443145751953	11.546232223510742	199.78973388671875	85.7462387084961	183.3526611328125	12.88891315460205
0.0	0.0	0.0	0.0	0.0	0.0	0.0	0.0	0.0	0.0	0.0	0.0	25.18739128112793	0.0	0.0	1.5477546453475952	0.0	67.56990051269531	464.07110595703125	416.025390625	0.0	196.96664428710938	550.815673828125	244.178466796875	95.42015075683594	358.98785400390625	493.55792236328125	103.84070587158203	161.87355041503906	455.6081237792969	237.84495544433594	131.1544952392578	0.0	0.0	0.0	0.0	0.0	0.0	0.0	0.0	0.0	0.0	0.0	21.64081382751465	0.0	8.495316505432129	0.0	22.085968017578125	11.388894081115723	0.0	823.9346923828125	615.9733276367188	18.502792358398438	298.3266906738281	458.2562561035156	103.66512298583984	0.0	495.3224792480469	335.8611145019531	0.0	0.0	443.740966796875	86.9427719116211	0.0	0.0	0.0	1009.1285400390625	0.0	0.0	919.4326171875	1230.9306640625	0.0	0.0	1160.7318115234375	267.57879638671875	0.0	505.1573791503906	1119.1932373046875	0.0	0.0	0.0	6.107854843139648	0.0	0.0	0.0	15.108169555664062	0.0	0.0	0.0	0.0	0.0	0.0	27.378917694091797	0.0	0.0	0.0	0.0	0.0	0.0	174.259765625	0.0	0.0	54.280921936035156	269.909423828125	0.0	0.0	263.8099365234375	269.7496337890625	0.0	64.49797821044922	311.44158935546875	181.87722778320312	64.27031707763672	60.16633605957031	32.00288391113281	0.44460529088974	77.9427490234375	15.36071491241455	0.0	1.2804646492004395	71.41255950927734	0.0	19.171470642089844	0.0	27.884729385375977	0.0	32.01168441772461	0.0	0.0	0.0	359.4732360839844	136.133544921875	0.0	13.620784759521484	298.1600341796875	0.0	0.0	341.2267150878906	267.8376159667969	0.0	0.0	276.6158142089844	0.0	0.0	0.0	0.0	71.76465606689453	0.0	0.0	0.0	0.0	0.0	0.0	0.0	0.0	0.0	0.0	0.0	0.0	3.96309757232666	0.0	41.78334426879883	1110.4095458984375	812.178955078125	0.0	842.9857788085938	1123.920654296875	0.0	0.0	1039.9239501953125	851.4089965820312	0.0	384.527587890625	754.6244506835938	104.50086975097656	0.0	5.847280502319336	85.64436340332031	0.0	0.0	82.3701400756836	84.82666015625	0.0	0.0	112.12216186523438	0.0	0.0	70.66101837158203	108.56219482421875	0.0	0.0	63.704288482666016	0.0	0.0	13.690037727355957	320.5213317871094	0.0	0.0	327.6537170410156	328.0473937988281	0.0	0.02142026275396347	347.2330322265625	147.46632385253906	169.30560302734375	583.9288940429688	452.40972900390625	0.0	0.0	0.0	21.893844604492188	0.0	0.0	0.0	0.0	0.0	0.0	0.0	0.0	0.0	0.0	0.0	0.0	11.094404220581055	8.424934387207031	0.0	221.40443420410156	756.5448608398438	0.0	0.0	808.1553344726562	750.5645141601562	0.0	205.01904296875	829.3734130859375	241.1864471435547	27.856733322143555	783.0076293945312	899.7838745117188	0.0	61.55846405029297	169.07620239257812	77.02975463867188	0.0	115.4555892944336	172.16490173339844	0.0	6.56174373626709	170.45669555664062	96.90576171875	0.0	3.59321928024292	190.579833984375	140.97628784179688	120.3285140991211	0.0
522.4193115234375	891.4689331054688	396.5533447265625	556.0091552734375	28.739938735961914	501.2582702636719	166.12220764160156	0.0	154.39552307128906	0.0	0.0	0.0	140.9517364501953	0.0	0.0	0.0	75.61791229248047	140.39772033691406	98.51765441894531	185.16148376464844	430.2562255859375	449.6094665527344	407.3819885253906	358.4920959472656	361.4320068359375	158.45445251464844	403.4898681640625	197.60519409179688	146.34133911132812	92.7998275756836	456.5860595703125	155.0675811767578	54.562599182128906	189.96490478515625	362.6630859375	151.96170043945312	257.8446960449219	405.7848205566406	0.0	0.0	259.4447021484375	306.32818603515625	129.92054748535156	0.0	236.1744842529297	70.42189025878906	0.0	0.0	291.43988037109375	161.97640991210938	1153.2779541015625	523.625732421875	510.00372314453125	54.79277801513672	1289.375244140625	757.7615966796875	258.96826171875	0.0	869.919189453125	267.63427734375	0.0	0.0	634.4171142578125	132.8597412109375	39.2014045715332	0.0	0.0	0.0	649.4451904296875	0.0	0.0	0.0	538.4913940429688	0.0	339.39910888671875	0.0	55.01329040527344	0.0	669.6949462890625	0.0	198.7887420654297	0.0	0.0	0.0	0.0	0.0	0.0	0.0	0.0	0.0	0.0	0.0	170.25587463378906	76.48307037353516	0.0	0.0	0.0	0.0	120.86015319824219	0.0	0.0	0.0	299.8320007324219	256.1363220214844	0.0	0.0	288.3146667480469	258.7672424316406	132.0517120361328	139.8437957763672	356.5109558105469	266.2049560546875	38.47142028808594	147.14785766601562	79.36538696289062	3.318204164505005	0.8785051703453064	41.707763671875	183.22247314453125	50.09970474243164	0.0	53.116573333740234	28.7109432220459	13.748891830444336	0.0	88.64249420166016	47.969520568847656	0.0	159.30166625976562	66.92144012451172	1.2845457792282104	37.0921630859375	94.21686553955078	0.0	0.0	0.0	0.0	0.0	152.44903564453125	0.0	0.0	0.0	298.7887878417969	0.0	0.0	139.9152069091797	665.2880249023438	0.0	0.0	0.0	478.70123291015625	135.3683319091797	561.4901733398438	388.2308044433594	0.0	0.0	0.0	7.277700901031494	105.49579620361328	0.0	788.1056518554688	1050.254638671875	247.7655029296875	823.4999389648438	808.9501342773438	345.9296875	974.739501953125	817.5531616210938	422.43011474609375	0.0	576.8177490234375	414.9008483886719	5.173926830291748	0.0	604.8450927734375	226.68740844726562	17.556425094604492	0.0	0.0	0.0	0.0	0.0	0.0	0.0	0.0	0.0	0.0	0.0	0.0	0.0	0.0	0.0	170.2771759033203	287.758056640625	47.10848617553711	0.0	332.7829895019531	727.1544189453125	0.0	243.36672973632812	877.111083984375	776.0867309570312	0.0	149.4524383544922	0.0	0.0	0.0	258.751220703125	163.65054321289062	230.13304138183594	142.46029663085938	94.07931518554688	0.0	0.0	0.0	0.0	148.52122497558594	76.56928253173828	0.0	0.0	191.1105499267578	0.0	68.59519958496094	56.269874572753906	0.0	0.0	13.411205291748047	122.26084899902344	273.2545471191406	1110.890380859375	0.0	469.5888977050781	243.18968200683594	556.3053588867188	115.1012954711914	683.8221435546875	277.5245056152344	236.7626495361328	301.2171325683594	806.3496704101562	131.54718017578125	59.71128845214844	443.1491394042969	313.5411376953125	69.05289459228516	314.59271240234375	0.0	57.51395797729492	0.0	213.59767150878906	0.0	28.00168800354004	0.0	41.03974151611328	44.97891616821289	0.0
0.0	0.0	255.68777465820312	62.1099739074707	0.0	298.76702880859375	499.26220703125	513.11669921875	61.97340774536133	269.9623718261719	546.8592529296875	0.0	111.14369201660156	160.13209533691406	1025.230712890625	618.2135009765625	143.6544647216797	346.3282470703125	28.22487449645996	0.0	488.20965576171875	480.405029296875	152.3751678466797	65.72953033447266	321.2302551269531	254.18423461914062	314.36444091796875	0.0	313.14129638671875	0.0	391.6744689941406	304.24603271484375	0.0	142.17474365234375	211.61199951171875	0.0	16.981945037841797	205.74398803710938	437.8220520019531	459.4750671386719	175.00860595703125	452.56634521484375	0.0	323.2225036621094	0.0	705.4525756835938	644.9349975585938	153.66915893554688	360.771728515625	215.04286193847656	106.13997650146484	68.93301391601562	611.6849975585938	300.6054382324219	570.5364990234375	343.93780517578125	714.5631103515625	431.6650695800781	616.9281616210938	1243.4462890625	0.0	676.2946166992188	0.0	597.3856811523438	910.2957763671875	668.2562255859375	0.0	0.0	1012.7328491210938	0.0	0.0	0.0	731.7076416015625	0.0	0.0	0.0	0.0	0.0	0.0	0.0	0.0	0.0	0.0	0.0	0.0	0.0	0.0	0.0	0.0	0.0	0.0	0.0	0.0	0.0	0.0	0.0	0.0	218.27517700195312	364.93951416015625	96.87906646728516	51.34003829956055	244.7069091796875	234.8759002685547	151.87957763671875	99.73145294189453	0.0	0.0	23.2576961517334	123.60746765136719	87.48938751220703	0.0	395.2626953125	0.0	0.0	45.12276077270508	0.265349805355072	56.950199127197266	84.11066436767578	50.94080352783203	21.589008331298828	120.83584594726562	82.25984191894531	278.7436828613281	195.751220703125	141.78231811523438	132.87045288085938	0.0	155.0508270263672	0.0	3.455397367477417	0.0	0.0	257.0756530761719	0.0	0.0	0.0	38.7032356262207	0.0	0.0	0.0	0.0	0.0	0.0	0.0	0.0	0.0	33.19398498535156	74.11426544189453	117.83910369873047	0.0	294.0902404785156	0.0	457.6474914550781	0.0	1128.6929931640625	1139.435791015625	534.209228515625	1174.20361328125	317.3928527832031	461.05535888671875	920.62255859375	1127.514404296875	145.02442932128906	164.1820068359375	735.2476806640625	350.79241943359375	0.0	20.45647430419922	128.8859100341797	336.5326232910156	0.0	700.642578125	152.80035400390625	0.0	103.85875701904297	307.3021240234375	0.0	0.0	0.0	0.0	0.0	0.0	0.0	0.0	0.0	0.0	0.0	0.0	0.0	0.0	0.0	0.0	0.0	0.0	0.0	0.0	174.79159545898438	651.94970703125	359.29461669921875	385.8227233886719	158.51560974121094	229.66566467285156	100.08329772949219	215.47836303710938	303.54266357421875	695.07080078125	827.2440795898438	595.527099609375	32.586212158203125	0.0	50.93619918823242	39.92910385131836	88.69792175292969	273.1114501953125	102.37420654296875	92.2167739868164	0.0	0.0	143.8736114501953	112.01841735839844	65.14385223388672	328.37518310546875	172.89895629882812	0.0	0.0	699.2237548828125	442.30303955078125	0.0	364.164794921875	932.4241943359375	31.135181427001953	323.2271423339844	476.318603515625	1010.580078125	247.2668914794922	0.0	182.44789123535156	661.8440551757812	418.0974426269531	30.76828384399414	188.43067932128906	0.0	159.65951538085938	85.40096282958984	145.38446044921875	205.94761657714844	469.8721008300781	517.2617797851562	217.20448303222656	570.363525390625	198.16314697265625	379.3141784667969	36.66487503051758	301.54425048828125	440.5177307128906	15.459628105163574
0.0	0.0	0.0	213.1332244873047	186.42489624023438	594.0078125	461.44427490234375	4.410052299499512	0.27460598945617676	0.0	0.0	158.28611755371094	576.7631225585938	919.1220092773438	607.5361938476562	0.0	218.7384796142578	6.995419025421143	0.0	94.33744049072266	22.664186477661133	191.79750061035156	541.7116088867188	182.58168029785156	140.44558715820312	20.587919235229492	299.473876953125	91.13060760498047	35.30571746826172	124.99703979492188	346.4468688964844	304.2305908203125	106.08849334716797	11.929923057556152	333.1764221191406	76.22863006591797	316.7709655761719	292.0357971191406	122.23726654052734	0.0	16.643203735351562	0.0	300.1832580566406	50.477256774902344	457.9067687988281	520.6549682617188	78.84466552734375	1.426544427871704	0.0	334.2789306640625	1145.9664306640625	374.3161315917969	9.055601119995117	0.0	421.6596984863281	261.0127258300781	0.0	0.0	1235.9249267578125	413.77911376953125	112.35786437988281	0.0	810.4140625	490.2848205566406	0.0	0.0	32.4193229675293	0.0	0.0	0.0	110.05342864990234	0.0	0.0	361.1745300292969	243.60476684570312	0.0	0.0	0.0	0.0	0.0	0.0	108.02371978759766	56.377437591552734	0.0	212.85260009765625	283.00030517578125	0.0	0.0	0.0	0.0	0.0	0.0	243.2563018798828	289.26922607421875	0.0	0.0	0.0	0.0	84.98822784423828	0.0	0.0	99.47357940673828	374.595458984375	306.6949462890625	0.0	0.0	168.69015502929688	54.40961456298828	0.0	0.0	155.99371337890625	291.87530517578125	28.756425857543945	321.9790344238281	228.58282470703125	5.81793737411499	6.157470226287842	0.0	94.64891815185547	9.4635591506958	0.0	203.75674438476562	209.39723205566406	44.19995880126953	5.885026454925537	0.0	122.83485412597656	9.17446231842041	0.0	0.0	0.0	3.252189874649048	0.0	0.0	13.365165710449219	0.0	0.0	0.0	28.455286026000977	0.0	0.0	356.5281677246094	177.2412567138672	0.0	314.8776550292969	1234.829833984375	1101.9749755859375	0.0	0.0	0.0	112.68077087402344	169.7501678466797	0.0	396.46160888671875	935.5551147460938	0.0	0.0	0.0	332.8172302246094	140.89845275878906	238.53811645507812	67.9600601196289	790.930908203125	682.6671142578125	0.0	117.3661880493164	765.9832153320312	271.6701354980469	93.09795379638672	282.3067321777344	140.14280700683594	477.4172668457031	0.0	0.0	633.1405639648438	420.8442687988281	0.0	0.0	0.0	0.0	0.0	19.90752410888672	0.0	0.0	0.0	0.0	0.0	0.0	3.4199488162994385	0.0	0.0	0.0	120.17967224121094	259.1656799316406	55.45621871948242	91.82418060302734	0.0	128.94236755371094	66.01879119873047	125.65064239501953	127.62938690185547	118.5621337890625	301.8196716308594	280.9679260253906	498.2709045410156	624.1173095703125	301.8545837402344	250.2111053466797	51.86167526245117	110.30374145507812	77.31755828857422	60.046714782714844	310.8158874511719	326.8013000488281	43.82535171508789	0.0	15.765281677246094	0.0	7.999426364898682	1.6178680658340454	123.683349609375	191.20687866210938	0.0	0.0	310.54925537109375	115.28374481201172	0.0	166.49708557128906	93.36260986328125	44.386268615722656	313.5143737792969	484.4649353027344	157.89244079589844	17.2952938079834	549.9672241210938	484.576416015625	109.9629135131836	177.73928833007812	0.0	346.8744812011719	62.6993522644043	0.0	283.1449890136719	229.2444305419922	0.0	103.38924407958984	147.02798461914062	20.447237014770508	91.48785400390625	78.81072998046875	269.9764099121094	278.1665954589844	233.03167724609375	352.0112609863281	165.6970977783203	37.45332336425781
279.7495422363281	550.475341796875	89.21312713623047	204.41238403320312	0.18276332318782806	85.96640014648438	54.05317687988281	0.0	18.17723274230957	1.9094555377960205	0.0	0.0	32.307884216308594	0.0	15.936400413513184	0.0	120.77891540527344	419.6453552246094	45.21464157104492	132.40963745117188	250.70191955566406	490.6578369140625	421.9485778808594	132.9813995361328	179.77676391601562	77.27433013916016	296.717041015625	68.35381317138672	0.0	205.3308563232422	391.80340576171875	66.45780944824219	29.47258186340332	101.87356567382812	192.22584533691406	0.0	0.0	275.1546325683594	45.905574798583984	0.0	223.05690002441406	188.9129180908203	0.0	0.0	80.92790222167969	0.0	0.0	0.0	201.19134521484375	269.70416259765625	1128.0537109375	237.52833557128906	0.0	195.37770080566406	1068.5	320.4910888671875	0.0	0.0	770.2128295898438	229.06434631347656	19.775836944580078	54.588050842285156	745.8977661132812	49.23407745361328	117.4271469116211	67.84519958496094	0.0	0.0	368.2874450683594	0.0	133.5304718017578	0.0	0.0	0.0	397.0090026855469	0.0	0.0	675.8402099609375	899.603515625	0.0	21.888111114501953	0.0	0.0	0.0	0.0	0.0	0.0	0.0	176.75491333007812	149.5375518798828	0.0	0.0	109.4014663696289	107.1567611694336	0.0	0.0	0.0	0.0	136.0191650390625	18.140310287475586	0.0	0.0	353.9996643066406	234.64645385742188	0.0	97.70591735839844	362.3052673339844	249.89039611816406	45.670616149902344	53.52871322631836	319.7846374511719	224.4605712890625	98.83623504638672	336.681640625	201.791259765625	0.0	0.0	170.78598022460938	282.9387512207031	0.0	0.0	68.06425476074219	154.45533752441406	0.0	31.601072311401367	0.0	54.874290466308594	0.0	0.0	0.0	0.0	0.0	0.0	0.0	138.76849365234375	0.0	0.0	0.0	171.4308624267578	0.0	0.0	0.0	271.8047180175781	0.0	0.0	234.55270385742188	194.81736755371094	0.0	94.59568786621094	765.2864990234375	129.4581756591797	0.0	0.0	336.25762939453125	240.18038940429688	0.0	0.0	0.0	0.0	0.0	274.0336608886719	646.2313232421875	699.971923828125	725.25439453125	359.06854248046875	0.0	524.5631103515625	422.85260009765625	0.0	0.0	732.1799926757812	365.5911560058594	0.022179793566465378	276.51629638671875	473.7508239746094	77.08760070800781	81.60828399658203	0.0	0.0	0.0	29.985204696655273	0.0	0.0	0.0	0.0	0.0	0.0	0.0	0.0	91.8910140991211	0.0	1.5943036079406738	0.0	272.3695068359375	62.443016052246094	46.539493560791016	135.0137176513672	859.0518188476562	457.2568054199219	243.67868041992188	0.0	0.0	0.0	201.46890258789062	0.0	0.0	384.4835205078125	257.3514404296875	150.60736083984375	314.0207824707031	150.81503295898438	72.24537658691406	0.0	8.219144821166992	10.912269592285156	0.0	1.8276406526565552	0.0	76.4615249633789	0.0	222.19764709472656	122.23131561279297	95.79269409179688	0.0	0.0	403.4667053222656	82.74022674560547	281.4839782714844	139.2522430419922	800.3966674804688	187.7024688720703	666.3236083984375	235.28927612304688	272.2557067871094	381.70770263671875	722.4569091796875	4.380738735198975	69.805419921875	801.6914672851562	665.8126220703125	109.76580047607422	290.6688232421875	315.79669189453125	137.1859588623047	190.44937133789062	315.76483154296875	148.57688903808594	19.88360595703125	120.68402862548828	0.0	116.80498504638672	45.78190994262695	53.28795623779297	209.24365234375	174.53512573242188	47.107322692871094
689.1652221679688	901.8590698242188	605.8988647460938	701.2504272460938	77.9610366821289	870.4027709960938	627.2124633789062	0.0	522.5169677734375	337.2719421386719	103.04936981201172	220.08116149902344	772.35205078125	623.1722412109375	571.6046752929688	125.68101501464844	49.70228958129883	63.387413024902344	36.827457427978516	128.58445739746094	210.93894958496094	92.97949981689453	13.878411293029785	441.1957702636719	185.29685974121094	64.71253204345703	598.3671875	238.9326171875	285.85125732421875	549.8309936523438	93.11842346191406	117.00936126708984	181.09739685058594	297.9802551269531	325.8868408203125	275.00958251953125	478.15728759765625	629.8486328125	193.04510498046875	65.36027526855469	135.77163696289062	372.19854736328125	406.5701599121094	98.95673370361328	411.7703552246094	510.51214599609375	248.192626953125	124.4720458984375	323.9548034667969	4.576683521270752	60.564308166503906	417.1775817871094	363.3200378417969	236.57855224609375	4.8465256690979	106.39778137207031	645.7922973632812	494.8512268066406	529.87451171875	14.691055297851562	23.779550552368164	0.0	1060.0804443359375	317.48785400390625	0.0	0.0	0.0	18.94500732421875	288.6686096191406	0.0	0.0	71.38225555419922	0.0	0.0	0.0	0.0	0.0	0.0	0.0	0.0	226.1834716796875	44.31038284301758	110.73474884033203	0.0	0.0	291.5187072753906	385.99493408203125	0.0	143.85020446777344	0.0	0.0	0.0	3.5926549434661865	0.0	0.0	0.0	0.0	0.0	0.0	0.0	0.0	0.0	55.49052429199219	581.4476318359375	0.0	0.0	156.1994171142578	301.9305114746094	0.0	25.424203872680664	278.4617004394531	212.79637145996094	17.25596809387207	0.0	50.789493560791016	0.0	11.874999046325684	156.34095764160156	0.0	0.0	200.30140686035156	36.24765396118164	6.917579650878906	36.22591781616211	0.0	267.8689270019531	228.79684448242188	58.917972564697266	299.19976806640625	111.39640808105469	0.0	0.0	0.0	0.0	0.0	0.0	118.09781646728516	0.0	0.0	0.0	0.0	0.0	0.0	0.0	33.46941375732422	0.0	402.62335205078125	255.97837829589844	368.3887634277344	0.0	0.0	117.18801879882812	1051.55810546875	499.0054016113281	7.931939125061035	0.0	0.0	18.930185317993164	528.8360595703125	205.65914916992188	913.0841064453125	690.103271484375	0.0	1059.5340576171875	540.3575439453125	0.0	861.7699584960938	993.6436767578125	367.865478515625	1083.667236328125	440.2131652832031	33.92161178588867	505.8837585449219	332.1555480957031	236.10311889648438	271.92266845703125	0.0	0.0	0.0	0.0	0.0	0.0	0.0	0.0	0.0	0.0	0.0	0.0	0.0	0.0	0.0	0.0	360.2568664550781	480.0771484375	552.939208984375	763.6175537109375	321.3992004394531	286.5876770019531	0.0	20.344709396362305	264.7591552734375	354.25433349609375	128.94419860839844	156.35382080078125	823.8970947265625	1184.145263671875	689.9498901367188	345.37939453125	280.5972595214844	205.032470703125	199.29298400878906	304.638671875	0.0	91.73706817626953	98.1590347290039	11.709284782409668	374.46563720703125	334.0206604003906	0.0	55.32838439941406	44.27980041503906	0.0	37.1257438659668	0.0	0.0	0.0	0.0	0.0	677.6990966796875	643.6880493164062	27.850065231323242	253.9685821533203	60.790035247802734	0.0	348.6138610839844	488.1666259765625	231.7363739013672	794.0592651367188	74.43366241455078	262.4521789550781	221.10951232910156	129.65020751953125	129.8395233154297	198.92535400390625	278.51312255859375	356.626708984375	11.262146949768066	0.0	0.1935710906982422	167.02279663085938	295.4620056152344	184.05836486816406	169.93771362304688	298.4876403808594	178.84422302246094	314.5311584472656
364.859375	734.024169921875	378.7495422363281	259.44915771484375	253.24761962890625	181.4638214111328	0.0	0.0	569.3578491210938	429.0854797363281	0.0	0.0	150.3089599609375	0.0	0.0	0.0	84.45936584472656	40.44866180419922	335.69085693359375	116.67249298095703	70.57209777832031	579.1049194335938	443.53887939453125	489.73858642578125	614.586669921875	430.3848876953125	556.571533203125	397.0827941894531	388.7789611816406	416.46826171875	178.7818145751953	356.7188415527344	1.9373234510421753	41.77744674682617	210.91989135742188	146.64710998535156	0.0	91.04315948486328	0.0	0.0	179.6918182373047	32.36750411987305	0.0	0.0	151.0550994873047	199.7849884033203	0.0	0.0	113.29444885253906	241.26878356933594	1004.5150146484375	1214.952392578125	125.77458190917969	31.82741355895996	1124.831787109375	1173.714599609375	444.8126220703125	57.530418395996094	904.0811767578125	696.0476684570312	88.34712219238281	0.0	920.4322509765625	710.4619140625	0.0	11.996060371398926	0.0	0.0	487.2655944824219	280.3538818359375	208.09976196289062	0.0	537.552734375	0.0	289.9100646972656	0.0	346.8915100097656	0.0	400.3523864746094	0.0	121.29602813720703	149.1958465576172	0.0	0.0	46.05193328857422	0.0	0.0	0.0	0.0	0.0	0.0	0.0	0.0	3.1234686374664307	0.0	0.0	0.0	0.0	103.48674011230469	0.0	0.0	0.0	123.2091293334961	304.87188720703125	0.0	0.0	417.00640869140625	227.6470947265625	25.057851791381836	62.544700622558594	426.4836120605469	237.68124389648438	66.54882049560547	30.509397506713867	163.1891632080078	25.292621612548828	0.0	0.0	207.8204345703125	145.33018493652344	14.935866355895996	0.0	61.46109390258789	108.19934844970703	0.0	0.0	157.9375	63.182640075683594	89.57989501953125	84.18450164794922	0.0	109.34050750732422	23.04033851623535	161.49879455566406	58.94453048706055	34.0850830078125	410.3092041015625	72.01039123535156	0.0	44.6866569519043	0.0	0.0	0.0	50.6435661315918	0.0	63.66083908081055	408.18487548828125	0.0	0.0	0.0	66.07074737548828	160.12098693847656	0.0	0.0	0.0	0.0	546.47998046875	0.0	95.88299560546875	210.33676147460938	0.0	912.0519409179688	563.35986328125	800.6865844726562	839.6956787109375	857.9888916015625	865.4606323242188	1066.7965087890625	577.7877197265625	461.1731262207031	430.57806396484375	420.739013671875	367.4867858886719	0.0	108.50121307373047	397.4274597167969	20.740795135498047	0.0	0.0	0.0	0.0	0.0	0.0	0.0	0.0	0.0	0.0	0.0	0.0	0.0	0.0	0.0	0.0	50.70295333862305	15.936795234680176	19.590227127075195	0.0	0.0	19.1531982421875	236.0670166015625	1129.5335693359375	667.5884399414062	0.0	299.6346130371094	1102.9232177734375	475.9595642089844	0.0	257.2249450683594	135.88107299804688	196.1746368408203	206.31996154785156	69.57762908935547	66.4275894165039	0.0	0.0	0.0	39.889610290527344	0.09662644565105438	0.0	9.689900398254395	0.0	0.0	0.0	81.2659683227539	0.0	0.0	0.0	276.9547119140625	0.0	384.8157043457031	211.8494415283203	637.0767211914062	805.284423828125	647.5651245117188	94.42139434814453	685.8084716796875	651.9351196289062	519.292724609375	121.9737777709961	696.0853271484375	170.91722106933594	167.1025848388672	90.49710845947266	263.1556091308594	143.16783142089844	76.19791412353516	67.57088470458984	80.14242553710938	255.7058868408203	207.9629364013672	54.95880126953125	216.34547424316406	130.5274658203125	131.6551971435547	61.4652099609375	207.04153442382812
0.0	239.06842041015625	438.4550476074219	400.8128967285156	0.0	0.0	0.0	0.0	10.8659086227417	0.0	396.76104736328125	111.0096664428711	49.26982116699219	539.4036254882812	604.0203247070312	0.0	163.9464874267578	452.4055480957031	208.3312530517578	210.55474853515625	297.63165283203125	569.1934204101562	536.789794921875	0.0	269.6334533691406	154.49383544921875	271.5789489746094	630.4334106445312	298.69720458984375	325.19671630859375	419.7528991699219	719.175537109375	0.0	0.0	159.3707275390625	301.2147216796875	0.0	0.0	0.0	79.74065399169922	0.0	0.0	0.0	0.0	103.75566864013672	284.45941162109375	288.50653076171875	93.0783920288086	390.8572998046875	677.9669799804688	433.4925537109375	690.1162109375	381.7546691894531	154.1816864013672	0.0	1119.7799072265625	459.46771240234375	554.47021484375	0.0	618.6815185546875	400.85125732421875	613.6837158203125	0.0	64.25228118896484	974.180908203125	520.2664184570312	0.0	0.0	762.9768676757812	0.0	0.0	0.0	489.3119201660156	0.0	0.0	621.6159057617188	331.5083923339844	0.0	82.9307632446289	181.3140869140625	0.0	0.0	0.0	0.0	0.0	0.0	0.0	0.0	0.0	0.0	41.5081787109375	0.0	0.0	0.0	0.0	0.0	0.0	0.0	0.0	209.82005310058594	0.0	0.0	46.586517333984375	342.0664978027344	0.0	0.0	61.50878143310547	214.9337921142578	0.0	0.0	0.0	231.8174591064453	54.950382232666016	74.29984283447266	37.01018142700195	0.0	20.00246238708496	22.249042510986328	171.8604736328125	181.3657989501953	5.740095615386963	82.90119934082031	0.0	48.27893829345703	8.86375904083252	101.21469116210938	0.0	0.0	0.0	401.1929931640625	0.0	0.0	224.46554565429688	338.43133544921875	0.0	73.56547546386719	179.46202087402344	161.44039916992188	15.699687004089355	234.8108367919922	0.0	0.0	0.0	0.0	0.0	71.85519409179688	171.3424835205078	0.0	0.0	0.0	238.8023681640625	454.5485534667969	0.0	0.0	0.0	76.2218017578125	523.1751098632812	895.8290405273438	113.04352569580078	0.0	455.646484375	527.400634765625	602.8101806640625	318.9081726074219	362.3515930175781	703.0798950195312	701.3743896484375	656.655029296875	214.4604034423828	597.8414306640625	393.1488037109375	882.296142578125	258.6103210449219	135.141357421875	543.1453857421875	238.57872009277344	110.20235443115234	0.0	0.0	0.0	10.165504455566406	0.0	0.0	0.0	19.947572708129883	0.0	0.0	0.0	0.0	0.0	0.0	0.0	0.0	600.6892700195312	302.6023254394531	250.13128662109375	0.0	369.744140625	0.0	72.80206298828125	0.0	30.788070678710938	0.0	70.20343017578125	727.38818359375	1416.9830322265625	987.8997192382812	399.54083251953125	0.0	176.96839904785156	75.5309066772461	20.798664093017578	0.0	148.72232055664062	0.0	0.0	0.0	22.247875213623047	0.0	0.0	0.0	104.46990203857422	0.0	0.0	0.0	634.7243041992188	136.78964233398438	261.299072265625	0.0	715.0835571289062	401.7884521484375	183.943359375	7.626461505889893	625.7952880859375	416.8608703613281	340.29730224609375	10.733695030212402	802.0217895507812	353.65478515625	598.9492797851562	191.93856811523438	52.76959991455078	266.9200744628906	301.5250549316406	162.87986755371094	177.45529174804688	0.0	141.45176696777344	107.15367126464844	167.648193359375	353.2462158203125	6.262054443359375	5.123847007751465	477.1630859375	517.1044311523438	74.74085235595703
753.4404907226562	568.3845825195312	0.0	0.0	406.2662048339844	825.5499267578125	428.4065246582031	175.61122131347656	969.147216796875	562.2103881835938	25.898500442504883	64.20185089111328	1041.4163818359375	1223.2208251953125	601.6339111328125	64.92941284179688	88.15277099609375	251.83689880371094	260.4372253417969	135.5178985595703	130.62950134277344	59.824424743652344	481.52069091796875	467.4840393066406	166.97320556640625	198.7078857421875	517.1340942382812	43.400352478027344	111.97496032714844	0.0	218.45111083984375	583.0297241210938	161.33689880371094	62.683223724365234	0.0	36.833946228027344	187.71417236328125	212.9852294921875	196.28781127929688	313.4094543457031	366.5416564941406	136.07847595214844	115.91973114013672	51.329627990722656	668.5826416015625	546.8258056640625	293.92584228515625	0.0	153.341796875	0.0	683.5498657226562	969.0762329101562	96.01659393310547	172.77452087402344	286.9537353515625	303.614501953125	31.430997848510742	0.0	0.0	1024.9290771484375	0.0	100.73892974853516	63.839420318603516	27.560455322265625	7.094756126403809	0.0	342.2541809082031	95.86946868896484	177.51478576660156	0.0	55.64141082763672	0.0	0.0	0.0	0.0	16.747602462768555	173.7926483154297	0.0	0.0	152.03370666503906	173.40943908691406	0.0	0.0	0.0	371.2276611328125	317.54083251953125	0.0	0.0	249.8098602294922	0.0	58.00117111206055	0.0	264.7244873046875	284.5083923339844	299.16229248046875	0.0	0.0	0.0	89.70307159423828	116.27967071533203	0.0	0.0	108.27706146240234	415.38189697265625	0.0	0.0	127.62266540527344	192.5975341796875	0.0	0.0	0.0	369.3046875	24.96042823791504	0.0	100.5411376953125	112.13272094726562	64.188720703125	41.42409896850586	0.0	65.56643676757812	0.0	0.0	194.7216796875	181.53408813476562	80.43861389160156	99.4438247680664	0.0	2.9520740509033203	61.74068832397461	0.0	14.523266792297363	106.91893005371094	185.99151611328125	169.6919403076172	0.0	54.11679458618164	24.517993927001953	0.0	0.0	0.0	0.0	111.44861602783203	93.8830795288086	0.0	124.86231994628906	0.0	462.2904357910156	216.76748657226562	97.2696533203125	0.0	0.0	0.0	174.6343994140625	0.0	343.01226806640625	685.8170166015625	27.962926864624023	79.03662872314453	0.0	0.0	452.745849609375	623.51708984375	758.4449462890625	911.7738037109375	220.65403747558594	620.3362426757812	739.1577758789062	17.133073806762695	350.63262939453125	603.2008666992188	0.0	778.9494018554688	118.48841857910156	0.0	449.98663330078125	764.193603515625	0.0	0.0	0.0	0.0	0.0	0.0	0.0	0.0	0.0	0.0	0.0	0.0	0.0	0.0	0.0	0.0	415.1962585449219	330.24749755859375	53.52640151977539	137.9605255126953	0.0	237.57965087890625	65.1072006225586	352.0997619628906	572.38232421875	478.06512451171875	144.32081604003906	156.10679626464844	426.6219482421875	449.6156005859375	64.66737365722656	286.9783630371094	130.2582244873047	144.33822631835938	122.8346176147461	18.607454299926758	0.0	183.7899932861328	0.0	19.33125877380371	235.62962341308594	61.85784149169922	40.66147994995117	67.97285461425781	0.0	239.6587677001953	106.13243865966797	0.0	0.0	191.86624145507812	129.66903686523438	301.2756652832031	154.9924774169922	265.0534973144531	0.0	403.1197509765625	5.934769153594971	244.3094024658203	457.2984924316406	0.0	499.18841552734375	294.49920654296875	0.0	391.0795593261719	177.9493408203125	124.76493835449219	45.78421401977539	66.73661804199219	16.842201232910156	202.85699462890625	151.27114868164062	288.987548828125	99.62874603271484	99.38862609863281	99.70198822021484	141.86399841308594	337.6136169433594	348.628173828125	215.23306274414062	7.009087085723877
579.3218383789062	522.6837158203125	624.7584838867188	463.0227966308594	718.4636840820312	0.0	0.0	279.40106201171875	604.8058471679688	1100.554443359375	1203.255126953125	711.854736328125	430.73419189453125	844.7938842773438	559.7871704101562	0.0	0.0	363.5527648925781	212.8186798095703	58.40497589111328	337.0896301269531	383.8755798339844	198.4107208251953	15.49670124053955	394.1761169433594	21.916988372802734	248.87057495117188	429.4112854003906	273.2281188964844	235.4427947998047	237.39259338378906	367.4599304199219	38.30882263183594	0.0	461.441650390625	536.6983032226562	38.6386604309082	299.2254638671875	385.65411376953125	0.0	501.62457275390625	460.14300537109375	302.3899841308594	145.671142578125	550.7965087890625	622.424560546875	340.66680908203125	301.56707763671875	373.79486083984375	79.7572021484375	239.7901153564453	979.74072265625	375.3737487792969	0.0	0.0	959.708251953125	734.1148681640625	0.0	83.62565612792969	0.0	407.0782470703125	0.0	0.0	66.9178695678711	0.0	0.0	0.0	0.0	621.0667724609375	0.0	0.0	0.0	648.7606201171875	0.0	0.0	346.344970703125	0.0	0.0	0.0	0.0	236.99160766601562	77.97447967529297	0.0	0.0	0.0	0.0	112.51121520996094	0.0	0.0	54.663116455078125	418.9803161621094	97.55464172363281	0.0	0.0	168.92762756347656	143.9173583984375	4.611298561096191	0.0	0.0	175.4579620361328	0.0	132.07159423828125	50.18724060058594	207.74761962890625	32.90461349487305	220.4794158935547	2.03487491607666	0.0	69.07933044433594	0.0	0.0	102.66841125488281	30.190319061279297	52.21477127075195	127.57614135742188	185.46231079101562	0.0	0.0	19.617046356201172	367.4798889160156	120.55397033691406	66.26116180419922	0.0	0.0	0.0	0.0	0.0	72.07112884521484	346.5454406738281	319.69378662109375	0.0	0.0	91.56460571289062	0.0	0.0	164.01348876953125	66.06938934326172	0.0	399.3037109375	231.36495971679688	0.0	0.0	0.0	0.0	60.17616271972656	6.39327335357666	716.2820434570312	888.9722900390625	54.03837966918945	0.0	0.0	1220.8175048828125	0.0	0.0	0.0	0.0	1113.749267578125	753.9794921875	91.4219970703125	0.0	357.1589050292969	697.617919921875	349.11578369140625	0.0	1158.3609619140625	549.1732177734375	0.0	358.43133544921875	732.1033935546875	0.0	252.15350341796875	848.9190063476562	80.86250305175781	145.31153869628906	148.03692626953125	27.57404899597168	0.0	0.0	0.0	0.0	0.0	0.0	0.0	0.0	0.0	0.0	0.0	0.0	0.0	0.0	0.0	0.0	0.0	230.71473693847656	867.443603515625	589.309326171875	352.86639404296875	100.32577514648438	0.0	0.0	866.1005249023438	574.725341796875	513.9013061523438	410.8888854980469	1561.906005859375	1421.565185546875	1033.14208984375	319.7565002441406	67.30211639404297	241.43838500976562	166.19496154785156	99.05464935302734	261.24285888671875	0.0	0.0	0.0	0.0	54.909759521484375	233.49903869628906	19.34182357788086	231.91905212402344	239.14610290527344	78.2684097290039	0.0	0.0	74.47274780273438	0.0	70.05057525634766	343.58197021484375	534.7262573242188	384.487548828125	49.54505157470703	1163.6971435546875	439.84222412109375	0.0	0.0	562.1353759765625	33.728389739990234	181.19236755371094	277.0702209472656	194.5693817138672	263.6094055175781	249.59901428222656	433.7080383300781	74.41047668457031	59.278568267822266	77.99715423583984	42.951988220214844	515.8746337890625	497.8975524902344	379.2062072753906	231.33091735839844	219.8208465576172	327.6102600097656	265.8689270019531	0.0
106.90425872802734	197.98617553710938	24.148164749145508	0.0	0.0	340.1300354003906	493.6192321777344	110.30750274658203	50.77461242675781	0.0	94.78599548339844	0.0	94.68195343017578	179.27574157714844	0.0	15.653376579284668	45.460670471191406	275.97314453125	244.84262084960938	226.13302612304688	307.6354675292969	553.2423706054688	465.4856262207031	424.3982849121094	285.3736267089844	170.2688751220703	633.2027587890625	298.1625061035156	101.24801635742188	150.73085021972656	337.8749694824219	75.11927795410156	0.0	0.0	0.0	0.0	102.67306518554688	144.1074981689453	0.0	106.72084045410156	0.0	254.1090545654297	3.8410985469818115	45.42120361328125	218.1444091796875	57.98735046386719	35.89411544799805	104.59627532958984	281.5845031738281	709.3280029296875	977.2825317382812	872.2447509765625	356.87957763671875	422.3885498046875	850.84423828125	783.9623413085938	79.2345199584961	368.6279602050781	428.5987548828125	51.00094223022461	0.0	545.0990600585938	816.7713623046875	0.0	228.45001220703125	535.326416015625	659.9799194335938	5.434258937835693	794.0943603515625	414.5078125	533.5147094726562	0.0	387.1995849609375	0.0	427.79296875	0.0	0.0	48.56389236450195	129.76162719726562	0.0	53.55177307128906	0.0	0.0	0.0	0.0	0.0	0.0	0.0	0.0	0.0	0.0	0.0	251.05531311035156	94.27322387695312	0.0	0.0	0.0	0.0	180.13674926757812	0.0	0.0	0.0	0.0	93.11085510253906	0.0	0.0	0.0	284.4642028808594	0.0	300.8077392578125	440.3738708496094	439.60443115234375	76.58558654785156	51.04027557373047	123.042724609375	51.14173126220703	0.0	59.69970703125	24.24941062927246	0.0	63.669254302978516	95.73506927490234	0.0	55.21564865112305	0.0	126.77544403076172	93.21437072753906	0.0	0.0	57.720821380615234	0.0	301.3074645996094	0.0	270.3472900390625	308.84027099609375	240.42208862304688	0.0	0.0	0.0	0.0	0.0	0.0	0.0	0.0	58.07167053222656	0.0	0.0	0.0	0.0	0.0	0.0	358.56951904296875	456.9398193359375	810.29833984375	0.0	0.0	0.0	350.6702575683594	137.22178649902344	0.0	389.7173156738281	842.9075927734375	363.2419738769531	553.9268188476562	622.4703979492188	689.7424926757812	717.6544189453125	513.6151123046875	330.6578369140625	197.32708740234375	875.9381103515625	143.4718780517578	0.0	411.220458984375	855.4157104492188	0.0	92.13236236572266	0.0	0.0	0.0	91.49769592285156	0.0	0.0	0.0	0.0	0.0	0.0	0.0	1.1185017824172974	0.0	0.0	47.83163070678711	0.0	0.0	0.0	48.042137145996094	107.19664001464844	703.5928955078125	447.1329650878906	655.7901000976562	469.18853759765625	824.6007690429688	412.20111083984375	374.1565856933594	0.0	0.0	286.2311706542969	91.04879760742188	113.1644515991211	59.971004486083984	156.4961700439453	116.02871704101562	0.0	0.0	0.0	0.0	0.0	23.18791961669922	0.0	0.0	103.8224868774414	0.0	112.51888275146484	45.076290130615234	0.0	253.20729064941406	41.602230072021484	514.5418701171875	0.0	993.5009765625	28.19489097595215	591.265380859375	110.58639526367188	523.1442260742188	520.3106079101562	563.6979370117188	268.7931823730469	148.15635681152344	669.64453125	281.62677001953125	117.45520782470703	214.84043884277344	101.26415252685547	102.10222625732422	208.2368927001953	628.6122436523438	220.4473419189453	245.48558044433594	72.53242492675781	423.7304382324219	245.4045867919922	0.0	9.334391593933105	0.0	40.22942352294922	0.0
544.3892211914062	487.744140625	146.7876434326172	193.7711181640625	123.548583984375	0.0	178.35789489746094	134.56045532226562	134.45266723632812	93.21749114990234	0.0	182.39454650878906	1.9786145687103271	0.0	131.268310546875	158.1416778564453	294.6723937988281	228.0835418701172	64.28357696533203	3.699042558670044	194.60964965820312	0.0	273.53497314453125	31.016328811645508	73.05912780761719	125.33816528320312	196.2638702392578	161.26150512695312	10.641650199890137	86.23506164550781	286.0091247558594	92.35761260986328	302.48876953125	247.4005889892578	210.233642578125	0.0	47.063594818115234	307.1199951171875	163.43801879882812	30.838464736938477	232.49285888671875	0.0	215.19656372070312	270.3348693847656	45.65113830566406	116.0841064453125	165.70828247070312	62.30535125732422	394.56610107421875	220.36892700195312	679.6566772460938	0.0	111.89531707763672	469.4606018066406	598.3539428710938	0.0	10.747278213500977	168.9931640625	567.09521484375	690.5926513671875	0.0	303.475341796875	197.8384246826172	999.2364501953125	182.36195373535156	0.0	0.0	0.0	143.334228515625	0.0	0.0	0.0	0.0	0.0	0.0	0.0	0.0	279.608154296875	0.0	0.0	0.0	0.0	0.0	0.0	35.24660110473633	66.90995025634766	0.0	0.0	184.7876739501953	0.0	0.0	0.0	103.86817932128906	48.107242584228516	0.0	0.0	0.0	0.0	114.80152130126953	27.78203773498535	79.33917999267578	173.85105895996094	294.2442321777344	104.54000091552734	34.099971771240234	154.60504150390625	279.24322509765625	209.17938232421875	7.894660472869873	50.286014556884766	137.5880584716797	410.0221252441406	15.348729133605957	242.19638061523438	56.61154556274414	0.0	148.94418334960938	172.80648803710938	159.88088989257812	0.0	0.0	74.6275405883789	281.1792297363281	4.090972423553467	0.0	64.73143005371094	229.11770629882812	93.71752166748047	0.0	0.0	0.0	0.0	0.0	0.0	0.0	0.0	0.0	0.0	0.0	0.0	0.0	0.0	0.0	0.0	377.8595275878906	0.0	47.976524353027344	0.0	797.3262939453125	643.700439453125	0.0	0.0	0.0	544.8721923828125	587.4284057617188	0.0	0.0	0.0	251.35169982910156	394.65118408203125	447.9974365234375	395.79656982421875	347.3454895019531	172.88919067382812	174.79722595214844	3.780322551727295	354.53997802734375	155.97943115234375	0.0	243.47427368164062	289.9791564941406	224.483154296875	8.751076698303223	30.432941436767578	153.26522827148438	388.0625305175781	0.0	0.0	0.0	0.0	0.0	0.0	0.0	0.0	0.0	0.0	0.0	0.0	0.0	0.0	0.0	0.0	684.4694213867188	601.6951904296875	6.100100994110107	0.0	253.80776977539062	319.8299865722656	120.20099639892578	43.81764221191406	0.0	0.0	255.19036865234375	138.6724395751953	0.0	0.0	0.0	0.0	256.2095031738281	294.62908935546875	35.94939041137695	70.92662811279297	0.0	107.96367645263672	9.090519905090332	0.0	207.9796142578125	10.106234550476074	83.60094451904297	42.76466751098633	75.7319107055664	0.0	104.7442855834961	36.48256301879883	108.21367645263672	491.7071838378906	0.0	52.84926223754883	235.649658203125	441.4062805175781	262.2001037597656	285.5013427734375	159.22625732421875	0.0	359.1236267089844	185.07691955566406	53.68581008911133	37.037933349609375	345.5680236816406	148.43601989746094	226.62657165527344	311.08673095703125	308.4897155761719	115.84376525878906	0.0	199.76046752929688	241.22364807128906	123.88534545898438	0.0	0.0	191.678466796875	340.4866943359375	70.7548599243164	80.99668884277344	249.74171447753906	300.1888122558594
401.79766845703125	932.9315185546875	784.227294921875	484.5799560546875	168.2853240966797	238.0727081298828	420.7108459472656	0.0	0.0	0.0	0.0	0.0	56.508392333984375	259.35400390625	0.0	0.0	52.841590881347656	96.80138397216797	133.85545349121094	117.00023651123047	145.2630157470703	432.3724365234375	421.4743957519531	406.3744201660156	180.6151885986328	159.5852508544922	403.60498046875	556.764892578125	0.0	158.2137908935547	517.0294189453125	50.1279411315918	64.95600891113281	113.59400177001953	340.861328125	318.6497802734375	34.41502380371094	424.858154296875	428.77130126953125	0.0	0.0	150.53817749023438	76.22566223144531	94.52721405029297	189.09738159179688	3.2608842849731445	0.0	64.52787017822266	207.9276885986328	287.6403503417969	613.608642578125	1095.837890625	81.72911071777344	333.9154357910156	599.5418701171875	1172.1185302734375	0.0	334.9966735839844	404.5155334472656	4.447021484375	0.0	203.11526489257812	262.3736572265625	0.0	0.0	0.0	0.0	75.95272827148438	530.6434936523438	338.12884521484375	0.0	22.92525863647461	358.28424072265625	0.0	199.29119873046875	0.0	0.0	432.9750671386719	0.0	0.0	144.2356719970703	197.73989868164062	0.0	0.0	0.0	0.0	11.554704666137695	0.0	0.0	42.56878662109375	0.0	0.0	207.34605407714844	77.61265563964844	0.0	0.0	0.0	0.0	0.7322139739990234	0.0	0.0	0.0	0.0	310.2720642089844	0.0	33.394287109375	45.30717849731445	371.05877685546875	0.0	77.25129699707031	496.861572265625	476.0545349121094	91.13359832763672	54.0898323059082	121.04712677001953	11.03292179107666	32.090389251708984	18.12272834777832	168.2535400390625	130.13433837890625	50.96366500854492	64.80961608886719	0.0	12.266724586486816	24.512666702270508	0.0	20.082494735717773	0.0	18.663753509521484	199.496826171875	0.0	10.720576286315918	0.0	0.0	0.0	0.0	0.0	0.0	0.0	0.0	0.0	147.15687561035156	67.1485595703125	0.0	0.0	7.142409324645996	618.6285400390625	164.30908203125	0.0	0.0	0.0	235.56784057617188	327.8125	848.4542846679688	215.5690460205078	0.0	0.0	0.0	0.0	0.0	29.622596740722656	1021.853515625	413.9834899902344	688.6470336914062	341.2386169433594	670.1370239257812	725.2620239257812	924.867919921875	169.04791259765625	286.29437255859375	1069.71435546875	168.53358459472656	0.0	909.3424072265625	913.6167602539062	0.0	90.83527374267578	0.0	0.0	0.0	134.42958068847656	0.0	0.0	0.0	0.0	0.0	0.0	0.0	75.15584564208984	0.0	0.0	30.338607788085938	0.0	166.60943603515625	183.6336669921875	53.32691192626953	135.10682678222656	786.4993896484375	774.1233520507812	164.1842803955078	0.0	575.4052734375	418.6083679199219	260.87213134765625	0.0	0.0	109.43852233886719	34.318458557128906	213.8216552734375	256.63958740234375	212.8602294921875	77.0256118774414	0.0	0.0	0.0	0.0	0.0	317.34228515625	134.40805053710938	0.0	192.52374267578125	80.33577728271484	15.587047576904297	4.1927266120910645	0.0	0.0	0.0	151.1533966064453	0.0	968.850341796875	601.3311157226562	429.99261474609375	154.17605590820312	365.4414367675781	366.5525817871094	453.5171203613281	82.29560852050781	0.0	621.3148803710938	245.31918334960938	125.83363342285156	175.37542724609375	226.56466674804688	373.3319091796875	147.45765686035156	227.72682189941406	190.03602600097656	17.562076568603516	116.70050048828125	16.64199447631836	86.87773132324219	82.00403594970703	61.64499282836914	0.0	0.0	0.0
193.1986083984375	284.4682312011719	0.0	0.0	33.34222412109375	417.8030090332031	472.3957214355469	289.3541564941406	279.12091064453125	373.7635803222656	254.39329528808594	0.0	163.89271545410156	93.48128509521484	0.0	0.0	127.29085540771484	163.42922973632812	490.90057373046875	0.0	115.85316467285156	422.0974426269531	22.783849716186523	320.39239501953125	424.9222412109375	373.8531188964844	581.462646484375	346.9079284667969	364.41180419921875	302.5566711425781	251.53970336914062	74.42089080810547	0.0	0.0	0.0	0.0	0.0	78.97937774658203	148.19129943847656	125.03665161132812	63.37240219116211	0.0	16.168075561523438	87.62006378173828	55.85699462890625	135.06033325195312	145.2226104736328	114.728515625	0.0	84.90013885498047	0.0	127.31448364257812	239.0207977294922	226.0206756591797	462.4866638183594	217.86561584472656	469.0902404785156	261.4709167480469	619.5236206054688	724.1414794921875	14.565271377563477	0.0	0.0	89.11668395996094	0.0	677.9263305664062	581.4530639648438	0.0	660.8389892578125	633.6690673828125	0.0	0.0	523.4519653320312	0.0	0.0	0.0	207.94573974609375	0.0	0.0	0.0	67.11874389648438	0.0	0.0	0.0	0.0	0.0	0.0	0.0	0.0	0.0	0.0	0.0	0.0	0.0	0.0	0.0	0.0	0.0	264.8091125488281	186.22691345214844	0.0	0.0	172.71119689941406	20.235172271728516	0.0	0.0	0.0	106.14134216308594	0.0	0.0	294.0913391113281	370.9743347167969	55.77070999145508	0.0	35.17690658569336	51.54422378540039	0.0	45.64517593383789	61.73427963256836	0.0	56.32160568237305	23.32530403137207	132.902587890625	39.56616973876953	0.0	0.0	76.50691986083984	81.34205627441406	47.15909957885742	43.88679504394531	0.0	0.0	0.0	273.15093994140625	97.54739379882812	70.51936340332031	126.59175109863281	254.5486297607422	0.0	0.0	0.0	0.0	0.0	0.0	0.0	0.0	0.0	15.069916725158691	0.0	0.0	0.0	0.0	0.0	0.0	0.0	15.371210098266602	398.6020812988281	631.725830078125	20.484268188476562	94.16478729248047	119.42060852050781	1045.04052734375	1050.9207763671875	20.82472038269043	570.5240478515625	836.917236328125	376.94561767578125	484.9071960449219	201.19729614257812	597.4066772460938	622.4078369140625	498.59942626953125	277.2793273925781	266.9856872558594	193.7653045654297	0.0	88.62200927734375	0.0	0.0	0.0	41.423343658447266	0.0	0.0	0.0	9.778403282165527	0.0	0.0	0.0	0.0	0.0	0.0	0.0	0.0	11.631242752075195	221.1572723388672	213.25143432617188	0.0	53.18068313598633	0.0	0.0	380.62664794921875	871.3394165039062	771.713623046875	462.9692077636719	804.9140625	1196.2857666015625	882.8673095703125	271.0754699707031	55.123802185058594	33.33163833618164	0.0	0.0	13.244558334350586	133.24420166015625	174.27658081054688	14.370482444763184	5.541589736938477	294.6651611328125	52.021507263183594	0.0	0.0	0.0	0.0	0.0	0.0	82.5953598022461	536.7422485351562	382.81427001953125	0.0	505.32623291015625	409.2192687988281	78.8115005493164	86.9737777709961	629.2969970703125	193.03933715820312	314.10614013671875	145.82015991210938	668.2516479492188	362.63262939453125	233.57334899902344	175.37818908691406	143.2231903076172	113.01458740234375	117.94451904296875	158.87425231933594	30.51190948486328	172.3949737548828	138.17898559570312	66.28228759765625	259.6390686035156	93.60059356689453	127.81657409667969	53.70259475708008	244.08306884765625	67.27825927734375	18.17095947265625
289.6560974121094	106.18476867675781	25.051298141479492	0.0	240.08399963378906	491.6360168457031	327.0947265625	0.0	490.5417175292969	393.1944580078125	264.0909118652344	670.0494384765625	0.0	37.66973114013672	76.94975280761719	143.05075073242188	56.01903533935547	26.72366714477539	86.77055358886719	53.58421325683594	0.0	0.0	372.02294921875	363.0875244140625	326.4985656738281	175.2354736328125	418.2273864746094	58.381126403808594	140.25228881835938	329.37445068359375	114.11139678955078	52.12639236450195	145.20155334472656	128.93727111816406	0.0	28.207887649536133	114.95359802246094	215.2008514404297	0.0	0.0	120.01168060302734	144.86001586914062	577.0931396484375	542.5796508789062	107.69140625	264.14996337890625	132.91835021972656	429.00689697265625	0.0	0.0	660.330078125	666.165283203125	20.210840225219727	147.79420471191406	51.90816116333008	13.931365966796875	151.9070281982422	79.70441436767578	337.0305480957031	6.130220890045166	0.0	0.0	343.341552734375	119.04409790039062	0.0	0.0	222.42115783691406	6.297459125518799	0.0	0.0	356.7389831542969	0.0	0.0	48.097694396972656	0.0	0.0	0.0	0.0	0.0	0.0	0.0	103.56350708007812	86.2562026977539	0.0	171.78610229492188	248.71450805664062	0.0	0.0	21.591533660888672	0.0	0.0	0.0	62.87661361694336	89.28472137451172	0.0	0.0	0.0	0.0	122.85352325439453	46.60508346557617	0.0	0.0	106.94474029541016	329.2996520996094	0.0	0.0	116.65872955322266	138.11439514160156	6.369465351104736	34.03251647949219	152.17100524902344	72.50882720947266	0.0	0.0	125.720458984375	64.19136810302734	11.545536994934082	82.87202453613281	0.0	0.0	18.087270736694336	79.30535888671875	21.219436645507812	50.79456329345703	0.0	80.19467163085938	120.85716247558594	81.3517074584961	0.0	0.0	0.0	21.203222274780273	67.10403442382812	127.19236755371094	71.82597351074219	0.0	188.23324584960938	0.0	0.0	0.0	0.0	0.0	0.0	0.0	280.26007080078125	156.0550079345703	435.5480041503906	239.05540466308594	0.0	0.0	0.0	0.0	0.0	437.8893127441406	226.11622619628906	0.0	297.1186828613281	26.187105178833008	1050.983642578125	767.2628784179688	167.63973999023438	165.0581817626953	454.4674987792969	644.2219848632812	0.0	127.38050842285156	859.3070678710938	138.3663787841797	447.9571533203125	529.7538452148438	167.41741943359375	0.0	198.63621520996094	44.216949462890625	118.17501068115234	198.2536163330078	0.0	0.0	0.0	0.0	0.0	0.0	0.0	0.0	0.0	0.0	0.0	38.231990814208984	0.0	0.0	0.0	0.0	479.8061218261719	403.6993408203125	26.130582809448242	73.987548828125	0.0	0.0	0.0	100.11296081542969	538.947265625	412.8797607421875	772.215576171875	578.3517456054688	542.498046875	301.2793884277344	484.0091552734375	640.6249389648438	128.21165466308594	97.68453216552734	85.94196319580078	25.51447868347168	219.06594848632812	193.5408477783203	73.82975006103516	0.0	294.12408447265625	65.97438049316406	0.0	0.0	0.0	0.0	188.4815673828125	157.84193420410156	0.0	155.71060180664062	0.0	252.4650421142578	66.51497650146484	47.395572662353516	0.0	261.29132080078125	285.96893310546875	33.143211364746094	559.8721313476562	337.9974670410156	382.03851318359375	337.19989013671875	92.38577270507812	13.279267311096191	12.580573081970215	42.57221221923828	127.63972473144531	96.14871215820312	15.264304161071777	280.87152099609375	102.14606475830078	36.19133377075195	234.64234924316406	93.2145004272461	347.8529968261719	428.1011657714844	15.924464225769043	0.0	0.0	131.04417419433594
433.6436462402344	414.2225036621094	500.52508544921875	0.0	88.4437255859375	426.8996887207031	402.0814208984375	257.5811767578125	521.0040283203125	589.7760009765625	0.0	377.5992431640625	0.0	871.36181640625	1069.4398193359375	32.79158401489258	129.96546936035156	207.99960327148438	105.55699157714844	104.08657836914062	160.88450622558594	38.291046142578125	364.9936218261719	504.0245666503906	158.3659210205078	393.9454040527344	150.491455078125	22.385377883911133	302.8500061035156	352.56463623046875	324.80865478515625	543.9281005859375	236.7346954345703	247.64077758789062	31.965438842773438	160.38429260253906	53.988525390625	520.366943359375	433.6871337890625	223.2922821044922	130.19552612304688	0.0	288.7225646972656	522.3904418945312	322.06640625	647.945556640625	290.1224365234375	0.0	277.59765625	316.91229248046875	275.3121032714844	1013.64501953125	0.0	819.9370727539062	346.8896179199219	0.0	84.65662384033203	0.0	762.2177124023438	1377.4239501953125	573.867431640625	378.2702941894531	214.8311309814453	984.9402465820312	270.7985534667969	0.0	0.0	126.2773208618164	128.1199951171875	0.0	0.0	0.0	234.15072631835938	279.9316101074219	0.0	0.0	762.658935546875	0.0	0.0	0.0	0.0	0.0	169.208740234375	0.0	79.8440170288086	97.1491928100586	0.0	0.0	313.65576171875	0.0	0.0	0.0	0.0	93.35749053955078	0.0	0.0	0.0	0.0	0.0	0.0	0.0	93.85906982421875	238.06307983398438	466.9493408203125	0.0	0.0	339.2806396484375	230.6990203857422	0.0	0.0	31.58888053894043	351.43682861328125	69.8166275024414	1.712440013885498	138.2765350341797	100.56110382080078	120.86457824707031	154.7252197265625	0.0	25.369699478149414	0.0	35.66813278198242	202.007080078125	65.63837432861328	0.0	38.70663833618164	185.95240783691406	120.43699645996094	0.0	0.0	0.0	0.0	0.0	69.36381530761719	0.0	0.0	125.48515319824219	113.57831573486328	0.0	0.0	0.0	16.62864112854004	15.295083045959473	28.094436645507812	339.6302185058594	37.865421295166016	652.7810668945312	522.9044799804688	397.6034240722656	978.7670288085938	0.0	11.293956756591797	0.0	5.553007125854492	874.969970703125	697.186279296875	134.94178771972656	0.0	96.01138305664062	594.554931640625	301.1502685546875	686.7117309570312	540.2576904296875	1011.9906616210938	64.64888763427734	340.1083984375	818.5054321289062	542.1922607421875	642.8407592773438	990.615966796875	83.26148986816406	591.6385498046875	618.8741455078125	298.2033996582031	548.0036010742188	809.508544921875	83.84441375732422	0.0	0.0	0.0	0.0	0.0	0.0	0.0	0.0	0.0	0.0	0.0	7.50245475769043	0.0	0.0	0.0	344.8822021484375	537.6444091796875	171.71295166015625	179.757568359375	0.0	160.22964477539062	47.815757751464844	41.240238189697266	0.0	0.0	59.23196792602539	261.7636413574219	435.5059509277344	948.4592895507812	348.3240051269531	262.30706787109375	121.59978485107422	224.21163940429688	153.9676513671875	82.7799301147461	0.0	364.834228515625	105.50232696533203	0.0	222.6632843017578	0.0	224.2097625732422	193.71485900878906	0.0	0.0	0.0	0.0	0.0	901.9824829101562	620.90380859375	0.0	94.14701843261719	453.94720458984375	296.7091064453125	383.79779052734375	0.0	347.62750244140625	175.6253204345703	314.25323486328125	196.11058044433594	1017.7374267578125	101.42323303222656	440.21893310546875	133.79171752929688	353.262451171875	182.58897399902344	179.93179321289062	100.55941772460938	52.092002868652344	229.79898071289062	229.5078887939453	151.15676879882812	0.0	0.0	298.9748840332031	178.69918823242188	583.9443359375	384.7962341308594	0.0
0.0	0.0	0.0	0.0	9.978251457214355	293.1924743652344	289.72528076171875	14.93899154663086	44.3414192199707	0.0	89.194580078125	0.0	81.85671997070312	217.4107666015625	0.0	46.52785110473633	60.349952697753906	159.22836303710938	200.5428924560547	157.7396697998047	267.6032409667969	348.5054016113281	538.8978271484375	150.0166473388672	369.94622802734375	90.70205688476562	487.3163146972656	15.199954986572266	139.9843292236328	146.96621704101562	162.80929565429688	114.71641540527344	26.32059097290039	0.0	0.0	0.0	33.61748123168945	106.78772735595703	0.0	22.886356353759766	0.0	139.25340270996094	66.8854751586914	4.15800666809082	240.2615509033203	117.91899108886719	111.98308563232422	40.47246170043945	821.5764770507812	270.6799621582031	1005.06298828125	538.6875	829.462890625	342.71014404296875	533.7817993164062	355.5223083496094	325.6090393066406	336.1839294433594	517.520751953125	97.7134780883789	0.0	422.15423583984375	1017.7627563476562	18.057466506958008	675.4686279296875	0.0	864.8284912109375	0.0	690.1759643554688	0.0	775.438232421875	0.0	380.2354736328125	0.0	381.6835632324219	0.0	0.0	0.0	36.14885711669922	0.0	0.0	0.0	0.0	0.0	0.0	0.0	0.0	0.0	0.0	0.0	0.0	0.0	239.70379638671875	54.10022735595703	0.0	0.0	62.37127685546875	0.0	50.4471549987793	96.7712631225586	3.54079532623291	0.0	0.0	135.103759765625	0.0	6.46845006942749	61.61357498168945	242.5118865966797	0.0	225.68167114257812	395.8963317871094	333.9840393066406	73.89847564697266	51.60060119628906	33.41666793823242	34.26358413696289	77.34368896484375	111.59317016601562	0.0	35.91982650756836	133.6005859375	41.28940963745117	43.367740631103516	56.9981803894043	0.0	142.8008575439453	132.67652893066406	0.0	19.30083465576172	118.267333984375	340.5817565917969	19.713642120361328	124.2630615234375	133.06939697265625	511.7945556640625	0.0	0.0	0.0	23.268342971801758	0.0	0.0	0.0	0.0	0.0	162.09860229492188	0.0	246.5388946533203	0.0	0.0	0.0	0.0	0.0	392.2539978027344	968.2716674804688	0.0	0.0	0.0	565.5535888671875	464.5823059082031	0.0	438.0885925292969	292.9703063964844	671.0958251953125	620.2291259765625	319.0697021484375	133.22265625	650.758056640625	281.5089416503906	317.9677734375	193.2771453857422	547.04345703125	69.14180755615234	0.0	131.9878387451172	466.7323913574219	32.6819953918457	15.212079048156738	0.0	0.0	0.0	0.0	0.0	0.0	0.0	0.0	0.0	0.0	0.0	0.0	0.0	0.0	30.142362594604492	0.0	0.0	0.0	159.2524871826172	24.198184967041016	435.7212219238281	306.6838073730469	348.7206726074219	518.355224609375	811.3909301757812	417.5597839355469	214.50119018554688	0.0	130.8603057861328	463.7790222167969	276.14404296875	92.41218566894531	12.557069778442383	65.6070556640625	19.293243408203125	0.0	0.0	0.0	0.0	0.0	0.0	10.871307373046875	0.0	26.27848243713379	0.0	116.74211120605469	0.0	0.0	436.11370849609375	84.06983184814453	718.0286865234375	0.0	768.7178955078125	406.3210754394531	711.2045288085938	112.1982192993164	539.1849975585938	651.911376953125	530.5477294921875	258.3533020019531	198.71185302734375	624.5603637695312	372.5918884277344	75.78256225585938	233.5269012451172	42.715999603271484	31.702741622924805	120.41376495361328	652.8338623046875	154.8999481201172	97.1290283203125	8.191664695739746	409.3740234375	201.9663848876953	33.97882080078125	11.075186729431152	0.0	157.62457275390625	99.94733428955078
649.2120361328125	870.2407836914062	893.86669921875	375.8899230957031	584.4710083007812	70.51337432861328	584.4070434570312	279.6847839355469	437.87890625	905.0584716796875	652.7760620117188	0.0	286.88763427734375	143.64242553710938	0.0	31.602128982543945	0.0	35.89509582519531	279.342529296875	79.9723129272461	173.40733337402344	237.01220703125	190.5996856689453	417.834716796875	496.2476806640625	114.10260772705078	604.276611328125	583.9410400390625	80.24505615234375	155.25416564941406	333.5540771484375	49.98170471191406	15.60496997833252	95.6498794555664	227.079833984375	336.89056396484375	42.005733489990234	75.32333374023438	363.2308654785156	173.20217895507812	372.2811584472656	501.52886962890625	128.35821533203125	95.02735137939453	128.7606658935547	58.22343444824219	214.1538848876953	198.04916381835938	252.48463439941406	226.80215454101562	55.550018310546875	852.4424438476562	179.8267059326172	0.0	193.442138671875	593.6473388671875	244.76963806152344	81.751708984375	0.0	16.84596061706543	0.0	340.97479248046875	271.6117858886719	0.0	0.0	0.0	0.0	0.0	207.264404296875	0.0	0.0	0.0	126.83477783203125	0.0	0.0	0.0	0.0	294.85552978515625	0.0	0.0	194.56790161132812	249.8168182373047	0.0	0.0	0.0	297.721923828125	375.1810607910156	0.0	0.0	23.06417465209961	0.0	0.0	191.44207763671875	0.0	0.0	0.0	0.0	0.0	0.0	0.0	0.0	0.0	0.0	401.8666076660156	0.0	0.0	0.0	487.41485595703125	39.02965545654297	0.0	423.2378845214844	328.0614929199219	56.438228607177734	32.8477668762207	0.0	66.11328125	0.0	6.795638561248779	6.142331600189209	161.005126953125	65.3700180053711	96.62882232666016	0.0	40.93284606933594	51.36725997924805	38.04725646972656	0.7565420866012573	18.682119369506836	283.43927001953125	332.2152404785156	0.0	44.47386932373047	137.30723571777344	25.596166610717773	22.155847549438477	0.0	0.0	0.0	0.0	0.0	0.0	0.0	0.0	0.0	2.059568405151367	0.0	271.15185546875	601.6311645507812	0.0	0.0	0.0	40.77524948120117	678.34228515625	109.8361587524414	0.0	0.0	573.1016235351562	299.9097595214844	0.0	0.0	32.10793685913086	850.5963134765625	463.1540222167969	578.103515625	990.8317260742188	805.7926025390625	731.9517822265625	821.212890625	363.391845703125	325.4884033203125	863.3230590820312	95.17586517333984	0.0	976.9846801757812	770.047607421875	0.0	0.0	0.0	0.0	0.0	0.0	0.0	0.0	0.0	0.0	0.0	0.0	0.0	0.0	0.0	0.0	40.99842071533203	55.22283935546875	313.512939453125	425.2084045410156	558.2380981445312	123.87431335449219	0.0	12.722481727600098	44.75409698486328	916.800537109375	731.2411499023438	141.45420837402344	233.55398559570312	23.114925384521484	0.0	192.49168395996094	130.0364227294922	141.52828979492188	174.41744995117188	177.4884033203125	112.2540283203125	209.1792449951172	0.0	0.0	0.0	192.48468017578125	209.8472900390625	87.1375503540039	99.32892608642578	0.0	0.0	22.182146072387695	40.850460052490234	0.0	0.0	0.0	0.0	127.39102935791016	247.9576873779297	240.01708984375	77.62179565429688	828.5493774414062	626.755859375	269.4122619628906	470.30780029296875	290.691162109375	131.18637084960938	534.7730712890625	175.39105224609375	222.60020446777344	223.97494506835938	136.67340087890625	288.0868835449219	154.46267700195312	16.015792846679688	82.21878814697266	0.0	307.3407897949219	211.0870361328125	67.60336303710938	0.0	0.0	0.0	0.0	0.0
0.0	0.0	0.0	40.822608947753906	8.564072608947754	0.0	0.0	0.0	162.9953155517578	95.11697387695312	458.3784484863281	105.90796661376953	110.3147964477539	54.39034652709961	62.65049743652344	0.0	216.26614379882812	160.1771240234375	113.39690399169922	275.4071044921875	201.55308532714844	179.5965118408203	58.649139404296875	324.27740478515625	242.3440704345703	122.45947265625	291.4495849609375	461.3952331542969	282.9720458984375	142.7667694091797	223.53268432617188	236.50347900390625	11.79101848602295	0.0	0.0	0.0	0.0	212.63522338867188	0.0	0.0	0.0	356.14453125	190.7720947265625	0.0	171.1151123046875	121.32205963134766	71.31806945800781	13.086230278015137	881.89599609375	629.8552856445312	0.0	573.0075073242188	662.203125	653.0272216796875	122.98979187011719	433.9125671386719	174.98641967773438	782.7329711914062	163.00405883789062	74.0223159790039	0.0	0.0	659.9268798828125	239.32122802734375	568.7928466796875	0.0	178.52992248535156	805.4545288085938	577.5039672851562	0.0	776.2694091796875	1005.6223754882812	361.09222412109375	0.0	714.5426025390625	121.40388488769531	0.0	0.0	522.1902465820312	0.0	0.0	0.0	0.0	0.0	0.0	0.0	0.0	0.0	0.0	0.0	0.0	0.0	141.12442016601562	66.97393035888672	0.0	0.0	207.5234375	7.596997261047363	0.0	46.394012451171875	283.1971435546875	165.210205078125	0.0	28.352367401123047	0.0	34.208194732666016	0.0	154.449951171875	0.0	0.0	168.08001708984375	202.6075439453125	101.80030059814453	62.774864196777344	36.78311538696289	10.571670532226562	50.72597885131836	82.31973266601562	0.0	0.0	90.5419921875	76.55776977539062	0.0	0.0	0.0	118.77384185791016	113.2186279296875	10.270478248596191	56.14051055908203	82.0434341430664	0.0	208.16114807128906	131.8855438232422	27.107742309570312	11.186980247497559	416.65960693359375	1.137511134147644	0.0	0.0	160.64666748046875	0.0	0.0	30.69655418395996	0.0	328.88409423828125	158.2445526123047	0.0	189.95933532714844	0.0	23.725149154663086	0.0	0.0	172.9331512451172	1061.617431640625	94.00706481933594	0.0	0.0	669.2617797851562	628.7700805664062	22.88944435119629	227.81271362304688	401.88629150390625	12.891902923583984	608.03955078125	84.62240600585938	268.5812072753906	395.61651611328125	735.0140991210938	177.29586791992188	0.0	441.68145751953125	387.7184753417969	40.103668212890625	0.0	626.552978515625	381.56170654296875	17.888002395629883	0.0	69.02738189697266	0.0	0.0	0.0	3.239379644393921	0.0	0.0	0.0	0.0	0.0	0.0	0.0	0.0	0.0	0.0	162.70346069335938	0.0	64.84825134277344	0.0	46.59318161010742	0.0	151.52883911132812	157.2598876953125	496.71844482421875	301.9848937988281	351.0954895019531	0.0	0.0	0.0	244.4504852294922	25.26700782775879	97.9765625	85.12782287597656	88.02091217041016	0.0	47.12459945678711	0.0	9.12265396118164	58.48497009277344	134.23770141601562	0.0	49.63751983642578	3.054197072982788	0.0	0.0	0.0	0.0	546.4182739257812	0.0	278.3736267089844	0.0	579.552001953125	0.0	606.4423828125	32.902015686035156	651.0767211914062	125.28277587890625	604.882080078125	168.2246551513672	175.96527099609375	97.88716125488281	531.1044311523438	1.4043627977371216	158.318359375	134.15464782714844	5.306815147399902	69.9336166381836	370.2471618652344	273.13287353515625	23.129409790039062	66.59278869628906	601.8565063476562	612.5809326171875	58.71575927734375	70.81526184082031	0.0	16.257070541381836	86.26280975341797
0.0	271.0700378417969	616.1240234375	371.0590515136719	142.80853271484375	112.59989166259766	241.0238800048828	470.7230224609375	426.0898742675781	953.458984375	854.8922119140625	178.8857879638672	196.42596435546875	898.9999389648438	597.1760864257812	0.0	0.0	57.55785369873047	415.54132080078125	173.57864379882812	0.0	128.30577087402344	524.52392578125	50.52090072631836	287.974365234375	369.1341247558594	51.598079681396484	233.1203155517578	204.69912719726562	0.0	341.52398681640625	484.7222900390625	6.095383644104004	0.0	33.40298080444336	585.71435546875	0.0	187.50802612304688	697.9829711914062	433.130859375	509.7725524902344	400.22015380859375	171.58004760742188	295.4326477050781	676.4591674804688	966.8306884765625	381.1834716796875	114.8418197631836	5.907489776611328	115.56620025634766	307.1964416503906	288.54534912109375	0.0	227.62509155273438	477.05950927734375	0.0	324.10699462890625	0.0	1123.52734375	609.840087890625	454.37738037109375	100.69034576416016	0.0	128.68609619140625	0.0	141.35841369628906	465.7224426269531	0.0	0.0	541.7166748046875	0.0	0.0	0.0	0.0	0.0	0.0	0.0	0.0	0.0	0.0	0.0	88.55867004394531	0.0	0.0	26.1489315032959	0.0	0.0	0.0	0.0	255.5244140625	0.0	0.0	0.0	0.0	0.0	0.0	0.0	0.0	0.0	19.36461067199707	0.0	0.0	99.50991821289062	195.46652221679688	0.0	0.0	195.9000244140625	203.46240234375	0.0	3.6057262420654297	276.4441223144531	442.8431396484375	93.23255920410156	48.29618835449219	0.0	0.0	63.38241958618164	11.482077598571777	0.0	126.81698608398438	0.0	108.90673065185547	203.605224609375	17.485483169555664	88.81781005859375	0.0	29.881561279296875	33.57969284057617	0.0	125.87769317626953	52.575313568115234	0.0	207.33966064453125	0.0	0.0	0.0	41.77064514160156	0.0	0.0	0.0	0.0	0.0	0.0	0.0	0.0	0.0	166.39646911621094	889.364501953125	0.0	344.1247253417969	186.9840087890625	293.2279052734375	0.0	450.1045227050781	1153.1551513671875	275.0171203613281	1237.891845703125	1005.1268920898438	0.0	0.0	0.0	671.037109375	1356.1917724609375	0.0	371.9913635253906	760.8662109375	417.15130615234375	109.7693862915039	608.907470703125	488.5513610839844	721.86572265625	546.2247924804688	124.5689926147461	95.78218078613281	284.5762023925781	0.0	21.83742904663086	21.135574340820312	0.0	0.0	21.194015502929688	0.0	0.0	0.0	0.0	0.0	0.0	0.0	0.0	0.0	0.0	0.0	0.0	0.0	540.9266967773438	872.85986328125	0.0	198.92807006835938	431.2289733886719	0.0	345.5716552734375	192.33299255371094	146.49635314941406	135.45474243164062	1145.52294921875	1330.765869140625	553.6487426757812	225.9674530029297	0.0	117.45597076416016	217.81362915039062	153.9544677734375	65.71696472167969	0.0	0.0	0.0	0.0	74.4319839477539	434.9452209472656	267.5582275390625	248.96127319335938	335.5278625488281	0.0	0.0	0.0	0.0	216.4853973388672	220.562255859375	0.0	0.0	1098.4468994140625	481.3883056640625	658.4743041992188	698.8057250976562	152.739990234375	211.0258331298828	494.530517578125	462.8519287109375	87.13248443603516	290.7478332519531	109.79493713378906	155.140625	0.0	468.6929626464844	214.90675354003906	289.501220703125	308.61083984375	186.84288024902344	624.8106689453125	524.5917358398438	68.106201171875	70.0501480102539	131.14093017578125	273.12939453125	86.69685363769531	47.13626480102539
76.38809967041016	469.05438232421875	168.7934112548828	0.0	0.0	53.60893249511719	456.7991027832031	541.4869995117188	404.38092041015625	313.9742431640625	0.0	0.0	277.0579833984375	287.7849426269531	0.0	49.711585998535156	125.94175720214844	277.8898010253906	357.3330078125	0.0	85.48292541503906	209.34646606445312	131.4765167236328	481.40826416015625	169.31985473632812	353.8940124511719	277.8682556152344	347.6793212890625	434.9118957519531	564.4102783203125	154.04678344726562	140.6667022705078	0.0	0.0	0.0	462.89459228515625	0.0	170.6961669921875	402.0998229980469	196.77645874023438	57.604286193847656	0.0	0.0	253.2388153076172	139.35009765625	181.287841796875	96.05101013183594	50.96383285522461	7.693827152252197	246.89915466308594	0.0	1194.354248046875	0.0	954.0662841796875	533.5087890625	86.41146087646484	0.0	543.8341674804688	358.5957946777344	0.0	50.09437561035156	432.1808776855469	700.9147338867188	0.0	0.0	599.8043823242188	0.0	0.0	251.3551025390625	854.1099243164062	0.0	0.0	0.0	403.52410888671875	0.0	0.0	215.94473266601562	183.17062377929688	0.0	0.0	0.0	0.0	0.0	0.0	0.0	0.0	0.0	0.0	262.72369384765625	0.0	0.0	0.0	9.18067455291748	0.0	0.0	0.0	0.0	0.0	0.0	29.679121017456055	0.0	0.0	0.0	385.2641906738281	0.0	0.0	180.39306640625	286.224853515625	0.0	78.97319030761719	344.0781555175781	414.9923095703125	108.82130432128906	0.0	134.9269256591797	271.25299072265625	50.64395523071289	89.21487426757812	0.0	139.97317504882812	0.0	77.53079986572266	124.51361083984375	37.18396759033203	0.0	137.85366821289062	74.74754333496094	0.0	0.0	0.0	0.0	0.0	0.0	338.5909118652344	0.0	0.0	12.87239933013916	273.4116516113281	0.0	0.0	0.0	128.35903930664062	0.0	0.0	0.0	0.0	298.07464599609375	977.4312133789062	0.0	476.8175048828125	0.0	384.3979797363281	0.0	449.3101501464844	287.5451354980469	0.0	0.0	0.0	0.0	0.0	55.76008224487305	1096.9140625	1035.629150390625	475.2200622558594	61.406280517578125	219.8313446044922	449.3037414550781	484.2946472167969	256.148193359375	735.4263916015625	1023.6296997070312	0.0	498.17181396484375	528.7916870117188	364.9399108886719	0.0	112.58241271972656	0.0	0.0	0.0	71.03746032714844	0.0	0.0	0.0	1.8044863939285278	0.0	0.0	0.0	31.487987518310547	0.0	0.0	66.29393005371094	0.0	369.22906494140625	455.6705322265625	394.2264709472656	0.0	373.5020751953125	682.1825561523438	0.0	0.0	56.102725982666016	332.4604187011719	22.059764862060547	684.0055541992188	1200.01416015625	354.5326843261719	44.50686264038086	72.02730560302734	256.7877502441406	178.3147430419922	42.97772216796875	0.0	362.8831787109375	292.3037414550781	0.0	0.0	268.37054443359375	177.3893280029297	67.8349609375	32.921199798583984	0.0	0.0	46.83344650268555	0.0	371.187744140625	793.3074951171875	0.0	32.99311065673828	660.3016357421875	1168.8106689453125	0.0	32.24810791015625	245.8592529296875	612.2620239257812	228.2178955078125	203.5646209716797	724.7007446289062	573.197265625	21.723344802856445	160.9659423828125	108.65787506103516	0.0	401.57940673828125	217.96063232421875	100.43773651123047	177.49093627929688	34.41837692260742	238.48228454589844	0.0	0.0	0.0	221.69163513183594	279.0009765625	120.61968994140625	0.49278724193573
0.0	358.5102844238281	113.28386688232422	0.0	113.46874237060547	112.60134887695312	320.2100524902344	386.8396911621094	0.0	0.0	0.0	339.9828796386719	89.3522720336914	465.0403747558594	772.0908203125	0.0	0.0	95.26143646240234	445.994384765625	571.1572875976562	86.58670043945312	508.2360534667969	494.37359619140625	48.48202133178711	204.5531005859375	463.3719787597656	0.0	103.85961151123047	259.63323974609375	336.01019287109375	323.3427734375	345.1184997558594	0.2418145090341568	0.0	73.35682678222656	207.05020141601562	0.0	0.0	325.327880859375	21.799209594726562	23.55215072631836	0.0	391.72100830078125	198.09178161621094	220.1773223876953	600.3854370117188	474.5635681152344	10.151445388793945	0.0	167.8473358154297	71.32878875732422	0.0	125.44512176513672	101.93197631835938	200.85952758789062	0.0	536.8038330078125	72.28583526611328	978.2429809570312	869.7634887695312	639.5404663085938	504.9203186035156	362.9910888671875	788.0792846679688	0.0	510.0990905761719	619.7045288085938	0.0	299.2840270996094	702.3196411132812	0.0	0.0	987.3160400390625	350.8794860839844	0.0	0.0	629.9437255859375	0.0	0.0	0.0	66.5844955444336	112.54249572753906	0.0	0.0	39.38071060180664	0.0	0.0	0.0	0.0	0.0	0.0	0.0	0.0	0.0	0.0	0.0	0.0	0.0	22.288782119750977	210.95726013183594	0.0	0.0	295.7061462402344	179.68357849121094	38.71828079223633	0.0	224.4968719482422	73.60807800292969	0.0	0.0	69.78314208984375	301.7646789550781	49.58311462402344	60.54635238647461	0.0	73.02355194091797	62.485530853271484	0.0	12.368831634521484	54.579811096191406	0.0	80.45310974121094	189.70352172851562	25.465045928955078	89.18880462646484	0.0	239.671630859375	48.5467529296875	6.161425590515137	111.65491485595703	0.0	0.0	0.0	0.0	10.490378379821777	0.0	0.0	187.77833557128906	0.0	48.86555862426758	8.468344688415527	19.185266494750977	0.0	0.0	0.0	0.0	0.0	0.0	0.0	0.0	0.0	0.0	0.0	0.0	843.9444580078125	109.37114715576172	647.6537475585938	900.43603515625	212.83419799804688	459.43365478515625	0.0	888.2953491210938	1053.3240966796875	146.2105712890625	472.35205078125	1033.6962890625	254.08953857421875	67.41851806640625	744.2373046875	878.5446166992188	0.0	447.703857421875	358.1114196777344	0.0	103.30208587646484	389.4777526855469	44.56494140625	6.702042579650879	0.0	0.0	92.24561309814453	0.0	0.0	0.0	61.416236877441406	0.0	0.0	0.0	0.0	0.0	0.0	0.0	0.0	0.0	0.0	180.8234405517578	0.0	0.0	115.46823120117188	0.0	0.0	282.31427001953125	119.03872680664062	117.04592895507812	573.0546264648438	1086.080322265625	804.1409912109375	255.49497985839844	22.078990936279297	58.21028518676758	0.0	0.0	75.44657897949219	0.0	31.633220672607422	113.10910034179688	0.0	131.16148376464844	55.00612258911133	107.55119323730469	179.04470825195312	204.10614013671875	0.0	0.0	0.0	0.0	531.6958618164062	566.1713256835938	0.0	499.8525085449219	578.30908203125	28.53225326538086	0.0	845.6920166015625	4.608047008514404	254.54598999023438	4.2535014152526855	1020.1748657226562	130.48240661621094	389.50152587890625	73.49773406982422	156.49989318847656	13.813340187072754	0.0	116.94700622558594	88.95384216308594	362.124267578125	215.51275634765625	166.70530700683594	298.1752624511719	259.77056884765625	386.2836608886719	50.772605895996094	699.9564819335938	370.9104309082031	91.10177612304688
1058.6292724609375	791.4022827148438	162.11187744140625	274.09521484375	219.97607421875	583.7308959960938	533.324462890625	0.0	134.5230255126953	96.44654846191406	137.20582580566406	415.77423095703125	62.27421951293945	961.639892578125	1114.2034912109375	155.57411193847656	153.6117706298828	15.422442436218262	0.0	161.66958618164062	0.0	0.0	401.29449462890625	397.50177001953125	99.74201965332031	101.32352447509766	531.8272094726562	0.0	0.0	115.821533203125	276.6069030761719	202.75839233398438	464.14556884765625	473.9234313964844	306.0142822265625	172.1015625	448.1869812011719	426.6814270019531	140.04965209960938	11.118098258972168	78.06021881103516	123.08645629882812	336.49700927734375	333.13336181640625	242.19378662109375	362.17132568359375	101.53343200683594	231.4627685546875	0.0	0.0	1117.3994140625	1054.1165771484375	2.6877102851867676	40.12168502807617	493.8848876953125	612.71044921875	0.0	0.0	696.04052734375	378.03460693359375	47.91441345214844	26.59648323059082	953.1832885742188	956.431396484375	0.0	0.0	70.93746948242188	58.525577545166016	0.0	0.0	233.2421112060547	0.0	0.0	333.85107421875	30.307830810546875	0.0	0.0	0.0	0.0	0.0	0.0	45.12805938720703	192.7140350341797	0.0	178.82322692871094	381.7969665527344	52.13138961791992	0.0	44.58230972290039	0.0	0.0	0.0	252.1426239013672	404.37261962890625	74.17583465576172	0.0	0.0	0.0	87.685546875	0.0	187.85231018066406	317.39990234375	291.50323486328125	499.7656555175781	281.1492919921875	0.0	227.1441650390625	239.65670776367188	0.0	0.0	39.96783447265625	146.1899871826172	0.0	47.49589157104492	215.27639770507812	3.6431634426116943	92.36152648925781	86.9677963256836	91.8167953491211	38.89262008666992	0.0	59.95608139038086	80.3141098022461	71.94447326660156	56.74953842163086	91.28939056396484	291.4559326171875	71.263671875	0.0	0.0	8.547248840332031	39.33518981933594	0.0	0.0	0.0	0.0	0.0	0.0	0.0	0.0	0.0	245.09788513183594	189.1544952392578	0.0	421.6959228515625	160.596923828125	629.03173828125	0.0	30.619932174682617	0.0	114.53831481933594	331.91546630859375	0.0	556.5204467773438	881.1624145507812	0.0	0.0	0.0	1057.5904541015625	596.990234375	243.90916442871094	0.0	450.177734375	898.3629760742188	0.0	5.502126693725586	1216.8419189453125	575.196044921875	74.06031036376953	222.42384338378906	153.9180450439453	67.58475494384766	0.0	0.0	615.2662353515625	502.94781494140625	0.0	0.0	0.0	0.0	0.0	15.634121894836426	0.0	0.0	0.0	37.32974624633789	0.0	0.0	15.124068260192871	0.0	0.0	0.0	1170.432861328125	1087.68603515625	388.59600830078125	76.38684844970703	0.0	0.0	0.0	185.82720947265625	0.0	105.18273162841797	377.458740234375	248.3548126220703	0.0	0.0	270.1112365722656	289.9142761230469	212.33920288085938	186.2593994140625	197.49270629882812	105.75663757324219	116.71575164794922	255.77816772460938	65.20730590820312	0.0	376.46435546875	245.52767944335938	0.0	49.334983825683594	0.0	0.0	190.8328857421875	47.26824951171875	112.2216567993164	0.0	0.0	187.64541625976562	528.013427734375	112.15111541748047	0.0	279.4039306640625	79.93449401855469	0.0	738.403076171875	601.266357421875	145.15707397460938	172.92706298828125	0.0	102.21916961669922	245.33392333984375	209.0771026611328	205.14227294921875	302.572998046875	0.0	0.0	53.385135650634766	32.98387908935547	128.41297912597656	20.703598022460938	381.0746765136719	399.28082275390625	90.33074188232422	217.1322784423828	35.85555648803711	279.4660339355469
785.75146484375	693.7825927734375	128.77584838867188	150.0414581298828	175.37176513671875	777.4871215820312	604.5140380859375	0.0	268.5387268066406	402.2593994140625	0.0	0.0	0.0	539.1768188476562	920.7780151367188	832.924560546875	51.46394348144531	6.6198811531066895	10.85937786102295	104.28520202636719	0.0	0.0	475.1183166503906	574.0938110351562	108.70421600341797	299.86328125	452.0855712890625	0.0	196.08807373046875	445.8037109375	65.35531616210938	158.9542999267578	540.1427001953125	471.8848876953125	189.4110107421875	162.06838989257812	359.2490234375	314.60443115234375	139.28941345214844	0.0	67.50138092041016	0.0	50.64128494262695	84.83134460449219	123.1854476928711	632.21435546875	642.4747314453125	556.7837524414062	96.38705444335938	0.0	770.8136596679688	1039.8798828125	0.0	78.27079772949219	345.75250244140625	379.7736511230469	165.26763916015625	63.440513610839844	0.0	0.0	203.2365264892578	418.8481140136719	5.1023850440979	0.0	0.0	0.0	33.31317138671875	135.5424346923828	0.0	0.0	259.44537353515625	0.0	225.40435791015625	627.4381713867188	56.243038177490234	0.0	623.62744140625	157.6055450439453	0.0	0.0	0.0	115.56990814208984	238.22096252441406	0.0	218.95364379882812	437.3232421875	89.75804138183594	0.0	93.18722534179688	0.0	0.0	0.0	0.0	0.0	0.0	5.269872665405273	0.0	0.0	0.0	0.0	378.78271484375	340.87322998046875	149.5359344482422	414.9601745605469	174.73863220214844	0.0	212.33326721191406	222.20462036132812	0.0	0.0	67.0835189819336	16.753849029541016	0.0	3.397998332977295	111.4307861328125	64.24575805664062	74.6181640625	117.38052368164062	52.69646072387695	80.1084976196289	70.82025146484375	0.0	0.23551887273788452	22.542678833007812	0.0	79.16568756103516	97.35450744628906	40.460750579833984	0.0	0.0	36.24858856201172	61.53683853149414	0.0	0.0	0.0	0.0	7.556065559387207	0.0	0.0	0.0	0.0	0.0	0.0	16.12356185913086	768.2609252929688	144.40414428710938	513.465087890625	240.13458251953125	179.87828063964844	137.050537109375	0.0	124.07100677490234	0.0	0.0	0.0	24.545743942260742	441.2737121582031	565.2471313476562	0.0	0.0	160.05076599121094	0.0	580.3651123046875	1042.942626953125	0.0	292.0106506347656	1159.5291748046875	656.2145385742188	332.48114013671875	1126.3426513671875	522.0217895507812	0.0	365.45428466796875	233.67523193359375	0.0	0.0	0.0	0.0	0.0	0.0	0.0	0.0	0.0	0.0	122.57032775878906	0.0	0.0	0.0	89.2957534790039	0.0	0.0	0.0	1430.462890625	1211.208740234375	441.3761901855469	76.49188232421875	0.0	0.0	0.0	273.0582580566406	0.0	0.0	47.43068313598633	170.79342651367188	394.18060302734375	1592.8992919921875	1407.195068359375	1008.1971435546875	268.3089599609375	227.96034240722656	231.80397033691406	83.83323669433594	218.6424102783203	368.9879150390625	139.5875244140625	0.0	433.6537170410156	297.4714660644531	0.0	0.0	0.0	195.03395080566406	175.435546875	136.38021850585938	122.32587432861328	0.0	0.0	166.56199645996094	395.6482238769531	48.017147064208984	0.0	368.19708251953125	0.0	454.0457763671875	494.9942626953125	396.333251953125	0.0	1089.126953125	585.4614868164062	0.0	257.2742919921875	217.1875	50.86273956298828	140.92567443847656	0.0	0.0	0.0	14.22021198272705	184.2726593017578	78.17134857177734	127.92989349365234	177.98077392578125	94.0692367553711	413.8616027832031	370.0715026855469	368.8646240234375
416.4108581542969	389.0606689453125	122.0972671508789	0.0	306.7928466796875	18.641002655029297	0.0	0.0	0.0	0.0	167.13262939453125	280.4484558105469	288.1453857421875	761.9973754882812	278.1769104003906	0.0	0.0	312.433837890625	534.2064819335938	259.48291015625	295.23291015625	422.7796325683594	243.3011016845703	127.16617584228516	296.6193542480469	169.04507446289062	175.62673950195312	621.2838134765625	284.471923828125	455.5331115722656	540.9765014648438	515.8836059570312	4.1621904373168945	0.0	0.0	191.7802276611328	0.0	0.0	0.0	0.0	59.916988372802734	0.0	92.64046478271484	28.734439849853516	536.0582275390625	551.0523071289062	97.92185974121094	197.2327423095703	152.7813720703125	167.88705444335938	426.1497497558594	1127.5050048828125	179.20114135742188	244.4388885498047	263.6230773925781	886.5994262695312	463.1580810546875	291.0832214355469	662.318359375	135.4511260986328	646.8411254882812	0.0	0.0	0.0	0.0	123.76605987548828	171.6648712158203	0.0	320.7428283691406	100.1666030883789	0.0	277.8804016113281	748.9413452148438	0.0	0.0	138.8818817138672	180.55523681640625	0.0	0.0	0.0	108.30569458007812	14.743427276611328	0.0	0.0	0.0	0.0	0.0	0.0	0.0	0.0	0.0	0.0	0.0	0.0	0.0	0.0	0.0	0.0	0.0	62.639495849609375	0.0	0.0	0.0	222.8478240966797	0.0	140.96337890625	31.261137008666992	217.94107055664062	0.0	0.0	96.130859375	336.5954895019531	67.81745910644531	16.783700942993164	135.713623046875	222.20594787597656	0.0	0.0	50.30058288574219	192.94644165039062	0.0	58.60886764526367	56.5103645324707	25.173011779785156	61.024009704589844	38.5885124206543	0.0	56.5307731628418	119.4593505859375	204.72674560546875	68.94461822509766	0.0	37.453670501708984	0.0	0.0	0.0	0.0	0.0	252.85025024414062	0.0	63.02617645263672	0.0	0.0	0.0	0.0	0.0	12.586631774902344	300.56390380859375	0.0	0.0	0.0	432.4909973144531	0.0	0.0	166.0941925048828	0.0	722.6149291992188	0.0	150.1045379638672	0.0	160.61550903320312	654.143798828125	779.2660522460938	476.14483642578125	915.1390380859375	703.1997680664062	531.7684936523438	673.4190063476562	918.3847045898438	0.0	599.1337280273438	816.396484375	0.0	214.60658264160156	595.6097412109375	325.70941162109375	0.0	0.0	0.0	0.0	0.0	0.0	0.0	0.0	0.0	0.0	0.0	0.0	0.0	0.0	0.0	0.0	0.0	0.0	445.57586669921875	405.3919372558594	0.0	271.80035400390625	310.6429138183594	48.35693359375	0.0	0.0	482.8731994628906	265.9583740234375	1334.6728515625	1169.7374267578125	633.293701171875	227.42141723632812	138.93482971191406	164.38966369628906	83.32331085205078	12.210145950317383	122.35392761230469	0.0	0.0	51.202980041503906	0.0	0.0	166.49365234375	0.0	119.96302795410156	46.71697235107422	10.255980491638184	0.0	0.0	0.0	314.37969970703125	251.0475311279297	179.5460662841797	526.212158203125	489.4319763183594	142.7392578125	982.7035522460938	669.9871215820312	700.8682861328125	22.54742431640625	1152.1890869140625	562.7373657226562	545.3660888671875	430.5411682128906	205.0943145751953	210.22244262695312	29.678966522216797	174.5612335205078	127.75821685791016	57.608482360839844	179.07981872558594	0.32377052307128906	240.4817352294922	87.1046142578125	253.17074584960938	3.9908838272094727	559.7528076171875	495.25189208984375	135.52053833007812	15.384162902832031
44.35340118408203	161.05325317382812	0.0	0.0	0.0	372.79180908203125	594.7994384765625	496.5562744140625	128.5248260498047	262.328125	295.8437194824219	291.18658447265625	60.41228485107422	223.1556854248047	249.16217041015625	0.0	94.19740295410156	361.5443115234375	457.236328125	0.0	235.65464782714844	380.8365783691406	0.0	120.3950424194336	527.6625366210938	339.7062072753906	438.57489013671875	212.1965789794922	324.3162841796875	267.9589538574219	272.8375549316406	119.13236236572266	0.0	0.0	0.0	72.75887298583984	0.0	145.43202209472656	231.43118286132812	196.65602111816406	0.0	56.147029876708984	141.7032470703125	204.7164764404297	111.9021987915039	266.7581787109375	259.921630859375	47.71254348754883	7.1895318031311035	137.82725524902344	5.042057037353516	93.9388656616211	449.2486877441406	591.5578002929688	92.88636016845703	59.0645751953125	522.87841796875	538.4666137695312	433.1196594238281	827.3012084960938	0.0	0.0	0.0	307.7844543457031	230.6534423828125	904.7434692382812	187.68902587890625	0.0	963.0311279296875	808.5326538085938	0.0	0.0	776.527099609375	0.0	0.0	0.0	334.7677001953125	0.0	0.0	0.0	0.0	0.0	0.0	0.0	0.0	0.0	0.0	0.0	0.0	0.0	0.0	0.0	0.0	0.0	0.0	0.0	0.0	0.0	317.673583984375	279.45306396484375	0.0	0.0	304.8600769042969	240.57151794433594	0.0	0.0	0.0	0.0	0.0	0.0	99.70541381835938	361.6787414550781	56.68887710571289	0.0	30.01084327697754	57.93903732299805	0.0	84.74947357177734	39.4492073059082	10.659995079040527	62.04533767700195	108.6795654296875	105.1296157836914	121.95559692382812	0.0	27.0963191986084	47.70427703857422	114.53936004638672	0.0	50.319217681884766	0.0	0.0	26.006027221679688	395.72314453125	0.0	145.14581298828125	126.15499877929688	202.4139404296875	0.0	0.0	0.0	0.0	0.0	0.0	0.0	0.0	0.0	101.25941467285156	0.0	0.0	0.0	0.0	0.0	30.962873458862305	96.11212921142578	223.85879516601562	475.7666931152344	804.9762573242188	257.7768249511719	275.51983642578125	393.4192810058594	1195.3868408203125	886.525146484375	0.0	620.0331420898438	877.8024291992188	0.0	238.98902893066406	472.055908203125	323.49029541015625	640.5146484375	708.982666015625	236.74514770507812	0.0	317.79998779296875	288.49078369140625	100.491455078125	0.0	0.0	0.0	69.44884490966797	0.0	0.0	0.0	0.0	0.0	0.0	0.0	0.0	0.0	0.0	0.0	0.0	203.581787109375	355.46978759765625	210.46890258789062	0.0	189.8975830078125	0.0	0.0	494.1949462890625	889.6676635742188	764.8453369140625	780.2755126953125	791.0792846679688	1305.9627685546875	1110.812255859375	827.2001953125	39.08610916137695	0.0	0.0	0.0	0.0	61.82387924194336	149.7174530029297	83.16692352294922	96.32170867919922	361.7447814941406	192.0079803466797	121.47527313232422	0.0	0.0	0.0	0.0	0.0	520.3104248046875	624.1964721679688	303.4482727050781	0.0	833.6500854492188	498.8971862792969	0.0	145.29287719726562	790.6783447265625	55.498863220214844	95.54507446289062	224.51043701171875	781.5589599609375	397.1614685058594	201.35641479492188	127.45606231689453	81.61697387695312	0.0	84.85063171386719	165.50933837890625	155.25247192382812	211.12643432617188	177.06858825683594	124.1127700805664	226.21177673339844	67.22064208984375	166.30715942382812	0.0	263.12054443359375	167.90805053710938	25.653968811035156
0.0	0.0	0.0	0.0	793.6666259765625	764.5232543945312	155.96116638183594	0.0	651.8982543945312	449.6790466308594	547.2865600585938	304.78253173828125	232.14633178710938	879.8685302734375	472.0482482910156	0.0	132.1009063720703	417.52728271484375	0.0	78.62496185302734	0.0	0.0	121.29338073730469	136.62562561035156	247.32223510742188	0.0	185.79029846191406	448.1954040527344	309.6909484863281	82.81787109375	418.7757873535156	137.14064025878906	0.0	130.57135009765625	0.0	179.69642639160156	276.54998779296875	276.30419921875	0.0	0.0	291.9725341796875	448.8119201660156	304.5341796875	306.7230529785156	655.408935546875	694.7078247070312	203.4200897216797	228.17359924316406	0.0	0.0	1140.7503662109375	1042.580810546875	227.78236389160156	0.0	196.3981475830078	813.4475708007812	253.54388427734375	104.33893585205078	305.754150390625	364.2810974121094	214.15597534179688	0.0	0.0	165.07025146484375	286.352783203125	282.40252685546875	29.234664916992188	0.0	0.0	0.0	681.06787109375	184.1962432861328	0.0	0.0	447.3420715332031	0.0	0.0	0.0	0.0	0.0	0.0	78.32093048095703	0.0	0.0	250.58053588867188	62.68156433105469	0.0	0.0	0.0	250.63014221191406	0.0	0.0	49.400901794433594	175.33653259277344	0.0	0.0	0.0	0.0	406.5710144042969	232.57601928710938	9.924155235290527	159.32142639160156	327.688232421875	210.8047637939453	0.0	0.0	0.0	66.89563751220703	47.45761489868164	92.9294662475586	209.47943115234375	257.0830993652344	0.0	106.61022186279297	300.8541259765625	64.85415649414062	0.0	9.946743965148926	39.142791748046875	16.43731117248535	35.011959075927734	134.14451599121094	37.641231536865234	83.2427978515625	0.0	202.46426391601562	64.05792999267578	101.14337921142578	0.0	0.0	0.0	0.0	187.36734008789062	223.9127960205078	204.29547119140625	414.1465148925781	0.0	0.0	107.51998901367188	325.5864562988281	0.0	0.0	0.0	0.0	44.19057083129883	0.0	719.9981689453125	432.6773681640625	0.0	0.0	0.0	288.08392333984375	102.41205596923828	485.1630554199219	185.43045043945312	0.0	823.2286376953125	0.0	442.37432861328125	497.3016357421875	297.87274169921875	242.28131103515625	86.49099731445312	517.4747924804688	0.0	0.0	277.0986328125	417.4734191894531	582.1483154296875	0.0	743.7002563476562	160.45111083984375	0.0	72.87984466552734	758.5659790039062	32.070106506347656	26.954835891723633	0.0	0.0	0.0	0.0	0.0	0.0	0.0	0.0	0.0	0.0	0.0	0.0	0.0	0.0	0.0	76.54413604736328	114.1700668334961	0.0	108.58760833740234	0.0	0.0	0.0	149.21315002441406	653.3304443359375	458.46240234375	476.58477783203125	712.766357421875	822.3790283203125	779.49462890625	461.28826904296875	664.0138549804688	0.0	0.0	0.0	61.35136795043945	55.12763595581055	172.3756561279297	0.0	7.312139511108398	286.5212097167969	144.7135467529297	0.0	0.0	213.94454956054688	0.0	0.0	0.0	140.72874450683594	524.0846557617188	301.4632263183594	565.0853881835938	63.9314079284668	0.0	0.0	649.8327026367188	403.6658020019531	0.0	0.0	555.1185302734375	1032.92138671875	596.7948608398438	352.2693176269531	269.3322448730469	103.59964752197266	21.708614349365234	45.63125228881836	109.23216247558594	283.1544494628906	511.89605712890625	386.74932861328125	92.96019744873047	155.85272216796875	530.3536987304688	777.3203125	356.9919738769531	246.77406311035156	313.97967529296875	17.53948402404785	15.069961547851562
572.9470825195312	127.87535095214844	120.53555297851562	0.0	20.60112190246582	118.91706085205078	0.0	262.44244384765625	76.50200653076172	0.0	152.98776245117188	0.0	484.2757873535156	1010.5401000976562	771.7216186523438	6.145346641540527	234.2752685546875	381.8663635253906	41.314205169677734	39.200958251953125	362.5320129394531	58.31664276123047	503.0621337890625	41.28754425048828	0.0	204.8761444091797	80.07359313964844	99.8550033569336	92.21865844726562	164.4804229736328	296.6770324707031	553.9262084960938	83.6530990600586	194.76637268066406	16.39327621459961	20.132492065429688	206.6101837158203	311.75433349609375	263.51861572265625	354.5591735839844	133.78125	103.20433807373047	0.0	75.38774871826172	444.5351257324219	537.4713134765625	254.7438507080078	0.0	130.36477661132812	0.0	1043.0604248046875	398.9439392089844	0.0	0.0	715.2196655273438	545.871337890625	12.619752883911133	0.0	830.8866577148438	1293.68017578125	342.3999328613281	0.0	0.0	272.2879943847656	377.44171142578125	0.0	119.01547241210938	0.0	483.5282287597656	0.0	79.278564453125	0.0	0.0	0.0	0.0	0.0	0.0	0.0	270.16668701171875	0.0	0.0	14.69735336303711	0.0	0.0	61.975215911865234	51.42089080810547	0.0	0.0	0.0	47.93373107910156	0.0	0.0	14.193920135498047	445.62847900390625	219.87667846679688	0.0	0.0	0.0	137.45606994628906	189.12457275390625	19.429914474487305	0.0	414.9926452636719	336.6411437988281	168.43812561035156	0.0	160.9289093017578	160.14637756347656	25.04405403137207	0.0	0.0	308.322998046875	0.0	85.2277603149414	174.60166931152344	0.0	0.0	23.807649612426758	133.79600524902344	58.32567596435547	0.0	0.0	280.87774658203125	114.66020965576172	39.979652404785156	54.30405807495117	0.0	9.140734672546387	0.0	0.0	39.80412673950195	0.0	32.789794921875	0.0	30.949405670166016	0.0	30.85236930847168	0.0	103.7223129272461	74.77274322509766	0.0	185.64634704589844	228.9828643798828	10.851778030395508	0.0	1.2357523441314697	315.7773132324219	0.0	131.38742065429688	148.3402099609375	488.42889404296875	0.0	0.0	0.0	1247.9716796875	702.9984130859375	356.0824890136719	0.0	0.0	160.5048065185547	852.0346069335938	466.98681640625	820.0001831054688	619.479736328125	178.93301391601562	112.9656982421875	113.29977416992188	135.6973419189453	0.0	0.0	108.16615295410156	678.995849609375	77.19871520996094	0.0	717.0992431640625	550.9982299804688	0.0	0.0	0.0	0.0	0.0	0.0	0.0	0.0	0.0	0.0	0.0	0.0	0.0	0.0	0.0	0.0	298.4083557128906	112.9443588256836	0.0	54.96562576293945	257.4740905761719	476.8748474121094	246.771484375	297.8037109375	0.0	0.0	0.0	2.814697742462158	857.7606201171875	1199.189697265625	661.0612182617188	309.63299560546875	117.26758575439453	0.0	43.001434326171875	0.0	92.13898468017578	13.131881713867188	42.95552062988281	50.15998077392578	101.09469604492188	24.841337203979492	61.29995346069336	11.820191383361816	84.7724380493164	223.3498077392578	17.163129806518555	0.0	227.46446228027344	680.7866821289062	91.93639373779297	504.6727294921875	478.77154541015625	530.4266357421875	323.2062683105469	644.6112060546875	176.15484619140625	187.56072998046875	0.0	328.93353271484375	111.1106948852539	330.5406188964844	0.0	440.1996765136719	109.37812042236328	106.26754760742188	46.259376525878906	38.16938400268555	0.0	47.99440002441406	355.94671630859375	395.0169677734375	57.155853271484375	61.96727752685547	94.22824096679688	236.19573974609375	403.3949890136719	456.3443603515625	382.7807312011719	0.10266780108213425
10.757862091064453	274.9996643066406	263.5327453613281	377.12823486328125	86.2740707397461	0.0	0.0	198.59756469726562	187.8782196044922	176.7599639892578	0.0	0.0	268.0130615234375	591.596435546875	671.5038452148438	0.0	246.4857940673828	307.1757507324219	40.808204650878906	50.68284225463867	236.16664123535156	271.3813781738281	0.0	84.12447357177734	0.0	0.0	66.06787109375	99.55474090576172	0.0	152.67367553710938	285.59442138671875	430.3743591308594	0.0	323.5518493652344	439.2326354980469	68.16047668457031	14.546003341674805	0.0	271.3255615234375	256.3975524902344	199.89036560058594	66.70346069335938	0.0	0.0	321.64111328125	398.1166687011719	205.85919189453125	0.0	0.0	419.84130859375	359.56573486328125	0.0	0.0	0.0	1061.6883544921875	870.883056640625	83.02735900878906	0.0	445.37017822265625	893.206787109375	430.3082275390625	355.68206787109375	236.1630401611328	402.67095947265625	17.918752670288086	181.50123596191406	0.0	0.0	187.5116729736328	158.4097900390625	0.0	0.0	14.372536659240723	0.0	547.4666137695312	0.0	0.0	0.0	768.5851440429688	0.0	3.3196866512298584	0.0	0.0	0.0	118.60233306884766	0.0	0.0	0.0	81.47447967529297	152.47740173339844	0.0	0.0	19.758806228637695	174.4696807861328	36.439151763916016	0.0	0.0	0.0	210.30870056152344	50.472007751464844	0.0	0.0	396.7542724609375	84.79811096191406	77.00407409667969	43.25201416015625	432.3518981933594	230.5121612548828	16.10089874267578	0.0	0.0	232.2793426513672	32.05030822753906	106.09831237792969	63.06348419189453	7.8780694007873535	0.0	209.25210571289062	294.8425598144531	38.503211975097656	0.0	0.0	127.35721588134766	30.620256423950195	64.02252960205078	68.65878295898438	0.0	4.39034366607666	0.0	18.26919937133789	0.0	0.0	0.0	0.0	0.0	0.0	26.529369354248047	65.51262664794922	170.50242614746094	301.1330871582031	0.0	43.834571838378906	292.0983581542969	279.0471496582031	61.76548385620117	538.7583618164062	0.0	0.0	0.0	574.8549194335938	827.6594848632812	352.927001953125	0.0	0.0	253.21444702148438	488.0243225097656	340.6488952636719	0.0	0.0	0.0	100.48297882080078	329.1061096191406	153.34434509277344	78.78617858886719	145.663818359375	173.83966064453125	60.15806579589844	476.6278076171875	51.229148864746094	46.043304443359375	143.77183532714844	403.44866943359375	185.3050079345703	0.0	630.5848999023438	554.748046875	73.00299072265625	0.0	0.0	0.0	0.0	0.0	0.0	0.0	0.0	0.0	0.0	0.0	1.215866208076477	0.0	0.0	0.0	36.367977142333984	608.8909912109375	385.10162353515625	0.0	6.513657569885254	246.74180603027344	136.4269561767578	149.6209259033203	0.0	0.0	0.0	98.25695037841797	447.5875549316406	840.4859008789062	573.90283203125	323.8814697265625	0.0	0.0	0.0	86.70526123046875	0.0	150.8330535888672	207.98948669433594	34.33081817626953	127.90061950683594	234.43675231933594	0.0	35.62794494628906	62.95625686645508	95.32093811035156	0.0	0.0	111.65689086914062	392.95941162109375	559.8207397460938	117.11009216308594	150.48953247070312	388.55975341796875	183.02333068847656	367.6246337890625	79.45067596435547	111.41184997558594	0.0	569.8837280273438	0.0	331.15362548828125	0.0	530.8165283203125	116.73004913330078	266.89739990234375	274.12506103515625	238.67294311523438	127.48780822753906	0.0	2.5151453018188477	309.9990234375	121.64574432373047	37.80031204223633	135.44053649902344	21.26886558532715	207.6075439453125	485.1698913574219	414.8537902832031	61.50146484375
0.0	0.0	424.0688171386719	502.24774169921875	649.4974975585938	818.96240234375	422.76263427734375	201.3311004638672	91.87242126464844	0.0	0.0	78.31792449951172	495.07666015625	779.53515625	898.2946166992188	190.44668579101562	157.5129852294922	0.0	0.0	93.6615219116211	0.0	158.58790588378906	409.6464538574219	210.0515899658203	96.11817932128906	0.0	7.028666019439697	11.053568840026855	17.43235206604004	0.0	324.0868835449219	509.7048034667969	115.05768585205078	488.81878662109375	513.2866821289062	107.01861572265625	515.3486938476562	643.28515625	212.74566650390625	167.51028442382812	0.0	118.18635559082031	104.09484100341797	266.4883728027344	406.30206298828125	713.712646484375	552.072265625	0.0	0.0	298.9185485839844	1090.592041015625	264.6787109375	0.0	0.0	1037.1343994140625	553.8208618164062	0.0	0.0	554.9191284179688	1285.647216796875	0.0	326.30157470703125	0.0	646.5271606445312	0.0	0.0	28.549814224243164	0.0	0.0	0.0	0.0	0.0	0.0	0.0	0.0	0.0	0.0	0.0	0.0	0.0	0.0	0.0	0.0	0.0	275.6591796875	165.18519592285156	0.0	0.0	0.0	0.0	0.0	0.0	235.44456481933594	271.9361267089844	134.79397583007812	0.0	0.0	0.0	0.0	0.0	29.553529739379883	0.0	466.3456726074219	294.281982421875	0.0	0.0	237.7483367919922	174.04544067382812	0.0	56.0422248840332	110.38860321044922	414.86602783203125	40.779659271240234	299.4076232910156	159.5154571533203	10.066832542419434	0.0	206.7667999267578	259.39556884765625	123.21451568603516	0.0	12.05569076538086	228.50082397460938	81.6249008178711	0.0	0.0	145.68084716796875	122.72042083740234	0.0	0.0	102.10880279541016	0.0	0.0	0.0	0.0	0.0	0.0	0.0	0.0	46.167171478271484	0.0	0.0	0.0	0.0	894.3313598632812	1301.2373046875	1106.096923828125	0.0	0.0	0.0	429.23687744140625	0.0	344.9582824707031	428.3625793457031	972.6572875976562	848.51611328125	0.0	0.0	0.0	407.09661865234375	258.9435729980469	0.0	719.5429077148438	767.3246459960938	0.0	0.0	853.9052124023438	639.9766845703125	242.3412628173828	134.87750244140625	0.0	671.7733764648438	0.0	0.0	400.0349426269531	749.19970703125	0.0	0.0	0.0	0.0	0.0	0.0	0.0	0.0	0.0	0.0	0.0	0.0	0.0	0.0	0.0	0.0	845.0663452148438	853.2020874023438	407.8944091796875	0.0	124.49344635009766	521.5052490234375	258.9065856933594	265.599365234375	264.7350158691406	508.39813232421875	368.7786865234375	343.5944519042969	152.52137756347656	792.76416015625	706.3364868164062	245.69691467285156	266.9788818359375	192.1923065185547	187.822509765625	80.68844604492188	391.40264892578125	214.67323303222656	15.65124797821045	0.0	297.471923828125	258.15313720703125	1.4261504411697388	46.39870834350586	401.4759826660156	432.5474853515625	165.4296417236328	0.0	244.1304473876953	0.0	23.146059036254883	103.13005828857422	279.72509765625	118.93203735351562	75.57026672363281	578.5176391601562	146.48658752441406	367.665283203125	0.0	297.68218994140625	189.49545288085938	486.25067138671875	150.56674194335938	374.7347717285156	0.0	242.00465393066406	509.4395446777344	279.2689514160156	0.0	102.15912628173828	239.29409790039062	353.9555358886719	119.87763214111328	46.32687759399414	115.97809600830078	398.4374084472656	73.94689178466797	205.12608337402344	252.4412078857422	0.0
307.8071594238281	639.2211303710938	64.05170440673828	127.49378204345703	117.64860534667969	204.19200134277344	190.26560974121094	0.6547128558158875	0.0	0.0	0.0	0.0	59.234073638916016	203.8875732421875	30.216358184814453	0.0	89.84461212158203	371.0973815917969	125.7063980102539	74.96098327636719	293.4989929199219	498.8531799316406	311.10174560546875	150.53512573242188	264.06317138671875	0.0	385.1358947753906	100.07011413574219	0.0	134.6663055419922	507.36883544921875	63.74560546875	37.182674407958984	0.0	142.0001220703125	6.768433570861816	192.31224060058594	365.1876220703125	0.0	40.25044631958008	1.4007824659347534	3.6240930557250977	0.0	54.10684585571289	259.8208312988281	181.42120361328125	0.0	6.294849872589111	186.2679443359375	190.71937561035156	1135.1221923828125	364.6226806640625	319.8057861328125	0.0	1117.711181640625	458.2036437988281	0.0	24.071992874145508	536.7114868164062	323.47723388671875	37.43716049194336	248.19239807128906	311.26239013671875	0.0	51.25260925292969	80.95777893066406	20.832813262939453	0.0	432.4975280761719	0.0	0.0	0.0	264.6997985839844	0.0	613.8250732421875	0.0	0.0	452.7446594238281	250.05052185058594	0.0	139.58474731445312	0.0	0.0	0.0	0.0	0.0	0.0	0.0	39.67549133300781	193.44981384277344	0.0	0.0	197.3400115966797	201.31826782226562	0.0	0.0	0.0	0.0	141.83892822265625	0.5469502210617065	0.0	0.0	101.4813232421875	136.05508422851562	0.0	0.0	37.327239990234375	284.9040222167969	0.0	116.90508270263672	376.01446533203125	418.26788330078125	56.611061096191406	104.83594512939453	51.10441589355469	0.827332079410553	0.0	95.38475036621094	175.02113342285156	24.06046485900879	46.07308578491211	19.617708206176758	46.90485763549805	49.10251235961914	27.113534927368164	0.0	2.8868467807769775	0.0	25.078125	0.0	116.9933090209961	0.0	0.0	0.0	130.9487762451172	0.0	0.0	0.0	106.27923583984375	0.0	15.004790306091309	0.0	164.7674102783203	0.0	0.0	60.22394561767578	215.28277587890625	0.0	108.85206604003906	0.0	180.63951110839844	0.0	597.1204833984375	700.843505859375	27.576292037963867	0.0	0.0	0.0	0.0	0.0	454.9158935546875	840.529541015625	532.2947387695312	547.8412475585938	466.23455810546875	144.75454711914062	676.8994750976562	550.6912231445312	346.7994689941406	133.8116912841797	862.4296875	262.56842041015625	0.0	694.685791015625	916.1871948242188	0.0	38.250667572021484	0.0	0.0	0.0	50.92656707763672	0.0	0.0	0.0	0.0	0.0	0.0	0.0	114.47970581054688	0.0	0.0	51.00321578979492	0.0	0.0	0.0	18.697757720947266	486.7320861816406	784.8804321289062	425.7355041503906	324.9366149902344	263.5541687011719	264.02862548828125	264.8675842285156	210.92637634277344	0.0	0.0	264.3583984375	111.21338653564453	127.22869110107422	213.33602905273438	135.59170532226562	93.53472137451172	0.0	0.0	34.34849166870117	0.0	61.90877151489258	0.0	0.0	0.0	287.1833801269531	177.12246704101562	84.23799133300781	0.0	0.0	0.0	136.56556701660156	319.1351318359375	0.0	783.5164184570312	220.53317260742188	509.7492370605469	266.4726867675781	316.1751403808594	362.83148193359375	596.180419921875	139.9883270263672	0.0	585.5794677734375	300.5284423828125	108.66908264160156	78.2739486694336	150.31063842773438	142.7248992919922	176.6985321044922	408.7889099121094	127.37153625488281	56.9430046081543	3.072660446166992	48.33296585083008	0.0	0.0	38.85261535644531	71.38626861572266	0.0	0.0
506.05462646484375	330.14404296875	117.78862762451172	0.0	0.0	0.0	525.9951171875	0.0	0.0	223.34649658203125	0.0	208.84124755859375	28.679607391357422	385.3643493652344	694.1869506835938	0.0	120.0285873413086	344.7666931152344	99.713623046875	63.30416488647461	191.32479858398438	125.27083587646484	333.420166015625	592.4775390625	150.8035888671875	221.55218505859375	540.5744018554688	312.9205627441406	116.5291748046875	639.9727783203125	387.9106750488281	341.1936950683594	99.79340362548828	214.4004364013672	0.0	129.95875549316406	0.0	601.3837280273438	205.4665985107422	0.0	110.5705795288086	0.0	229.90652465820312	193.32127380371094	0.0	417.76806640625	201.55520629882812	22.818435668945312	224.05914306640625	177.425537109375	548.1151733398438	1084.275146484375	0.0	818.0420532226562	145.32675170898438	88.67938232421875	0.0	499.993408203125	791.2681884765625	449.28076171875	0.0	434.0421447753906	866.0302124023438	835.3318481445312	561.9680786132812	218.35943603515625	0.0	68.60733795166016	546.4737548828125	0.0	201.2474822998047	0.0	0.0	0.8104408979415894	68.47388458251953	0.0	216.27780151367188	578.1756591796875	0.0	0.0	30.218311309814453	0.0	87.10476684570312	0.0	0.0	0.0	0.0	0.0	138.15020751953125	0.0	0.0	0.0	54.563541412353516	0.0	0.0	0.0	0.0	0.0	134.9421844482422	31.951311111450195	0.0	118.89692687988281	154.10755920410156	377.18341064453125	0.0	49.02613067626953	334.8153991699219	111.51422119140625	0.0	0.0	285.7381286621094	266.4603576660156	85.74154663085938	0.0	186.43980407714844	112.26946258544922	181.24191284179688	158.41075134277344	0.0	0.0	0.565724790096283	123.68400573730469	110.93339538574219	20.909591674804688	78.9359130859375	10.792162895202637	174.97833251953125	51.088905334472656	0.0	0.0	0.0	0.0	0.0	0.0	0.0	15.457338333129883	0.0	0.0	0.0	0.0	0.0	212.67466735839844	84.82955169677734	0.0	36.8111686706543	0.0	718.0284423828125	539.7811889648438	342.7004089355469	792.8521728515625	0.0	18.57156753540039	0.0	639.8656005859375	596.046142578125	0.0	0.0	0.0	397.0260925292969	169.9930877685547	382.4159240722656	1079.0673828125	341.94866943359375	884.2348022460938	204.44566345214844	0.0	787.5841064453125	574.98828125	0.0	774.7750244140625	913.3397827148438	180.551025390625	222.85215759277344	409.90887451171875	390.2045593261719	659.6768188476562	107.17233276367188	0.0	0.0	0.0	0.0	0.0	0.0	0.0	11.65827465057373	0.0	0.0	0.0	70.59781646728516	0.0	0.0	0.0	160.02662658691406	206.3070831298828	0.0	82.53800964355469	0.0	218.6549835205078	86.0945053100586	69.08720397949219	0.0	0.0	81.16375732421875	299.1869812011719	39.78566360473633	796.068115234375	905.2236938476562	174.77565002441406	119.48453521728516	178.57647705078125	159.2097625732422	26.424335479736328	0.0	296.3656311035156	138.71530151367188	0.0	9.00595760345459	0.0	63.75244140625	0.0	16.18874740600586	0.0	83.61209869384766	19.583253860473633	0.0	1000.4933471679688	573.8138427734375	222.42977905273438	111.71257019042969	803.7355346679688	290.1032409667969	356.92071533203125	118.30343627929688	0.0	371.78466796875	558.751708984375	19.997241973876953	924.6119384765625	723.10400390625	369.49017333984375	142.24949645996094	181.12501525878906	0.0	139.901611328125	109.92350769042969	292.2990417480469	284.5361633300781	0.0	85.5758056640625	27.24649429321289	174.65647888183594	320.2597351074219	173.92196655273438	406.402099609375	332.8044128417969	65.9700698852539
7.833552837371826	228.5093994140625	256.6748962402344	106.43677520751953	56.201377868652344	502.5294189453125	543.2860717773438	307.49365234375	158.68116760253906	196.86119079589844	0.0	398.71649169921875	9.942152976989746	350.0323791503906	862.71923828125	357.7121276855469	267.1382141113281	309.3126525878906	0.0	56.75710678100586	271.8458251953125	0.0	647.7100830078125	173.8936004638672	306.1068420410156	452.0254821777344	203.08612060546875	0.0	196.7188262939453	377.982177734375	306.39422607421875	340.29290771484375	267.8188781738281	317.8511962890625	179.9807586669922	57.24370193481445	264.4120788574219	603.3943481445312	297.6102600097656	160.7386016845703	88.4580307006836	19.951675415039062	402.5695495605469	580.5613403320312	22.776636123657227	704.7158813476562	753.177490234375	23.73983383178711	422.3525390625	0.0	1152.1783447265625	435.3652038574219	466.5172424316406	675.6279296875	119.90682983398438	62.17331314086914	0.0	9.774253845214844	443.6730651855469	1155.0125732421875	49.31938171386719	504.25604248046875	0.0	805.8753051757812	583.0588989257812	0.0	28.831356048583984	0.0	328.4719543457031	0.0	98.25846099853516	0.0	104.90320587158203	135.28060913085938	0.0	0.0	513.9951171875	205.0206756591797	0.0	0.0	0.0	0.0	0.0	0.0	0.0	1.611217737197876	0.0	0.0	119.7979965209961	0.0	0.0	0.0	61.8524169921875	0.6884372234344482	0.0	0.0	0.0	0.0	95.26759338378906	90.8484878540039	44.44731521606445	0.0	296.5021057128906	316.7323913574219	26.94428825378418	84.09854125976562	195.6263885498047	171.10655212402344	0.0	11.146153450012207	90.14707946777344	370.0030822753906	0.0	286.2237854003906	271.596923828125	0.0	159.6521453857422	0.0	99.29594421386719	39.57490158081055	0.0	0.0	212.56829833984375	58.86463928222656	22.262182235717773	0.0	331.5220031738281	172.80914306640625	0.0	0.0	7.209231376647949	0.0	0.0	0.0	73.09127807617188	0.0	0.0	0.0	0.0	0.0	0.0	10.915810585021973	0.0	0.0	0.0	366.8597717285156	803.0143432617188	112.38114929199219	434.26141357421875	854.4954223632812	0.0	26.35883903503418	0.0	591.0894775390625	1187.18212890625	964.0371704101562	217.29910278320312	446.037109375	0.0	642.8915405273438	801.1056518554688	545.7948608398438	835.4840698242188	680.5411376953125	185.52882385253906	542.3284301757812	613.9752197265625	13.001436233520508	69.05516815185547	1048.1297607421875	414.0465393066406	428.0057678222656	414.0796813964844	14.081197738647461	0.0	653.1747436523438	0.0	0.0	0.0	0.0	0.0	0.0	0.0	0.0	68.03988647460938	0.0	0.0	0.0	68.41654205322266	0.0	0.0	0.0	0.0	69.8363037109375	0.0	65.4324951171875	15.611058235168457	312.7492980957031	258.659423828125	273.06109619140625	0.0	221.9386444091797	432.3742370605469	460.2357177734375	213.06472778320312	1188.871826171875	1079.4764404296875	238.83453369140625	0.0	104.99750518798828	74.92198181152344	0.0	251.52182006835938	277.6660461425781	4.284050941467285	0.0	8.231706619262695	0.0	185.4714813232422	62.45953369140625	0.0	187.5003662109375	0.0	8.351061820983887	264.7405700683594	1149.6331787109375	0.0	170.3258056640625	59.80436325073242	542.10302734375	264.9656982421875	575.6364135742188	129.53846740722656	600.82080078125	400.6741943359375	230.83628845214844	50.35578536987305	1141.9326171875	653.4581298828125	87.12649536132812	42.747314453125	366.76666259765625	188.77874755859375	229.0873260498047	24.161027908325195	422.606689453125	431.0703125	404.123046875	110.19226837158203	0.0	227.33816528320312	483.5018615722656	167.46731567382812	401.6303405761719	346.0155944824219	16.487485885620117
163.79547119140625	371.662109375	0.0	0.0	0.0	0.0	0.0	0.0	0.0	0.0	2.0494015216827393	5.161527156829834	250.2364044189453	621.21484375	501.4246826171875	0.0	110.36827850341797	326.2756652832031	490.89715576171875	0.0	155.95916748046875	455.3221740722656	35.370941162109375	484.4713134765625	318.35198974609375	256.1342468261719	176.5880126953125	543.2431030273438	303.7303161621094	109.58137512207031	564.7218627929688	609.4996337890625	0.0	0.0	0.0	177.10678100585938	0.0	41.14558029174805	0.0	0.0	70.42022705078125	0.0	0.0	0.0	201.07325744628906	441.1568908691406	202.4259796142578	47.19884490966797	70.45240020751953	223.33828735351562	0.0	1316.48193359375	436.7856750488281	173.29736328125	0.0	777.6802978515625	793.6072998046875	140.28195190429688	304.7965087890625	290.283447265625	990.9130249023438	447.2968444824219	139.2545623779297	44.82902908325195	12.842921257019043	780.323974609375	0.0	0.0	1048.869873046875	695.13427734375	0.0	901.1864013671875	1075.47509765625	0.0	1026.4522705078125	955.9176025390625	790.0132446289062	0.0	885.5347900390625	0.0	73.94164276123047	0.0	0.0	0.0	8.305143356323242	0.0	0.0	0.0	0.0	0.0	0.0	0.0	0.0	0.0	0.0	0.0	0.0	0.0	0.0	290.8469543457031	0.0	126.4625473022461	78.58277893066406	317.61529541015625	136.9637451171875	167.68817138671875	29.123807907104492	158.40673828125	125.65597534179688	0.0	0.0	221.13119506835938	71.42107391357422	0.0	234.24725341796875	288.93170166015625	0.0	58.231422424316406	0.0	86.1509780883789	0.2832903265953064	120.5616455078125	0.0	0.0	60.31188201904297	100.34864807128906	0.0	0.0	6.57041072845459	12.531158447265625	0.0	0.0	11.568014144897461	65.99376678466797	0.0	346.3685607910156	213.44473266601562	0.0	215.722900390625	405.7488708496094	153.36227416992188	0.0	77.92288208007812	89.56037139892578	0.0	0.0	225.3611297607422	472.7592468261719	0.0	0.0	0.0	277.7792663574219	0.0	0.0	0.0	0.0	649.3762817382812	455.5431213378906	0.0	0.0	388.0872497558594	1085.30224609375	574.4338989257812	668.7328491210938	956.264404296875	1055.4822998046875	0.0	737.837890625	760.1910400390625	263.7825622558594	921.2213134765625	966.841796875	324.33416748046875	91.6430435180664	913.943359375	333.1614685058594	69.18608093261719	0.0	0.0	0.0	18.73828125	0.0	0.0	0.0	0.0	0.0	0.0	0.0	0.0	0.0	0.0	0.0	0.0	264.2286071777344	115.58488464355469	13.648414611816406	0.0	0.0	0.0	0.0	0.0	0.0	0.0	246.10633850097656	912.5494384765625	1463.3297119140625	691.5101928710938	504.2734069824219	112.18961334228516	56.485816955566406	0.0	0.6593987345695496	0.0	0.0	0.0	27.615446090698242	21.00380516052246	167.77716064453125	0.0	0.0	85.69805908203125	43.088348388671875	0.0	0.0	0.0	321.109375	696.3877563476562	140.01058959960938	0.0	718.8582763671875	531.61474609375	378.3744201660156	233.171630859375	967.84716796875	0.0	675.084716796875	230.07891845703125	938.4991455078125	201.62301635742188	630.23486328125	138.56057739257812	69.65522766113281	6.671605110168457	184.08895874023438	130.91653442382812	0.0	92.15201568603516	0.0	116.82756042480469	334.4522705078125	312.1288757324219	0.0	163.11219787597656	604.2203369140625	318.7962341308594	78.84710693359375
1082.316650390625	1140.25634765625	591.0792846679688	523.2664184570312	13.881046295166016	0.0	0.0	0.0	227.24095153808594	0.0	0.0	0.0	0.0	0.0	0.0	0.0	103.23324584960938	136.73065185546875	38.37786102294922	148.5895233154297	55.88477325439453	119.28131103515625	107.84341430664062	328.43701171875	0.0	144.60682678222656	363.2772216796875	326.3114318847656	0.0	128.21766662597656	464.5966796875	84.28279876708984	364.69537353515625	386.4433898925781	415.0831604003906	137.83958435058594	262.7680969238281	326.0707702636719	36.56305694580078	0.0	266.0278625488281	86.53792572021484	0.0	0.0	0.0	0.0	0.0	0.0	254.6871337890625	0.0	1069.2677001953125	687.2950439453125	0.0	0.0	1136.20947265625	797.5968627929688	0.0	0.0	668.8207397460938	259.25634765625	25.516963958740234	140.373046875	619.8846435546875	155.2077178955078	0.0	0.0	88.82649230957031	0.0	0.0	0.0	316.5061340332031	0.0	0.0	0.0	1138.2166748046875	0.0	0.0	688.833740234375	1275.21142578125	0.0	167.87841796875	0.0	0.0	0.0	222.66888427734375	201.6952362060547	9.255831718444824	0.0	194.09988403320312	27.17557716369629	0.0	0.0	0.0	6.385093688964844	0.0	0.0	0.0	0.0	96.63198852539062	0.0	40.07079315185547	0.0	307.8582458496094	276.7177429199219	342.4780578613281	189.30401611328125	306.6845397949219	260.7030029296875	0.0	0.0	10.057690620422363	224.39390563964844	70.67650604248047	92.93331146240234	115.44896697998047	0.0	54.48835754394531	84.46917724609375	183.30308532714844	98.48771667480469	8.143760681152344	0.0	7.331828594207764	0.0	63.5814094543457	8.237589836120605	0.0	8.638480186462402	55.127662658691406	0.0	0.0	0.0	0.0	0.0	174.82557678222656	0.17119568586349487	25.648988723754883	0.0	428.26251220703125	0.0	0.0	0.0	409.28350830078125	0.0	503.6495361328125	291.5534362792969	649.3588256835938	0.0	484.2181091308594	0.0	503.2868347167969	193.37197875976562	0.0	0.0	0.0	0.0	0.0	0.0	0.0	0.0	264.997802734375	111.14828491210938	377.6881408691406	694.8458251953125	144.2071990966797	0.0	800.9593505859375	858.4225463867188	0.0	0.0	763.4928588867188	398.7196044921875	0.0	370.89959716796875	843.5089111328125	125.16300201416016	0.0	0.0	0.0	0.0	0.0	0.0	0.0	0.0	0.0	89.21881866455078	0.0	0.0	43.0911750793457	136.11058044433594	0.0	0.0	1158.448486328125	807.8963012695312	454.5397644042969	206.16954040527344	215.71607971191406	0.0	0.0	143.8173370361328	0.0	0.0	39.908294677734375	269.06744384765625	0.0	0.0	239.50379943847656	297.98968505859375	194.41053771972656	192.2999267578125	169.36074829101562	94.70286560058594	0.0	0.0	0.0	17.057004928588867	254.30221557617188	187.60897827148438	70.7713851928711	45.451194763183594	0.0	0.0	14.140931129455566	0.0	152.1418914794922	0.0	0.0	271.0585632324219	390.17236328125	285.05780029296875	0.0	559.3684692382812	41.86966323852539	0.0	371.61602783203125	881.0213623046875	5.020737171173096	0.0	785.14794921875	822.3309326171875	411.61480712890625	280.6787414550781	334.3131103515625	311.4562683105469	0.0	0.0	0.0	0.0	0.0	120.57218170166016	0.0	9.999076843261719	65.2322769165039	221.11566162109375	22.055591583251953	20.281116485595703
96.2408676147461	364.21435546875	349.1026306152344	95.82829284667969	209.59751892089844	117.20175170898438	0.0	0.0	0.0	53.18391799926758	382.4779052734375	443.53961181640625	331.04132080078125	916.2156982421875	843.2579956054688	161.43084716796875	125.19062805175781	446.3369140625	241.99375915527344	78.74071502685547	255.41302490234375	372.9543762207031	80.3551025390625	108.28076171875	271.2786560058594	220.76400756835938	69.4830322265625	507.68634033203125	418.52789306640625	171.58384704589844	406.8236389160156	544.302734375	0.0	0.0	121.45328521728516	455.2811279296875	0.0	101.18788146972656	219.65774536132812	0.0	0.0	66.81786346435547	75.69293975830078	0.0	259.1423645019531	440.0449523925781	243.42283630371094	135.85914611816406	39.27897262573242	418.7359619140625	253.56671142578125	1285.2911376953125	172.09471130371094	12.325996398925781	0.0	1302.430908203125	580.394775390625	29.14179801940918	0.0	649.3883666992188	771.6118774414062	148.41995239257812	0.0	0.0	54.51499938964844	433.0931396484375	0.0	0.0	862.5850219726562	600.9478759765625	0.0	137.7174835205078	1177.2088623046875	0.0	0.0	690.7976684570312	896.3775634765625	0.0	0.0	454.7622375488281	0.0	0.0	0.0	0.0	43.05419158935547	0.0	0.0	0.0	0.0	0.0	66.04499816894531	0.0	0.0	0.0	0.0	0.0	0.0	0.0	0.0	193.80221557617188	0.0	136.97940063476562	184.54641723632812	426.4421081542969	0.0	316.096435546875	144.2897186279297	126.3416748046875	0.0	0.0	0.0	155.22067260742188	88.05848693847656	22.11793327331543	255.35987854003906	130.37294006347656	0.0	0.0	123.57347106933594	242.97079467773438	0.0	97.09663391113281	0.0	23.41427993774414	86.94204711914062	96.443115234375	0.0	0.0	0.0	197.65431213378906	0.0	0.0	98.92477416992188	67.09700775146484	0.0	271.8623352050781	263.2874755859375	0.0	183.0351104736328	507.5708923339844	235.14984130859375	0.0	0.0	0.0	41.39643478393555	182.34246826171875	293.5909118652344	794.5747680664062	0.0	0.0	0.0	857.0167236328125	0.0	0.0	0.0	0.0	484.4345397949219	9.618756294250488	0.0	0.0	338.1174621582031	1006.0546264648438	829.6585693359375	248.54502868652344	1026.750244140625	994.4365234375	0.0	436.4564208984375	1018.4393310546875	485.81231689453125	299.82916259765625	950.2689819335938	346.6193542480469	175.57061767578125	661.0944213867188	619.7080688476562	40.20130157470703	0.0	0.0	0.0	0.0	0.0	0.0	0.0	0.0	0.0	0.0	0.0	0.0	0.0	11.580926895141602	0.0	0.0	545.167236328125	777.7704467773438	365.6128845214844	0.0	249.4189910888672	0.0	0.0	0.0	0.0	0.0	278.7120361328125	1464.3157958984375	1607.6578369140625	786.6908569335938	448.2658386230469	114.07508087158203	269.2022399902344	118.0048599243164	30.663576126098633	0.0	0.0	0.0	52.13711929321289	6.323829650878906	0.0	5.242378234863281	0.0	267.4022521972656	147.865966796875	56.99747848510742	0.0	0.0	482.25201416015625	508.2880859375	120.29659271240234	56.841033935546875	711.3612060546875	714.9879760742188	0.0	715.1806030273438	886.184326171875	0.0	53.393470764160156	897.9314575195312	841.4595947265625	101.02448272705078	474.0250244140625	160.1257781982422	9.222285270690918	0.0	406.9880676269531	163.13917541503906	0.0	46.43144607543945	0.0	64.11540222167969	112.01383209228516	349.7223815917969	83.79843139648438	299.4922180175781	396.0203857421875	295.09918212890625	78.73528289794922
0.0	333.6103210449219	610.4813842773438	484.34747314453125	105.99089813232422	642.802978515625	528.8985595703125	431.58026123046875	0.0	215.66587829589844	486.1913146972656	16.755125045776367	154.6444854736328	636.926513671875	863.0538330078125	0.0	88.48765563964844	531.4397583007812	246.1685028076172	97.38247680664062	308.7167663574219	449.2888488769531	0.0	232.340576171875	186.77301025390625	271.1368103027344	0.0	315.9692077636719	295.6025085449219	212.79034423828125	550.454345703125	620.8950805664062	0.0	121.6973876953125	317.754638671875	165.22926330566406	0.0	315.5709228515625	463.62689208984375	417.736328125	187.017822265625	443.3697204589844	0.0	0.0	107.75642395019531	550.1846313476562	306.748291015625	86.4090347290039	70.6961441040039	414.15167236328125	172.45045471191406	50.08574676513672	223.92071533203125	593.1830444335938	436.4704284667969	1167.69140625	479.8226623535156	484.3944091796875	411.7739562988281	1326.621337890625	330.8102722167969	869.9268798828125	0.0	84.25228881835938	426.7508239746094	695.5999755859375	0.0	0.0	761.6058959960938	167.79782104492188	0.0	0.0	877.18994140625	0.0	0.0	73.02123260498047	399.2481689453125	0.0	139.8402862548828	0.0	0.0	0.0	0.0	0.0	0.0	0.0	0.0	0.0	0.0	57.79932403564453	105.0188980102539	0.0	0.0	0.0	0.0	0.0	0.0	0.0	157.19920349121094	0.0	0.0	0.0	197.52392578125	172.38882446289062	70.17290496826172	56.39413070678711	181.12232971191406	250.8833770751953	8.096653938293457	163.50418090820312	9.127481460571289	351.61126708984375	67.80548858642578	24.94862174987793	123.18699645996094	27.072431564331055	0.0	0.0	144.6555633544922	0.0	6.725083827972412	32.02690887451172	229.2012176513672	154.5018310546875	91.44509887695312	0.0	0.0	0.0	0.0	294.01702880859375	54.13454818725586	28.739994049072266	0.0	238.40972900390625	0.0	0.0	0.0	7.105517387390137	0.0	151.99351501464844	0.0	31.796663284301758	0.0	0.0	0.0	0.0	0.0	0.0	9.899422645568848	338.55816650390625	635.561279296875	248.0699462890625	0.0	0.0	561.0729370117188	714.0438232421875	286.7569274902344	1147.575439453125	0.0	0.0	273.37005615234375	890.1122436523438	56.66974639892578	145.59608459472656	622.5925903320312	878.313232421875	0.0	534.5875244140625	366.2109680175781	533.1261596679688	524.5159301757812	810.1373291015625	224.81849670410156	109.81829833984375	487.2557678222656	45.09362030029297	104.46006774902344	0.0	0.0	0.0	157.13856506347656	0.0	0.0	0.0	35.50690841674805	0.0	0.0	0.0	0.0	0.0	0.0	0.0	0.0	259.0414123535156	265.0728454589844	0.0	30.3444766998291	1209.4124755859375	888.356201171875	163.1685333251953	0.0	0.0	0.0	5.238234043121338	274.0589599609375	1169.8980712890625	657.1176147460938	413.83392333984375	0.0	0.0	0.0	34.4032096862793	0.0	262.5609436035156	124.51189422607422	124.34477996826172	0.0	0.0	0.0	0.0	128.07183837890625	259.2234191894531	111.99980163574219	0.0	0.0	744.2041015625	709.1875610351562	0.0	0.0	821.887451171875	240.81661987304688	236.56089782714844	0.0	971.1337890625	224.88694763183594	355.6173400878906	0.0	768.5194702148438	0.0	461.53656005859375	139.9652862548828	169.36964416503906	402.0186767578125	329.88299560546875	166.99618530273438	44.28459930419922	216.95985412597656	326.4633483886719	168.90296936035156	214.53204345703125	56.582115173339844	2.7340850830078125	55.34891128540039	472.7658996582031	373.8908996582031	41.45134353637695
0.0	0.0	0.0	0.0	0.0	63.138031005859375	489.2561340332031	86.5643081665039	342.7544250488281	438.71478271484375	0.0	111.56413269042969	1.5752880573272705	531.7781982421875	704.8901977539062	200.6311492919922	99.18854522705078	333.76654052734375	62.0925178527832	60.80787658691406	128.0593719482422	75.45799255371094	432.7867126464844	663.4146118164062	305.21636962890625	251.00172424316406	341.5799255371094	311.0665588378906	222.69204711914062	502.21112060546875	255.09742736816406	486.0352783203125	0.0	68.91280364990234	0.0	202.6106719970703	0.0	372.9561462402344	144.96401977539062	0.0	132.126708984375	0.0	196.62594604492188	216.73934936523438	123.0643081665039	723.859375	591.2293090820312	9.68964672088623	0.0	474.8740539550781	981.9692993164062	1232.3746337890625	0.0	853.2137451171875	17.873828887939453	367.5574035644531	0.0	175.1667022705078	724.2161254882812	1071.9827880859375	129.8079071044922	506.48162841796875	221.2435302734375	836.9786376953125	542.1763305664062	706.9339599609375	0.0	0.0	497.697265625	313.3372802734375	355.0503845214844	0.0	85.09947967529297	328.3172607421875	74.70999908447266	0.0	522.5363159179688	142.9507598876953	0.0	0.0	0.0	0.0	0.0	0.0	0.0	0.0	0.0	0.0	182.11422729492188	0.0	0.0	0.0	32.948020935058594	0.0	0.0	0.0	0.0	0.0	248.48660278320312	45.75784683227539	0.0	20.49698829650879	211.2884979248047	266.8008728027344	0.0	0.0	276.1053161621094	74.10359191894531	0.0	0.0	135.0246124267578	386.72222900390625	89.7376937866211	45.36332321166992	292.40118408203125	33.081932067871094	83.457763671875	160.53668212890625	96.71421813964844	0.0	0.0	12.37007999420166	234.7930450439453	5.036587715148926	5.6226019859313965	0.0	253.95469665527344	54.576568603515625	0.0	0.0	0.0	50.24619674682617	0.0	152.1595458984375	0.0	57.07379150390625	0.0	193.4143524169922	0.0	107.01570892333984	0.0	24.142072677612305	0.0	0.0	0.0	0.0	606.3760375976562	550.021728515625	32.695987701416016	576.5228881835938	0.0	0.0	0.0	553.7928466796875	723.1162719726562	266.3312683105469	249.50978088378906	377.45684814453125	0.0	356.2670593261719	234.4765625	843.5639038085938	98.26331329345703	698.1251220703125	141.9666290283203	0.0	573.5819702148438	675.5222778320312	114.04154968261719	858.83642578125	562.3804321289062	499.010009765625	363.3611145019531	262.9312438964844	121.04488372802734	433.73248291015625	83.70670318603516	0.0	0.0	0.0	19.885330200195312	0.0	0.0	0.0	76.79561614990234	0.0	0.0	0.0	111.40296173095703	0.0	0.0	0.0	0.0	0.0	0.0	65.59807586669922	0.0	400.3716735839844	269.4551696777344	187.41282653808594	0.0	214.6351318359375	21.40726089477539	280.0270690917969	394.12921142578125	1528.4447021484375	1289.401123046875	362.2389831542969	37.05143737792969	66.4383316040039	52.28303146362305	0.0	0.0	271.7919006347656	0.0	0.0	0.0	47.10784149169922	42.7735710144043	0.0	25.95273208618164	142.01100158691406	0.0	0.0	21.667600631713867	1013.0439453125	642.3228149414062	362.78485107421875	57.56785583496094	863.08740234375	423.29718017578125	570.29541015625	71.77557373046875	352.6293640136719	351.05548095703125	525.63671875	0.0	1069.6533203125	665.0789184570312	367.61248779296875	167.0360870361328	198.30731201171875	0.0	231.1682586669922	252.5763702392578	436.6381530761719	368.6100158691406	219.54190063476562	246.58273315429688	30.434724807739258	144.12318420410156	497.2916564941406	136.78836059570312	374.6745910644531	331.1517639160156	123.62328338623047
171.27853393554688	198.55323791503906	0.0	0.0	145.5398406982422	373.6147766113281	713.3196411132812	610.4586181640625	0.0	0.0	0.0	137.93899536132812	601.1171264648438	830.4222412109375	825.0010986328125	64.46908569335938	103.75977325439453	292.02276611328125	233.12606811523438	0.0	264.9462585449219	312.9176940917969	57.356346130371094	159.04592895507812	241.6128692626953	114.27439880371094	0.0	81.5633773803711	37.75767517089844	0.0	372.66351318359375	425.88653564453125	0.0	0.0	0.0	255.9958953857422	30.521255493164062	583.044921875	674.5849609375	176.43772888183594	99.75917053222656	0.0	288.6923522949219	313.2898254394531	478.7026672363281	563.536865234375	401.5052795410156	13.876312255859375	172.54345703125	367.8670654296875	0.0	367.5798034667969	204.757080078125	805.5782470703125	310.9683532714844	0.0	0.0	0.0	1231.5992431640625	1303.2647705078125	36.279991149902344	141.29029846191406	249.3294677734375	877.6197509765625	661.4395751953125	627.0985107421875	0.0	0.0	797.7974243164062	121.08336639404297	0.0	0.0	240.19326782226562	0.0	0.0	0.0	0.0	0.0	0.0	0.0	0.0	0.0	46.52080154418945	101.54304504394531	0.0	0.0	0.0	0.0	0.0	0.0	0.0	0.0	386.52728271484375	337.0348815917969	0.0	0.0	0.0	0.0	0.0	168.81619262695312	0.0	62.18699264526367	379.9012756347656	444.7115478515625	0.0	42.63603591918945	174.2692413330078	0.0	0.0	37.80953598022461	189.32093811035156	293.95196533203125	93.03594207763672	0.0	94.65809631347656	133.83499145507812	0.1557592749595642	138.582275390625	10.24515438079834	13.101686477661133	0.0	184.27442932128906	429.79864501953125	30.674951553344727	27.31464195251465	0.0	244.37730407714844	87.81912994384766	0.0	0.0	0.0	0.0	0.0	24.953577041625977	0.0	0.0	0.0	0.0	0.0	95.66498565673828	0.0	0.0	0.0	0.0	69.32792663574219	10.722107887268066	593.2696533203125	726.0831909179688	132.32135009765625	546.1141357421875	0.0	0.0	49.40381622314453	1236.8870849609375	1122.7091064453125	454.9192810058594	0.0	0.0	0.0	368.17724609375	375.96173095703125	1158.1724853515625	493.4490966796875	73.05575561523438	273.8912048339844	110.14323425292969	0.0	0.0	186.98818969726562	0.0	251.09107971191406	703.9835815429688	0.0	41.74960708618164	314.8635559082031	392.0055236816406	130.2784423828125	0.0	0.0	0.0	119.17872619628906	0.0	0.0	0.0	0.0	0.0	0.0	0.0	8.370589256286621	0.0	0.0	0.0	0.0	296.4306640625	456.39630126953125	366.31170654296875	443.91156005859375	1150.79443359375	501.44586181640625	0.0	0.0	422.26324462890625	54.37627029418945	75.41902160644531	357.03216552734375	1001.6940307617188	1000.58642578125	443.8388977050781	158.2528076171875	163.80050659179688	22.405624389648438	0.0	0.0	426.4793395996094	369.4290466308594	323.6861572265625	0.0	62.365257263183594	157.8717803955078	6.973133087158203	487.2574462890625	474.0267028808594	21.17504119873047	0.0	0.0	1010.9676513671875	830.6722412109375	0.0	0.0	1158.53515625	607.5062255859375	0.0	225.92578125	238.62269592285156	0.0	284.6238098144531	117.70640563964844	166.54312133789062	0.0	493.1076354980469	155.54457092285156	4.820706844329834	0.0	74.82647705078125	168.4735107421875	304.6468811035156	373.6697082519531	274.8583984375	125.82866668701172	16.297033309936523	172.3975372314453	413.2247619628906	3.055392265319824	189.20797729492188	234.630615234375	132.47998046875
906.3139038085938	986.8148803710938	987.1759643554688	702.8231201171875	0.0	0.0	0.0	0.0	1050.1236572265625	1165.48828125	856.6614379882812	387.59039306640625	0.0	25.970186233520508	0.0	44.402732849121094	80.8716049194336	107.71918487548828	0.0	138.98587036132812	220.37632751464844	0.0	0.0	50.23079299926758	0.0	0.0	395.1334228515625	517.1068725585938	42.144535064697266	22.537555694580078	398.16033935546875	336.7638244628906	464.677490234375	596.00048828125	472.3487854003906	309.80224609375	169.89613342285156	180.43824768066406	0.0	5.122492790222168	766.832763671875	793.139404296875	366.5830993652344	204.75021362304688	193.89224243164062	189.8916015625	73.7026596069336	185.03916931152344	199.66397094726562	0.0	96.94854736328125	515.0146484375	0.0	0.0	422.43475341796875	1004.9827270507812	231.59547424316406	0.0	0.0	238.05079650878906	0.0	370.6916809082031	379.2874450683594	0.0	0.0	0.0	0.0	0.0	0.0	0.0	0.0	300.83026123046875	0.0	0.0	79.82781219482422	0.0	0.0	62.60208511352539	315.5740051269531	0.0	168.64500427246094	167.1004180908203	105.23030853271484	16.112825393676758	72.92452239990234	275.9588928222656	227.7051544189453	0.0	327.60369873046875	343.2347717285156	152.6531524658203	0.0	229.52444458007812	209.0322723388672	0.0	0.0	0.0	0.0	0.0	14.786120414733887	0.0	0.0	0.0	71.41071319580078	62.533416748046875	188.3663330078125	90.85728454589844	220.99856567382812	0.0	34.42045211791992	109.79900360107422	249.81515502929688	19.007722854614258	55.961246490478516	84.11583709716797	0.0	0.0	114.87843322753906	153.11489868164062	114.50328826904297	55.26205825805664	5.217313289642334	0.0	28.3382625579834	85.46890258789062	86.34146118164062	5.003028392791748	68.53485870361328	227.50404357910156	17.460025787353516	0.0	0.0	0.0	0.0	0.0	235.61231994628906	0.0	0.0	0.0	166.52371215820312	0.0	0.0	0.0	0.0	93.29155731201172	86.8178482055664	111.52190399169922	0.0	411.3539733886719	524.4939575195312	617.7777099609375	367.13006591796875	357.7046203613281	0.0	0.0	245.79397583007812	427.6844787597656	304.084716796875	15.55673885345459	195.37811279296875	588.0608520507812	0.0	0.0	280.5067138671875	392.3094177246094	0.0	431.0784912109375	725.427734375	0.0	0.0	822.4688720703125	308.8224182128906	82.80107879638672	483.1930847167969	1084.40185546875	105.63094329833984	0.0	0.0	26.92399787902832	0.0	0.0	0.0	0.0	0.0	0.0	0.0	0.0	0.0	0.0	0.0	0.0	0.0	1200.8095703125	1380.799560546875	881.34375	317.2518005371094	558.0571899414062	326.5290832519531	0.0	0.0	812.3754272460938	448.1628723144531	589.1589965820312	852.9622192382812	252.4178466796875	26.563085556030273	120.47705841064453	351.4837951660156	312.7576599121094	212.57630920410156	210.10479736328125	134.08645629882812	166.29116821289062	59.16613006591797	15.649252891540527	18.420001983642578	565.9067993164062	568.6514282226562	288.4889831542969	163.4798126220703	22.973302841186523	0.0	0.0	0.0	52.0323371887207	35.23476028442383	0.0	205.7091522216797	728.4979858398438	0.0	0.0	277.19122314453125	467.3753662109375	0.0	0.0	520.5621337890625	396.88812255859375	167.77252197265625	798.7078247070312	453.4933166503906	430.39208984375	581.6973266601562	622.4155883789062	428.8685607910156	0.0	0.0	47.74845886230469	29.390703201293945	187.83932495117188	210.75035095214844	206.6623077392578	287.8824768066406	0.0	0.0	1.5181655883789062	0.0
0.16751636564731598	0.0	0.0	0.0	0.0	61.398067474365234	93.83233642578125	0.0	0.0	134.57760620117188	0.0	0.0	361.01544189453125	113.18522644042969	0.0	5.3225016593933105	0.1430559903383255	0.0	172.39276123046875	408.3185119628906	0.0	43.10627746582031	528.9275512695312	576.8878173828125	18.419979095458984	211.77743530273438	613.6259155273438	53.60110855102539	172.7849884033203	539.8517456054688	507.831298828125	118.61782836914062	5.731650352478027	0.0	0.0	0.0	3.667832374572754	0.0	0.0	8.699920654296875	0.0	0.0	0.0	37.42483901977539	92.07296752929688	0.0	37.416664123535156	35.59870910644531	6.404549598693848	0.0	561.3643798828125	809.8134765625	9.014161109924316	110.93053436279297	285.8367004394531	123.40941619873047	21.20423698425293	256.7779846191406	249.917724609375	0.0	97.22901916503906	139.36460876464844	1.8164016008377075	0.0	0.0	0.0	1124.103759765625	652.36865234375	0.0	56.161956787109375	1172.199951171875	0.0	0.0	1048.802001953125	994.094970703125	0.0	402.0777282714844	810.4707641601562	0.0	0.0	0.0	19.200241088867188	0.0	0.0	0.0	112.62372589111328	0.0	0.0	110.71293640136719	56.705055236816406	0.0	0.0	108.75566864013672	0.0	0.0	0.0	0.0	0.0	0.0	42.181060791015625	0.0	0.0	0.0	245.96212768554688	0.0	0.0	209.2312469482422	247.40480041503906	0.0	86.9986801147461	280.80499267578125	150.22634887695312	23.412572860717773	55.81096649169922	51.69358444213867	11.170123100280762	63.99564743041992	60.803157806396484	0.0	0.0	63.65144729614258	0.0	0.0	10.684944152832031	44.47111511230469	0.0	3.488914966583252	23.545969009399414	0.0	0.0	189.88064575195312	353.6896667480469	0.0	8.758776664733887	287.8957214355469	198.78125	86.9593505859375	127.02207946777344	252.13092041015625	0.0	102.58592987060547	125.58940887451172	0.0	0.0	1.0238511562347412	0.0	186.48190307617188	86.35752868652344	0.0	0.0	0.0	0.0	0.0	0.0	0.0	0.0	0.0	0.0	0.0	0.0	0.33475443720817566	0.0	913.5520629882812	883.693603515625	0.0	204.6937713623047	1150.864990234375	453.940185546875	0.0	1204.64453125	1180.1781005859375	0.0	621.6326293945312	1050.650146484375	0.0	0.0	0.0	79.36732482910156	57.410831451416016	0.0	20.631134033203125	69.14405822753906	0.0	0.0	51.22929382324219	0.0	0.0	43.880592346191406	75.3142318725586	0.0	0.0	59.10900115966797	0.0	0.0	0.0	320.4752502441406	0.0	0.0	0.0	327.83740234375	0.0	0.0	297.47491455078125	312.6205139160156	417.29736328125	425.26611328125	387.8297424316406	0.0	0.45993414521217346	0.0	13.990999221801758	27.126827239990234	0.9345523715019226	0.0	0.0	0.0	0.0	0.0	0.0	0.0	0.0	0.0	0.0	14.386611938476562	10.688287734985352	0.0	0.0	698.82666015625	8.389693260192871	0.0	294.1751403808594	720.15625	0.0	0.0	677.9108276367188	505.0576477050781	0.0	663.0204467773438	700.26220703125	0.0	7.0318098068237305	135.218017578125	173.7931671142578	0.0	50.495887756347656	181.1616668701172	155.34962463378906	3.7918026447296143	166.95599365234375	192.72718811035156	0.0	26.130537033081055	236.19224548339844	79.91426849365234	59.598487854003906	0.0
226.64976501464844	576.4939575195312	200.813720703125	277.1535339355469	0.0	45.061439514160156	223.72547912597656	0.0	0.0	6.028538703918457	122.86964416503906	0.0	0.0	0.0	0.0	0.0	56.00969314575195	145.49224853515625	109.68956756591797	39.43951416015625	103.7103042602539	341.0585632324219	225.14337158203125	234.659912109375	193.5018768310547	177.85226440429688	550.3494262695312	181.28738403320312	164.98695373535156	154.49832153320312	302.99713134765625	132.19216918945312	56.84279251098633	115.15570831298828	243.52413940429688	0.0	0.0	165.81527709960938	0.0	0.0	0.0	139.8988037109375	0.0	5.423748970031738	61.53306198120117	0.0	0.0	17.643310546875	105.6023941040039	251.2892608642578	862.02685546875	134.44679260253906	158.84060668945312	331.4384460449219	1141.27734375	398.0877990722656	0.0	409.9413757324219	310.3170471191406	29.03072738647461	0.0	371.40228271484375	465.5312194824219	0.0	37.30085372924805	103.79669952392578	0.0	0.0	624.7849731445312	157.017578125	0.0	0.0	321.84326171875	44.20216369628906	611.3064575195312	0.0	0.0	522.8388671875	175.195556640625	0.0	102.28945922851562	0.0	0.0	0.0	0.0	0.0	0.0	0.0	0.0	0.0	0.0	0.0	77.5850601196289	0.0	0.0	0.0	0.0	0.0	234.4140167236328	24.26081657409668	0.0	0.0	177.61428833007812	184.0865936279297	0.0	0.0	111.17326354980469	255.77151489257812	0.0	200.97006225585938	274.9383239746094	199.6437530517578	65.04142761230469	197.82652282714844	33.36849594116211	0.0	28.55809783935547	145.2559814453125	136.33091735839844	0.0	67.07743072509766	66.79365539550781	0.0	0.0	0.0	30.37601661682129	38.94649887084961	0.0	0.0	0.0	0.0	0.0	0.0	99.43767547607422	151.57814025878906	0.0	0.0	32.48588180541992	104.36902618408203	0.0	0.0	0.0	160.5714569091797	0.0	57.446311950683594	186.5266876220703	327.2343444824219	0.0	0.0	0.0	468.04095458984375	0.0	0.0	493.1697692871094	0.0	0.0	0.0	235.2401885986328	88.84139251708984	0.0	235.8419189453125	655.9164428710938	235.7543182373047	438.0563049316406	333.9529724121094	366.3181457519531	630.9301147460938	649.7008666992188	140.56764221191406	318.68316650390625	701.1942138671875	0.0	1.5108040571212769	352.873291015625	564.1104736328125	0.0	53.287845611572266	0.0	0.0	0.0	64.19551086425781	0.0	0.0	0.0	0.0	0.0	0.0	0.0	18.356117248535156	0.0	0.0	64.3930435180664	2.789574384689331	159.3936004638672	37.24544143676758	108.68268585205078	0.0	39.38249969482422	0.0	66.82952117919922	0.0	323.5810241699219	268.9357604980469	298.6850891113281	0.0	0.0	249.87051391601562	122.45874786376953	118.41474914550781	170.0303497314453	92.67344665527344	124.72272491455078	0.0	0.0	0.0	0.0	0.0	9.13833236694336	0.0	0.0	0.0	0.0	24.43344497680664	2.959184169769287	0.0	57.45330810546875	34.22414779663086	288.13336181640625	29.44137954711914	658.0011596679688	0.0	483.7214660644531	48.67609405517578	305.5060729980469	594.5590209960938	563.4962158203125	123.6913833618164	60.73503875732422	687.381591796875	117.01136779785156	75.008056640625	70.41179656982422	251.38343811035156	154.3916778564453	108.55133056640625	302.9562072753906	0.0	38.51645278930664	116.87956237792969	314.9067077636719	75.72596740722656	0.28012174367904663	61.635894775390625	43.89314651489258	44.6263542175293	4.201136589050293
0.0	0.0	43.11918640136719	0.0	0.0	70.703857421875	71.6152114868164	0.0	116.93260955810547	75.13671875	0.0	0.0	90.2153549194336	55.423763275146484	0.0	2.9046192169189453	0.0	24.030099868774414	285.9476318359375	517.7953491210938	0.0	57.48561477661133	591.1553955078125	502.134765625	99.56629180908203	440.2341613769531	554.1421508789062	50.63533020019531	232.25013732910156	519.6453247070312	222.10423278808594	135.46728515625	11.998198509216309	0.0	0.0	0.0	0.0	0.0	0.0	28.599079132080078	0.0	0.0	16.48416519165039	44.500431060791016	20.92193031311035	7.638239860534668	62.45711898803711	22.735864639282227	9.346019744873047	0.0	617.5471801757812	748.3363647460938	1.7852319478988647	250.94610595703125	244.4126739501953	13.171902656555176	0.0	301.3695983886719	186.94497680664062	0.0	133.9984893798828	276.6212463378906	43.14408493041992	0.0	0.0	0.0	1214.098876953125	405.6568298339844	0.0	523.9571533203125	1009.49951171875	0.0	0.0	1020.3245849609375	446.452392578125	0.0	694.3333740234375	851.3859252929688	0.0	0.0	0.0	15.666501998901367	0.0	0.0	0.0	78.24047088623047	0.0	0.0	39.81980895996094	0.0	0.0	0.0	6.523868560791016	0.0	0.0	0.0	1.0728158950805664	0.0	0.0	141.62075805664062	0.0	0.0	0.0	263.0456237792969	0.0	0.0	284.9172668457031	269.68206787109375	0.0	129.5304412841797	309.56884765625	208.70423889160156	28.992685317993164	73.0310287475586	7.2002272605896	31.229042053222656	73.04963684082031	24.376943588256836	0.0	0.0	61.91334533691406	0.0	0.0	8.555315017700195	0.0	11.453845977783203	33.75029754638672	0.0	0.0	0.0	317.92291259765625	237.77890014648438	0.0	47.34093475341797	236.4881591796875	0.0	0.0	158.60877990722656	187.7885284423828	0.0	0.0	17.05963706970215	0.0	0.0	0.0	0.0	90.6268310546875	42.75526809692383	0.0	0.0	0.0	0.0	0.0	0.0	0.0	0.0	225.44493103027344	47.20224380493164	0.0	3.792377233505249	0.0	0.0	1165.772216796875	974.5278930664062	0.0	764.6759643554688	1253.331298828125	159.66659545898438	128.84239196777344	1170.783447265625	968.5877685546875	0.0	451.7696838378906	876.0719604492188	0.0	0.0	0.0	55.24667739868164	0.0	0.0	46.861324310302734	49.644432067871094	0.0	0.0	112.58545684814453	0.0	0.0	56.689109802246094	141.84332275390625	0.0	0.0	59.98193359375	0.0	0.0	0.0	316.16693115234375	0.0	0.0	244.87393188476562	335.7166442871094	0.0	0.0	293.2777404785156	230.84054565429688	395.8106994628906	609.5572509765625	391.8332824707031	0.0	0.0	0.0	23.44500160217285	33.97090530395508	0.0	9.8430814743042	0.0	0.0	0.0	0.0	0.0	0.0	0.0	0.0	0.0	14.409496307373047	6.543492317199707	0.0	0.0	636.4151611328125	0.0	0.0	550.4352416992188	771.5152587890625	0.0	248.2027130126953	770.23583984375	337.7494201660156	0.0	815.3875122070312	747.3634033203125	0.0	33.34889602661133	195.86767578125	161.08682250976562	0.0	86.3239974975586	240.48861694335938	69.80750274658203	16.340105056762695	225.30628967285156	159.73997497558594	0.0	0.8094090223312378	194.42552185058594	123.81791687011719	75.57329559326172	0.0
0.0	0.0	205.8561248779297	0.0	186.22535705566406	294.50628662109375	0.0	0.0	0.0	0.0	0.0	193.5167236328125	76.85730743408203	217.0987548828125	438.1868591308594	24.590869903564453	121.69776153564453	368.83935546875	263.4561767578125	158.2734832763672	124.68634033203125	265.2161560058594	333.3076477050781	281.2932434082031	121.23539733886719	480.1552734375	173.37046813964844	149.8873748779297	206.27593994140625	320.5975341796875	307.2108154296875	132.97232055664062	0.0	0.0	0.0	34.336517333984375	17.753131866455078	0.0	0.0	0.0	0.0	61.87761306762695	268.08123779296875	0.0	88.47386169433594	429.13421630859375	178.59524536132812	83.953369140625	0.0	602.7953491210938	1031.142578125	345.28204345703125	0.0	534.96630859375	253.3879852294922	0.0	0.0	31.8710880279541	871.51220703125	0.0	8.834833145141602	291.1405944824219	1040.4798583984375	332.883056640625	0.0	454.5366516113281	0.0	0.0	0.0	580.3380737304688	0.0	0.0	574.879638671875	668.1719360351562	0.0	0.0	445.4690856933594	0.0	0.0	0.0	0.0	0.0	0.0	0.0	124.35279846191406	7.631662845611572	0.0	0.0	0.0	0.0	0.0	0.0	19.958044052124023	106.90096282958984	0.0	0.0	0.0	0.0	0.6979362964630127	150.25897216796875	0.0	0.0	301.2041931152344	384.1000671386719	0.0	16.97930908203125	429.1983337402344	167.50057983398438	0.0	0.0	298.7785949707031	184.08285522460938	28.078487396240234	193.41371154785156	218.72889709472656	0.0	0.0	0.0	40.281150817871094	0.0	0.0	263.9000244140625	100.0741958618164	4.74973726272583	38.497344970703125	324.81024169921875	324.7966003417969	24.523683547973633	0.0	370.4925231933594	163.8311767578125	0.0	0.0	322.1199951171875	0.0	0.0	0.0	0.0	0.0	0.0	0.0	0.0	0.0	0.0	0.0	531.7264404296875	680.0150146484375	0.0	0.0	0.0	0.0	0.0	0.0	0.0	353.8612365722656	0.0	145.25364685058594	397.89984130859375	281.99798583984375	0.0	0.0	422.77099609375	801.6000366210938	539.79833984375	104.59148406982422	667.8040161132812	1012.9814453125	0.0	450.8941955566406	794.29150390625	36.18748474121094	255.70240783691406	179.48936462402344	0.0	154.24349975585938	483.7294921875	57.878326416015625	0.0	0.0	0.0	87.6048355102539	0.0	0.0	0.0	60.19710159301758	0.0	0.0	0.0	0.0	0.0	0.0	0.0	0.0	0.0	398.6932067871094	93.31973266601562	0.0	146.6499786376953	303.7084045410156	65.91812896728516	0.0	21.33780288696289	157.0616455078125	0.0	59.33673095703125	953.6368408203125	746.0620727539062	429.174072265625	0.0	7.273906707763672	230.14390563964844	0.0	0.0	70.79507446289062	0.0	0.0	0.6957303881645203	111.6341781616211	148.5609893798828	93.86897277832031	131.7864990234375	49.214107513427734	26.755525588989258	7.067562103271484	0.0	107.04818725585938	625.8016967773438	177.14561462402344	0.0	197.191650390625	676.1826171875	186.42645263671875	64.93932342529297	700.2774658203125	691.38525390625	209.76177978515625	36.250667572021484	763.07666015625	16.73894691467285	498.61700439453125	187.65232849121094	0.0	0.0	144.94300842285156	231.40997314453125	96.40373229980469	92.28579711914062	54.9478874206543	177.0226593017578	226.92239379882812	391.5723876953125	219.02037048339844	77.02769470214844	456.66876220703125	241.02764892578125	194.66104125976562
756.4174194335938	1001.2763671875	838.134765625	610.498779296875	666.9442749023438	516.5919189453125	148.9754180908203	3.83325457572937	100.08485412597656	480.0853271484375	302.140869140625	0.0	429.4361267089844	429.140869140625	0.0	0.0	38.01749801635742	0.0	165.5236053466797	189.8238983154297	171.27061462402344	201.71116638183594	295.8472595214844	335.3578796386719	75.85052490234375	0.0	466.3657531738281	608.273193359375	99.70610809326172	364.33245849609375	596.1148681640625	79.85852813720703	162.61898803710938	191.6260223388672	214.862548828125	260.65679931640625	324.92681884765625	186.08677673339844	211.82691955566406	0.0	320.38763427734375	250.8537139892578	61.54069519042969	86.38961029052734	112.10191345214844	0.0	119.82303619384766	111.88941955566406	172.66854858398438	233.06695556640625	63.69741439819336	938.9371337890625	57.32647705078125	0.0	306.99114990234375	945.6560668945312	0.0	82.23855590820312	156.9742889404297	0.0	99.88664245605469	54.166351318359375	0.0	9.13723373413086	0.0	0.0	0.0	19.743629455566406	112.61492156982422	0.0	0.0	294.5816345214844	81.09080505371094	0.0	59.34333038330078	0.0	0.0	519.1436157226562	64.49161529541016	0.0	144.20591735839844	222.94287109375	92.6649169921875	0.0	35.07583236694336	56.2537841796875	201.82823181152344	0.0	191.4339141845703	344.2281799316406	43.392120361328125	0.0	228.61119079589844	22.421857833862305	0.0	0.0	4.170689582824707	0.0	0.0	0.0	0.0	0.0	0.0	179.332275390625	69.249755859375	111.5491943359375	63.03656005859375	414.7846984863281	34.66693878173828	0.0	287.2829895019531	344.92230224609375	50.3917121887207	42.196720123291016	52.45042037963867	64.84852600097656	0.0	0.0	22.933561325073242	122.96802520751953	1.588986873626709	148.6268310546875	0.0	24.403249740600586	23.12531852722168	0.0	0.0	13.893787384033203	98.97190856933594	360.3347473144531	143.2916717529297	53.8655891418457	0.0	0.0	0.0	0.0	0.0	0.0	0.0	0.0	148.3177032470703	112.46284484863281	0.0	0.0	0.0	0.0	0.0	338.6490783691406	542.21044921875	347.8152770996094	0.0	76.99828338623047	27.052892684936523	139.787353515625	0.0	0.0	0.0	0.0	0.0	0.0	0.0	528.4248657226562	500.59759521484375	608.6300659179688	371.71258544921875	461.35491943359375	563.4850463867188	1157.344482421875	55.85021209716797	277.86376953125	1038.2093505859375	538.62255859375	374.1742858886719	1074.0540771484375	808.9907836914062	0.0	20.790117263793945	0.0	0.0	0.0	45.45148468017578	0.0	0.0	0.0	0.0	0.0	0.0	0.0	33.6214599609375	0.0	0.0	7.101014137268066	126.02848815917969	431.63153076171875	178.529052734375	208.5287628173828	985.8801879882812	947.9943237304688	84.7645492553711	161.67080688476562	0.0	0.0	0.0	258.6144104003906	0.0	35.696807861328125	303.6683654785156	244.1286163330078	126.95404815673828	321.89410400390625	176.7913818359375	155.13052368164062	95.65775299072266	57.60030746459961	0.0	0.0	0.0	21.84290313720703	36.74308776855469	0.0	428.2169494628906	284.17095947265625	0.0	0.0	0.0	0.0	0.0	0.0	0.0	293.2294616699219	275.05645751953125	250.29067993164062	252.33668518066406	301.166748046875	0.0	499.0506286621094	0.0	94.0378189086914	573.8094482421875	481.76763916015625	291.8042907714844	297.09423828125	275.84576416015625	218.1191864013672	188.7810821533203	222.86874389648438	100.41162872314453	0.0	0.0	0.08145428448915482	0.0	6.8130292892456055	174.9507598876953	54.46717834472656	0.0	0.0
602.9069213867188	382.6358642578125	181.9700927734375	426.11676025390625	206.03076171875	494.052734375	447.9273681640625	385.868408203125	647.0003662109375	597.1245727539062	473.0458679199219	285.22900390625	0.0	40.18341064453125	0.0	124.75801086425781	245.30226135253906	156.13829040527344	5.458027362823486	0.8639656901359558	0.0	0.0	358.62432861328125	341.28125	108.89730072021484	452.37567138671875	608.493408203125	212.94224548339844	318.9162292480469	476.6002502441406	125.39515686035156	53.204505920410156	240.69224548339844	248.62725830078125	480.0816345214844	140.59410095214844	285.0789794921875	274.6024169921875	0.0	449.8486633300781	139.58538818359375	38.80492401123047	0.0	458.1368103027344	20.322765350341797	110.12098693847656	373.4857177734375	440.9819641113281	277.8600769042969	52.26153564453125	1228.4278564453125	317.3868103027344	0.0	113.91939544677734	1347.3079833984375	800.0874633789062	145.65953063964844	49.69251251220703	0.0	313.3079528808594	35.80439758300781	87.81524658203125	0.0	0.0	346.7146301269531	0.0	0.0	0.0	196.87869262695312	0.0	0.0	0.0	0.0	0.0	21.81497573852539	0.0	311.9515380859375	0.0	0.0	0.0	0.0	0.0	0.0	0.0	215.53782653808594	280.6908264160156	0.0	0.0	170.22650146484375	0.0	0.0	0.0	0.0	0.0	37.17061996459961	59.32986068725586	0.0	0.0	109.74356079101562	0.0	289.27337646484375	91.3773422241211	176.15408325195312	86.63619232177734	123.52761840820312	0.0	0.0	93.38272857666016	0.0	0.0	447.0314025878906	422.2710266113281	0.0	288.87066650390625	171.0033416748047	0.0	42.80437469482422	199.60177612304688	318.4924011230469	37.80435562133789	6.34345006942749	0.0	0.0	110.05133819580078	0.0	0.0	19.44689178466797	132.96131896972656	0.0	0.0	0.0	0.5100811123847961	0.0	78.45137023925781	186.72164916992188	136.09671020507812	0.0	24.34499168395996	107.64850616455078	0.0	0.0	0.0	0.0	0.0	476.6321105957031	486.1456298828125	1109.336181640625	0.0	211.77938842773438	0.0	708.244140625	71.2538070678711	0.0	0.0	0.0	875.3858642578125	371.1989440917969	627.200927734375	0.0	0.0	646.8892822265625	380.2265319824219	279.2265319824219	664.6784057617188	0.0	0.0	552.5813598632812	620.8572998046875	333.25042724609375	628.1491088867188	814.3753662109375	233.3123779296875	323.3722839355469	384.14459228515625	306.2733154296875	0.0	0.0	0.0	0.0	0.0	0.0	0.0	0.0	0.0	105.08248901367188	0.0	0.0	0.0	74.97676849365234	0.0	0.0	0.0	1107.234619140625	1059.431884765625	342.5074462890625	90.59297943115234	0.0	0.0	0.0	429.7569580078125	160.20968627929688	617.1862182617188	765.837158203125	1178.757568359375	551.3972778320312	1040.6932373046875	527.0654907226562	0.0	228.51853942871094	223.31765747070312	105.38279724121094	93.13029479980469	124.23809051513672	158.26527404785156	41.856319427490234	0.0	407.023681640625	471.0319519042969	92.58287048339844	104.9233627319336	0.0	0.0	77.93985748291016	64.50140380859375	411.5753479003906	516.5640258789062	80.45720672607422	186.26400756835938	510.9862365722656	537.9588012695312	0.0	524.7667236328125	0.0	367.73529052734375	429.79620361328125	399.94964599609375	133.00474548339844	764.7491455078125	635.4361572265625	580.168212890625	172.76846313476562	13.093771934509277	452.2187194824219	299.14605712890625	0.0	161.9105682373047	0.0	468.1869812011719	93.76911163330078	178.30589294433594	50.31890869140625	77.72265625	51.10526657104492	205.23504638671875	0.0	0.0
0.0	371.4226989746094	402.9610595703125	0.0	484.55841064453125	376.8633117675781	0.0	0.0	504.0429992675781	0.0	143.06333923339844	0.0	359.83685302734375	773.2457885742188	261.56146240234375	0.0	0.0	58.75270462036133	179.66542053222656	258.0195617675781	7.935855388641357	96.00517272949219	572.6707763671875	331.79107666015625	118.68970489501953	369.4730224609375	304.68658447265625	603.9993896484375	332.348388671875	451.2891845703125	635.857421875	696.561767578125	52.73952865600586	83.66327667236328	0.0	90.56060028076172	0.0	28.989477157592773	0.0	0.0	197.1442108154297	0.0	0.0	0.0	453.73675537109375	435.76068115234375	86.33177185058594	89.243896484375	0.0	0.0	304.28887939453125	1138.2760009765625	101.68936920166016	228.66293334960938	0.0	874.5743408203125	227.25657653808594	0.0	293.17193603515625	309.74176025390625	694.7880859375	150.6468505859375	0.0	68.46332550048828	0.0	0.0	0.0	51.53443908691406	0.0	567.4147338867188	29.646465301513672	327.0164794921875	384.9469299316406	363.8908386230469	117.03985595703125	585.8439331054688	287.2518005371094	0.0	72.34597778320312	0.0	0.0	236.36691284179688	116.82329559326172	0.0	138.60020446777344	213.95802307128906	0.0	0.0	0.0	44.828697204589844	0.0	0.0	0.0	0.0	0.0	0.0	0.0	0.0	0.0	237.1184539794922	0.0	0.0	0.0	371.3725280761719	0.0	0.0	0.0	279.7064514160156	0.0	0.0	230.01853942871094	271.40167236328125	20.761322021484375	22.365779876708984	222.82530212402344	174.485595703125	86.84174346923828	4.083559513092041	0.0	58.543548583984375	5.874339580535889	0.0	0.0	0.0	61.026947021484375	79.16304016113281	0.0	0.0	0.0	62.633426666259766	26.459667205810547	0.0	278.3646545410156	161.44664001464844	0.0	185.5123748779297	0.0	124.89624786376953	0.0	148.35496520996094	0.0	38.09811019897461	0.0	0.0	0.0	0.0	447.1940002441406	330.57879638671875	0.0	0.0	0.0	0.0	148.59121704101562	0.0	0.0	0.0	597.4173583984375	85.05287170410156	0.0	0.0	0.0	0.0	773.3682250976562	763.8162841796875	141.6573944091797	1018.9620971679688	655.7324829101562	719.2171020507812	810.7427368164062	926.0281982421875	1012.8539428710938	1051.0042724609375	401.0318908691406	189.4044647216797	580.5093994140625	0.0	0.0	0.0	0.0	0.0	0.0	0.0	0.0	0.0	0.0	0.0	0.0	0.0	0.0	0.0	0.0	0.0	0.0	0.0	0.0	0.0	0.0	0.0	52.782989501953125	6.431098461151123	196.9264678955078	0.0	0.0	207.77198791503906	1203.7491455078125	1433.2237548828125	233.8300018310547	324.3399963378906	0.0	0.0	0.0	88.61611938476562	149.838623046875	260.5726623535156	0.0	0.0	132.3755340576172	0.0	0.0	0.0	102.26763153076172	87.66645050048828	0.0	0.0	8.635666847229004	0.0	0.0	46.751312255859375	0.0	0.0	360.427978515625	237.4742431640625	30.417936325073242	397.9371643066406	401.19732666015625	589.73095703125	412.0556335449219	870.0553588867188	210.8287353515625	454.16961669921875	46.80925750732422	116.59423065185547	0.0	13.144198417663574	203.86557006835938	226.17784118652344	124.57508087158203	0.0	316.9855651855469	19.656723022460938	274.4182434082031	16.576204299926758	217.08326721191406	326.1661071777344	176.45904541015625	40.3394660949707
0.0	153.8790283203125	879.8386840820312	694.3360595703125	0.0	265.67138671875	471.0032653808594	0.0	113.9105453491211	359.12579345703125	838.8128051757812	1053.3038330078125	46.875247955322266	120.37074279785156	481.4979248046875	319.8745422363281	422.7621154785156	323.7202453613281	41.812644958496094	89.05792999267578	357.9537048339844	101.66499328613281	378.7352294921875	126.67621612548828	320.8260192871094	441.9595947265625	373.07080078125	291.30743408203125	227.7193603515625	342.7358093261719	15.560433387756348	468.8165588378906	0.0	102.4326400756836	272.0916442871094	497.39935302734375	101.61243438720703	0.0	12.6715726852417	323.96746826171875	280.9994812011719	501.5980529785156	682.5910034179688	394.9552001953125	0.0	353.1147155761719	640.177490234375	378.1083984375	404.84136962890625	213.6744842529297	349.3457946777344	196.61361694335938	730.2694702148438	113.08561706542969	0.0	726.34716796875	915.54638671875	273.4793701171875	450.6136474609375	170.15061950683594	0.0	131.3445587158203	461.0011291503906	0.0	1134.699462890625	0.0	0.0	0.0	922.80029296875	272.4789733886719	138.64776611328125	0.0	0.0	477.5456237792969	0.0	0.0	0.0	0.0	0.0	0.0	0.0	0.0	68.13298034667969	35.80987548828125	0.0	0.0	0.0	0.0	0.0	0.0	120.6004867553711	135.60081481933594	90.75296783447266	0.0	0.0	0.0	0.0	138.17100524902344	0.0	0.0	41.636512756347656	104.44349670410156	0.0	90.61369323730469	0.0	0.0	0.0	128.63572692871094	0.0	0.0	0.0	0.0	19.549680709838867	28.281625747680664	30.39769172668457	38.6635627746582	111.83125305175781	0.0	19.19632911682129	216.71969604492188	100.0844497680664	30.70509147644043	0.0	206.92623901367188	0.0	44.30875778198242	14.512596130371094	0.0	128.1592254638672	0.0	227.91998291015625	336.037353515625	218.0041961669922	0.0	0.0	0.0	121.8907470703125	0.0	0.0	0.0	0.0	0.0	0.0	0.0	0.0	0.0	0.0	0.0	0.0	0.0	169.46304321289062	1107.1446533203125	703.3194580078125	0.0	0.0	204.26649475097656	1019.3905029296875	828.396484375	1160.302734375	246.2610626220703	1006.7584228515625	191.369384765625	368.052001953125	152.8021697998047	770.4380493164062	638.7175903320312	1041.1558837890625	0.0	0.0	340.8171081542969	185.49069213867188	552.4689331054688	22.240503311157227	218.29493713378906	144.4337158203125	190.54415893554688	0.0	0.0	0.0	0.0	0.0	0.0	0.0	0.0	0.0	0.0	0.0	0.0	0.0	0.0	0.0	0.0	0.0	0.0	368.79364013671875	316.6934509277344	0.0	26.29261016845703	711.7261352539062	693.0310668945312	1046.2315673828125	727.1485595703125	675.17236328125	155.21249389648438	572.1715698242188	1182.8079833984375	1579.0479736328125	741.7001342773438	0.0	0.0	211.7401580810547	56.85409164428711	81.86946105957031	142.1481170654297	179.27978515625	87.06101989746094	47.35256576538086	0.0	97.64772033691406	0.0	0.0	234.29750061035156	338.33160400390625	50.166259765625	525.1311645507812	615.2572021484375	0.0	45.12975311279297	986.2272338867188	307.281982421875	570.8367309570312	16.05031967163086	907.1210327148438	229.6851043701172	849.5701904296875	45.71443557739258	314.68072509765625	252.8083038330078	298.19500732421875	193.216552734375	39.0691032409668	93.1356201171875	347.385498046875	499.6575927734375	427.7031555175781	150.94305419921875	35.443546295166016	138.81324768066406	731.6419067382812	474.9483947753906	377.8125915527344	168.09243774414062	0.0	47.6112174987793	338.5841064453125	309.58245849609375
612.46337890625	301.3479919433594	93.00543212890625	32.578369140625	0.0	0.0	55.382781982421875	0.0	698.4963989257812	575.9476928710938	0.0	0.0	747.1550903320312	492.22454833984375	695.3717041015625	755.9312744140625	161.78298950195312	278.4001770019531	406.06280517578125	372.3742370605469	158.92527770996094	142.68495178222656	289.6177673339844	691.923583984375	0.0	91.72883605957031	502.9491271972656	329.8795166015625	386.3852233886719	259.716796875	628.5293579101562	133.32000732421875	104.4505615234375	139.22216796875	166.80055236816406	0.0	92.87902069091797	83.2568588256836	39.013301849365234	0.0	243.9872283935547	125.90087127685547	0.0	47.521175384521484	279.18115234375	354.89178466796875	608.5994262695312	555.21923828125	151.26821899414062	47.28231430053711	258.4709167480469	1057.40576171875	0.0	72.10379791259766	307.7503967285156	47.084163665771484	246.33949279785156	0.0	0.0	0.0	332.521240234375	174.29287719726562	338.222412109375	6.6131463050842285	480.5481262207031	304.2135314941406	0.0	433.90643310546875	419.6877746582031	0.0	882.0742797851562	370.01025390625	0.0	139.3834686279297	692.5646362304688	0.0	0.0	101.94730377197266	0.0	0.0	119.72058868408203	0.0	66.71530151367188	0.0	0.0	0.0	34.694149017333984	0.0	170.88877868652344	53.10389709472656	0.0	0.0	0.0	0.0	0.0	18.328041076660156	0.0	0.0	0.0	212.8384552001953	0.0	47.789981842041016	0.0	271.302490234375	49.456932067871094	34.835811614990234	103.74771118164062	263.83056640625	0.0	0.0	7.963326454162598	0.7787494659423828	30.299245834350586	7.224137783050537	127.12628173828125	111.14337921142578	43.04844284057617	124.9757080078125	0.0	0.0	34.14404296875	69.59184265136719	0.0	9.928445816040039	37.511375427246094	35.4372444152832	67.62834930419922	119.94020080566406	6.610733985900879	0.0	0.0	157.50482177734375	0.0	0.0	129.0275115966797	295.9781799316406	260.43707275390625	357.35955810546875	135.36610412597656	0.0	0.0	0.0	0.0	0.0	214.7305908203125	17.645145416259766	0.0	286.8819274902344	186.87442016601562	129.0426483154297	11.548830032348633	0.0	0.0	0.0	0.0	0.0	487.2944641113281	490.3502502441406	341.6495056152344	0.0	512.2268676757812	864.683349609375	168.7884521484375	867.7947998046875	303.4150695800781	0.0	1103.11376953125	839.6712036132812	0.0	436.1954650878906	1072.270751953125	0.0	395.1615905761719	331.97332763671875	0.0	0.0	97.71315002441406	0.0	0.0	0.0	0.0	0.0	0.0	0.0	0.0	0.0	0.0	0.0	0.0	0.0	0.0	34.581207275390625	463.89453125	328.3795166015625	0.0	0.0	0.0	0.0	0.0	297.602294921875	0.0	0.0	0.0	111.19406127929688	1180.843505859375	1084.4952392578125	1392.435791015625	1163.491455078125	26.54585075378418	0.0	0.0	0.0	0.0	14.879043579101562	0.0	2.020017147064209	260.9533996582031	180.4648895263672	0.0	0.0	245.072021484375	64.06011199951172	90.17888641357422	101.72540283203125	0.0	584.4434204101562	490.5679626464844	281.45513916015625	145.99024963378906	386.7583923339844	0.0	555.5548095703125	0.0	0.0	497.58599853515625	594.7124633789062	428.72235107421875	144.8440704345703	796.2491455078125	213.37637329101562	220.18783569335938	150.10292053222656	53.44209671020508	0.0	5.442905426025391	161.02993774414062	176.95509338378906	13.915982246398926	184.65655517578125	314.43804931640625	44.24729537963867	170.83734130859375	289.2257385253906	322.50848388671875	545.6546020507812	432.9384460449219
249.91461181640625	455.67138671875	0.0	147.83436584472656	0.0	0.0	0.0	0.0	0.0	0.0	0.0	7.277853012084961	53.361854553222656	795.9486694335938	762.8806762695312	0.0	107.4156494140625	570.8589477539062	330.2167663574219	71.65716552734375	219.1141357421875	387.4969482421875	214.22732543945312	170.73382568359375	266.5831604003906	321.50909423828125	216.73426818847656	246.3089599609375	244.0923614501953	220.2465362548828	266.1067810058594	532.3989868164062	0.0	0.0	98.08282470703125	409.8721618652344	0.0	124.2624740600586	123.45903778076172	4.48465633392334	3.7125091552734375	0.0	0.0	0.0	154.11148071289062	420.34027099609375	107.18096160888672	0.0	181.98855590820312	25.727642059326172	579.5693969726562	1333.8541259765625	458.499755859375	286.4992980957031	0.0	886.9666748046875	736.3211059570312	161.0682830810547	195.93292236328125	449.51129150390625	853.0551147460938	593.0472412109375	267.8250427246094	302.6669616699219	281.6022644042969	532.1512451171875	0.0	0.0	1082.1474609375	452.7283630371094	0.0	193.34115600585938	897.5870361328125	0.0	515.2042846679688	726.5670776367188	785.0971069335938	0.0	763.4986572265625	465.8929748535156	0.7961270809173584	0.0	0.0	0.0	0.0	0.0	0.0	0.0	0.0	0.0	0.0	0.0	0.0	0.0	95.44033813476562	0.0	0.0	0.0	222.24078369140625	267.179931640625	0.0	125.24707794189453	282.2155456542969	529.314208984375	207.70822143554688	139.15573120117188	0.0	98.03199005126953	234.72964477539062	9.74633502960205	0.0	217.9679718017578	67.37763214111328	0.0	244.9384002685547	107.88307189941406	0.0	0.0	202.228271484375	129.82357788085938	4.440079212188721	4.9879374504089355	0.0	9.467318534851074	38.52089309692383	52.45468521118164	0.0	0.0	0.0	2.4129526615142822	0.0	0.0	61.03799819946289	222.1011962890625	0.0	119.24793243408203	268.73785400390625	132.12416076660156	24.149272918701172	404.0143127441406	210.81683349609375	0.0	185.977783203125	338.7489929199219	0.0	27.779850006103516	654.64990234375	717.1135864257812	0.0	0.0	0.0	544.220703125	0.0	0.0	0.0	91.6058120727539	70.41104888916016	0.0	0.0	0.0	486.5458679199219	1070.2833251953125	269.93756103515625	482.76983642578125	714.7686157226562	693.2139282226562	0.0	347.6184387207031	489.1990051269531	284.52081298828125	154.52687072753906	585.9883422851562	227.4628448486328	43.93817138671875	677.4996337890625	700.4348754882812	110.00971984863281	0.0	0.0	0.0	51.13169479370117	0.0	0.0	0.0	0.0	0.0	48.47456359863281	0.0	0.0	0.0	0.0	0.0	0.0	283.1308898925781	233.96981811523438	229.69630432128906	0.0	142.6137237548828	0.0	65.92658233642578	0.0	188.6092529296875	0.0	69.94953155517578	377.80224609375	968.1795043945312	423.37066650390625	341.748779296875	130.75694274902344	175.14059448242188	82.4293212890625	67.86282348632812	0.0	163.96633911132812	0.0	44.34380340576172	7.960869789123535	140.09066772460938	0.0	31.72413444519043	0.0	40.674652099609375	0.0	0.0	0.0	677.4395141601562	480.260009765625	322.33172607421875	0.0	974.7858276367188	380.8763122558594	380.264404296875	48.30530548095703	883.7301025390625	0.0	462.22467041015625	37.54063034057617	789.835205078125	0.0	500.639892578125	119.9505844116211	49.29863357543945	0.0	315.7785949707031	112.89198303222656	0.0	99.84209442138672	62.15163040161133	24.360801696777344	123.3934097290039	241.95974731445312	0.0	105.89205169677734	587.7160034179688	418.794677734375	30.220714569091797
165.48434448242188	609.1229248046875	377.05401611328125	207.52772521972656	409.9726257324219	151.89334106445312	391.4051818847656	307.2345886230469	236.77005004882812	187.51565551757812	0.0	0.0	0.0	0.0	0.0	118.21309661865234	0.0	190.3161163330078	216.4845428466797	83.25747680664062	160.3011016845703	287.7875061035156	301.68255615234375	409.2019348144531	291.3276672363281	416.2969055175781	313.2624816894531	432.6112365722656	163.77085876464844	19.613744735717773	111.11184692382812	69.45587158203125	0.0	103.06190490722656	148.99862670898438	172.15415954589844	16.03666114807129	5.577544212341309	124.59308624267578	247.8938446044922	88.39424133300781	0.0	0.0	172.6082305908203	178.83724975585938	250.9700927734375	216.9995880126953	176.32168579101562	150.95632934570312	425.2982177734375	887.2077026367188	1095.4525146484375	0.0	396.9307861328125	530.2538452148438	877.2510375976562	350.72845458984375	183.54586791992188	171.91671752929688	0.0	164.94444274902344	355.1022644042969	426.895263671875	0.0	0.0	359.9285583496094	0.0	0.0	290.8698425292969	627.4860229492188	0.0	0.0	90.72503662109375	0.0	0.0	0.0	0.0	0.0	0.0	0.0	21.44632339477539	0.0	0.0	0.0	16.304357528686523	0.0	0.0	0.0	0.0	0.0	0.0	0.0	0.0	0.0	0.0	0.0	0.0	0.0	0.0	0.0	0.0	0.0	0.0	61.170650482177734	0.0	0.0	0.0	281.3305969238281	0.0	165.44834899902344	392.2233581542969	462.17254638671875	108.28817749023438	40.18478775024414	169.1974639892578	50.730499267578125	3.3393311500549316	0.0	228.73631286621094	127.83149719238281	0.0	29.351808547973633	0.0	1.1290565729141235	59.31312942504883	134.6490020751953	96.23236846923828	0.0	0.0	12.118659019470215	0.0	107.58592224121094	90.01946258544922	231.01968383789062	13.580870628356934	0.0	0.0	69.419677734375	0.0	0.0	0.0	0.0	0.0	0.0	146.67652893066406	225.09368896484375	251.76904296875	0.0	0.0	0.0	0.0	441.5939636230469	142.122314453125	0.0	0.0	0.0	558.1098022460938	484.5107116699219	0.0	0.0	41.327659606933594	790.2355346679688	600.3934936523438	262.8111267089844	367.0812683105469	471.2728576660156	732.8539428710938	560.507568359375	418.376220703125	372.1490783691406	755.3262329101562	267.1699523925781	0.0	168.7175750732422	337.5293273925781	0.0	58.53364181518555	0.0	0.0	0.0	0.0	0.0	0.0	0.0	0.0	0.0	0.0	0.0	0.0	0.0	0.0	34.1250114440918	0.0	344.5172424316406	310.2330627441406	144.76119995117188	0.0	153.4483184814453	580.3778076171875	757.7088012695312	510.24786376953125	412.5626525878906	290.789794921875	238.79405212402344	775.4131469726562	798.9246215820312	490.9734802246094	65.93677520751953	130.5503692626953	318.2645568847656	202.4395751953125	0.0	0.0	0.0	0.0	56.22022247314453	98.5079345703125	155.1790008544922	0.0	0.0	0.0	0.0	127.28865814208984	133.03521728515625	0.0	134.9806365966797	200.96205139160156	287.58831787109375	0.0	479.56683349609375	558.07568359375	203.70314025878906	521.28271484375	439.8567199707031	531.9564819335938	457.6922912597656	512.2662353515625	468.94189453125	546.8973388671875	217.05450439453125	144.8168182373047	101.83074188232422	134.56512451171875	307.6964111328125	489.8096618652344	27.89728546142578	32.497074127197266	183.66265869140625	317.10235595703125	204.12281799316406	0.0	0.0	133.58888244628906	263.46197509765625	173.91378784179688	0.0
0.0	0.0	0.0	9.441425323486328	0.0	0.0	0.0	0.0	0.0	0.0	0.0	0.0	0.0	27.910648345947266	0.0	46.117679595947266	105.80681610107422	262.498046875	186.37200927734375	63.3836784362793	69.60424041748047	201.051025390625	179.8878631591797	135.92080688476562	0.0	210.85595703125	179.94894409179688	112.56218719482422	35.75749588012695	314.3042297363281	322.8423767089844	131.92015075683594	0.0	0.0	0.0	21.125869750976562	0.0	0.0	0.0	18.115943908691406	0.0	0.0	0.0	0.0	0.0	0.0	69.32243347167969	26.97111701965332	0.0	1135.544189453125	741.4078369140625	0.0	0.0	826.8777465820312	906.4508056640625	0.0	0.0	666.9727172851562	1067.7630615234375	0.0	0.0	450.7557067871094	1055.664794921875	0.0	0.0	809.5235595703125	0.0	65.89456939697266	0.0	801.8660278320312	0.0	64.978759765625	0.0	938.5669555664062	0.0	26.059606552124023	0.0	942.2830200195312	0.0	0.0	28.788740158081055	0.0	0.0	0.0	53.79222869873047	0.0	0.0	0.0	72.7418441772461	0.0	0.0	0.0	98.61238861083984	0.0	0.0	0.0	0.0	232.88388061523438	44.9449577331543	64.68612670898438	0.0	316.7657165527344	128.85150146484375	114.5072021484375	0.0	266.70318603515625	205.228515625	145.95201110839844	0.0	70.06019592285156	176.77427673339844	172.1770782470703	60.749351501464844	93.9235610961914	82.35193634033203	0.0	0.0	96.89665985107422	51.812660217285156	0.0	0.0	110.03010559082031	11.61864948272705	0.0	0.0	90.84133911132812	41.135986328125	0.0	0.0	141.76129150390625	87.7513427734375	0.0	0.0	170.0083770751953	155.90194702148438	0.0	0.0	115.28153991699219	262.5927734375	0.0	9.23498249053955	53.4023551940918	221.81967163085938	0.0	0.0	304.65850830078125	144.74571228027344	0.0	0.0	160.12750244140625	232.9375762939453	0.0	0.0	52.176177978515625	265.5720520019531	0.0	0.0	80.8537368774414	483.3570861816406	0.0	0.0	392.3936462402344	555.1200561523438	0.0	0.0	167.81361389160156	369.8966369628906	0.0	0.0	239.05938720703125	471.36517333984375	0.0	3.8252694606781006	334.689453125	304.06170654296875	0.0	69.25382232666016	1.2491589784622192	0.0	17.476383209228516	26.852710723876953	8.046488761901855	0.0	13.293573379516602	18.833831787109375	75.2832260131836	0.0	20.487903594970703	23.047210693359375	92.35460662841797	0.0	46.71403121948242	0.0	0.0	265.30780029296875	0.0	0.0	0.0	193.27059936523438	0.0	0.0	0.0	156.06622314453125	0.0	0.0	271.92413330078125	701.03125	275.391845703125	0.0	28.889490127563477	83.34912109375	15.86864185333252	0.0	0.0	56.358787536621094	30.234237670898438	0.0	0.0	28.158573150634766	21.07537841796875	0.0	0.0	0.0	10.454137802124023	62.47903823852539	0.0	726.9757080078125	0.0	88.41844940185547	0.0	696.9164428710938	0.0	98.05644989013672	0.0	838.3255004882812	151.3697967529297	97.50054931640625	0.0	928.5172729492188	290.2153015136719	197.2950897216797	60.447792053222656	137.8099365234375	48.3585090637207	217.1429901123047	81.55099487304688	189.70758056640625	49.32332992553711	200.5183563232422	128.3714141845703	87.4482650756836	64.05024719238281	148.68179321289062	125.29669952392578	254.5711669921875	90.84590148925781
302.2805480957031	734.6282348632812	432.60791015625	235.17579650878906	186.00054931640625	131.352294921875	348.40985107421875	0.0	0.0	0.0	0.0	0.0	27.356365203857422	124.36456298828125	37.32191848754883	0.0	62.430538177490234	16.709564208984375	206.23524475097656	82.37381744384766	136.31483459472656	526.853271484375	500.9833068847656	308.2525634765625	226.07872009277344	82.71469116210938	280.7224426269531	264.6788330078125	0.0	29.61543083190918	374.9226379394531	73.87377166748047	45.0762939453125	27.936758041381836	196.22323608398438	52.79384994506836	6.0009565353393555	287.9943542480469	173.78163146972656	27.477964401245117	18.84966278076172	0.0	0.0	52.96200180053711	227.41693115234375	165.75006103515625	0.0	10.458313941955566	206.4359588623047	255.53466796875	731.5872192382812	655.714111328125	67.11750793457031	143.14453125	869.7861328125	740.286376953125	0.0	0.0	330.2538146972656	262.87982177734375	57.38302230834961	297.6330261230469	267.53265380859375	0.0	0.0	0.0	0.0	0.0	327.9011535644531	125.66497039794922	0.0	0.0	271.9623107910156	0.0	136.98178100585938	0.0	0.0	383.0804138183594	181.5956268310547	0.0	82.21414184570312	168.2711639404297	0.0	0.0	0.0	0.0	0.0	0.0	0.0	142.44642639160156	0.0	0.0	119.5081558227539	154.5255126953125	0.0	0.0	0.0	0.0	82.25003814697266	0.0	0.0	0.0	47.41847610473633	242.52427673339844	0.0	46.02565383911133	76.76020812988281	281.530517578125	2.1093626022338867	222.16342163085938	327.20660400390625	400.205078125	65.49456024169922	39.39957046508789	106.33076477050781	0.0	42.20199966430664	66.91184997558594	118.77989196777344	73.39678192138672	0.0	25.899944305419922	34.96778106689453	26.919424057006836	10.936993598937988	0.0	0.0	0.0	0.0	140.0292510986328	43.556358337402344	89.75650787353516	0.0	0.0	0.0	0.0	0.0	0.0	63.7125129699707	0.0	0.0	0.0	209.7072296142578	0.0	0.0	8.66294002532959	116.13851165771484	0.0	93.0654067993164	184.93450927734375	0.0	0.0	175.33445739746094	522.6785888671875	155.45851135253906	0.0	0.0	0.0	0.0	0.0	0.0	858.45654296875	531.0750122070312	615.6402587890625	378.18707275390625	545.841064453125	649.0062255859375	682.5719604492188	274.1565856933594	0.0	655.64892578125	297.5985107421875	0.0	331.1750793457031	695.8189086914062	0.0	34.819297790527344	0.0	0.0	0.0	76.54306030273438	0.0	0.0	0.0	0.0	0.0	0.0	0.0	37.020172119140625	80.83094787597656	0.0	30.40749168395996	0.0	0.0	0.0	0.0	331.1787109375	859.2404174804688	749.5441284179688	219.62103271484375	70.28072357177734	164.05186462402344	0.0	134.40853881835938	0.0	0.0	168.4009552001953	99.9285659790039	92.36026763916016	199.96060180664062	145.9664306640625	52.788848876953125	30.495573043823242	0.0	0.0	0.0	0.0	0.0	0.0	0.0	200.28529357910156	188.1248779296875	106.86705017089844	0.0	0.0	0.0	0.0	119.0555191040039	0.0	717.333251953125	366.2696228027344	382.3140563964844	210.09909057617188	335.7452087402344	222.4512176513672	502.67474365234375	115.04584503173828	26.773561477661133	639.7102661132812	269.0646057128906	127.02831268310547	183.27197265625	133.177978515625	229.24937438964844	86.10094451904297	215.31871032714844	95.90156555175781	0.0	117.48155975341797	0.0	0.0	0.0	1.9258718490600586	60.42583465576172	0.0	0.9558053016662598
0.0	0.0	0.0	0.0	149.31027221679688	141.27667236328125	492.8329162597656	410.11126708984375	74.64363861083984	0.0	114.11248016357422	251.70974731445312	160.2367706298828	46.60679626464844	136.36669921875	142.75575256347656	121.25836944580078	213.08245849609375	41.57777786254883	149.330810546875	217.81504821777344	273.4590759277344	220.2615509033203	156.3477783203125	293.10968017578125	270.1466064453125	287.8629455566406	186.26622009277344	77.49765014648438	49.53594207763672	104.03652954101562	219.70504760742188	0.0	0.0	0.0	0.0	0.0	262.56298828125	133.10403442382812	0.0	0.0	164.4169158935547	284.1196594238281	186.32565307617188	207.02423095703125	191.4718780517578	206.46397399902344	151.86932373046875	378.2574157714844	960.0562744140625	633.6143798828125	299.41839599609375	250.56320190429688	821.4150390625	403.67010498046875	196.890625	0.0	141.76551818847656	652.709716796875	462.94580078125	0.0	0.0	691.8946533203125	408.8572998046875	711.887939453125	411.5185241699219	579.5759887695312	0.0	846.6102905273438	323.52264404296875	417.8759460449219	0.0	689.9219360351562	0.0	318.56768798828125	0.0	62.01085662841797	0.0	114.82076263427734	0.0	0.0	0.0	0.0	0.0	0.0	0.0	0.0	0.0	0.0	0.0	0.0	0.0	178.0483856201172	181.68179321289062	0.0	0.0	41.104583740234375	0.0	87.35276794433594	59.46659851074219	0.0	0.0	145.07130432128906	51.232452392578125	0.0	0.0	212.350341796875	17.53956413269043	104.10589599609375	113.07164764404297	495.8523864746094	339.0343322753906	108.84370422363281	57.62500762939453	34.416656494140625	0.0	22.632291793823242	43.377838134765625	71.2566909790039	17.907512664794922	0.0	81.83306884765625	49.36902618408203	0.0	0.0	43.04819107055664	128.24708557128906	122.6149673461914	0.0	242.84071350097656	0.0	70.85478973388672	0.0	365.20489501953125	197.5460968017578	145.3439178466797	0.0	7.589118003845215	0.0	0.0	23.087507247924805	0.0	0.0	0.0	215.54888916015625	11.958263397216797	0.0	115.37144470214844	0.0	0.0	0.0	25.033464431762695	148.90023803710938	594.3618774414062	682.07568359375	269.6036071777344	0.0	0.0	252.28639221191406	289.68768310546875	246.2831268310547	404.42388916015625	290.2964172363281	358.4566955566406	336.0361328125	253.71926879882812	121.74838256835938	268.03338623046875	441.38812255859375	128.2422637939453	351.8933410644531	418.6156921386719	5.1519551277160645	0.0	279.99468994140625	475.9052734375	96.86035919189453	0.0	0.0	0.0	95.23087310791016	0.0	0.0	0.0	6.049164772033691	0.0	0.0	0.0	0.0	0.0	0.0	0.0	0.0	0.0	0.0	156.16941833496094	136.55877685546875	638.4793701171875	369.34893798828125	184.92855834960938	322.92864990234375	912.1344604492188	655.1154174804688	657.3800659179688	0.0	0.0	0.0	228.8953399658203	67.51062774658203	41.29140853881836	81.44156646728516	83.8460922241211	0.0	0.0	0.0	16.7700252532959	0.0	94.09806060791016	49.11726379394531	26.905569076538086	201.63555908203125	161.96487426757812	0.0	12.522764205932617	0.0	744.3638916015625	69.24433898925781	460.7655944824219	0.0	920.0169677734375	312.2900390625	457.56378173828125	150.35415649414062	541.7166137695312	0.0	472.6445007324219	191.46542358398438	398.3486328125	0.0	476.4044189453125	183.58238220214844	212.87078857421875	3.2590677738189697	130.5313720703125	254.95050048828125	558.7348022460938	436.3604736328125	349.8045349121094	159.40237426757812	189.33424377441406	200.11944580078125	284.07916259765625	36.935245513916016	0.0	0.0	178.91868591308594
270.4002685546875	666.413818359375	376.3722229003906	260.6650695800781	108.02667236328125	58.534175872802734	160.7402801513672	0.0	152.15789794921875	502.36004638671875	179.82984924316406	0.0	48.03085708618164	0.0	0.0	0.0	87.16016387939453	32.870357513427734	186.76023864746094	121.23219299316406	106.12557983398438	273.2388610839844	305.7556457519531	414.4528503417969	209.85411071777344	420.5393371582031	472.20263671875	509.5635681152344	249.35462951660156	28.464736938476562	212.88861083984375	86.68184661865234	17.339885711669922	64.38526916503906	292.80047607421875	190.46353149414062	58.2180290222168	20.785980224609375	0.0	0.0	221.851806640625	383.74932861328125	0.0	0.0	152.88095092773438	64.9420166015625	0.0	0.0	88.0354232788086	220.34376525878906	678.2133178710938	729.2785034179688	178.62322998046875	0.0	876.596923828125	911.121337890625	383.6039123535156	209.3008575439453	373.507080078125	292.61077880859375	0.0	0.0	469.3622131347656	192.0712432861328	0.0	0.0	0.0	0.0	529.4615478515625	364.98211669921875	304.9819030761719	0.0	207.8231201171875	0.0	399.7647705078125	0.0	15.401983261108398	0.0	399.54022216796875	0.0	89.8212890625	180.66453552246094	0.0	0.0	0.0	140.716064453125	0.0	0.0	33.382198333740234	0.0	0.0	0.0	65.56788635253906	85.15612030029297	0.0	0.0	0.0	0.0	270.035400390625	0.0	0.0	0.0	144.30462646484375	259.2618408203125	0.0	0.0	94.40771484375	187.3417205810547	0.0	0.15799906849861145	98.14015197753906	210.7898406982422	50.2984504699707	6.95296049118042	121.85468292236328	0.0	0.0	76.45587921142578	113.70214080810547	111.8056869506836	36.12543487548828	78.29694366455078	7.344893932342529	0.0	12.446956634521484	23.710285186767578	13.144216537475586	0.0	27.4764404296875	123.46240997314453	0.0	0.0	0.0	58.96759033203125	142.42367553710938	136.75445556640625	0.0	67.35848999023438	180.8096923828125	74.98588562011719	0.0	0.0	139.27490234375	0.0	32.07017135620117	78.94256591796875	414.8782653808594	0.0	0.0	0.0	180.72947692871094	233.3206787109375	505.50775146484375	565.8710327148438	0.0	0.0	0.0	342.2235107421875	0.0	0.0	0.0	737.4383544921875	420.4502258300781	403.3597412109375	423.0624694824219	759.2738647460938	759.8489379882812	742.484375	222.04376220703125	0.0	358.3031005859375	213.41458129882812	111.78353118896484	0.0	506.7677307128906	158.3168182373047	18.611730575561523	0.0	0.0	0.0	48.1082649230957	0.0	0.0	0.0	22.3154296875	0.0	0.0	0.0	0.0	0.0	0.0	0.0	33.19812774658203	152.0180206298828	100.68717956542969	88.84273529052734	0.0	0.0	0.0	156.0926513671875	375.8681335449219	637.7564697265625	0.0	292.712158203125	0.0	0.0	15.197541236877441	167.10028076171875	106.00337982177734	127.91879272460938	120.3508071899414	107.4854507446289	41.939735412597656	0.0	0.0	0.0	196.65211486816406	69.53047943115234	0.0	0.0	0.0	0.0	12.639939308166504	0.0	0.0	0.0	0.0	251.9762725830078	0.0	560.6134643554688	211.11410522460938	459.9137878417969	0.0	615.2863159179688	93.63488006591797	623.905517578125	143.92665100097656	177.39198303222656	135.44630432128906	473.9801940917969	75.37055206298828	111.70983123779297	57.136810302734375	266.8287658691406	119.74215698242188	114.45513916015625	125.3490982055664	0.0	5.722395896911621	368.095458984375	122.75403594970703	12.401066780090332	42.78249740600586	0.0	0.0	24.569129943847656
401.1328125	982.2311401367188	864.8147583007812	372.692138671875	0.0	266.05584716796875	348.0574951171875	15.124493598937988	370.9502868652344	541.3652954101562	0.0	108.4825210571289	0.0	645.0714721679688	300.71990966796875	0.0	38.01537322998047	111.04120635986328	511.22222900390625	342.95501708984375	223.1575164794922	70.37017059326172	374.538818359375	314.0654602050781	46.562538146972656	322.68450927734375	257.4419860839844	224.74427795410156	235.9568634033203	480.1239318847656	614.3971557617188	302.611328125	345.66650390625	364.032470703125	16.620786666870117	95.6539535522461	98.46521759033203	0.0	250.1529998779297	55.309600830078125	158.49044799804688	0.0	114.98201751708984	100.1082992553711	168.05072021484375	239.2920684814453	0.0	0.0	368.1907653808594	360.1954040527344	0.0	762.7596435546875	0.0	707.485107421875	519.1284790039062	27.0542049407959	89.96284484863281	0.0	1147.5352783203125	403.5890808105469	686.205078125	225.37106323242188	925.665771484375	357.55377197265625	0.0	0.0	0.0	0.0	0.0	0.0	0.0	0.0	179.9020233154297	177.43507385253906	0.0	0.0	846.1345825195312	0.0	32.5746955871582	0.0	33.692562103271484	2.030229330062866	0.0	0.0	98.12568664550781	62.41969680786133	0.0	0.0	304.1027526855469	0.0	0.0	0.0	0.0	0.0	0.0	0.0	0.0	0.0	0.0	0.0	0.0	0.0	0.0	375.5467224121094	0.0	0.0	360.795654296875	321.2185974121094	0.0	0.0	156.23585510253906	343.7552185058594	96.1858139038086	82.04563903808594	43.409664154052734	51.49232864379883	111.88285827636719	162.8668212890625	0.0	58.84563446044922	0.0	25.297405242919922	43.51709747314453	79.79157257080078	0.0	0.0	65.2660140991211	0.0	0.0	0.0	0.0	0.0	0.0	0.0	19.54814338684082	0.0	19.91311264038086	0.0	0.0	0.0	54.681087493896484	283.44036865234375	128.79531860351562	0.0	625.2794189453125	431.71929931640625	0.0	275.17535400390625	330.59271240234375	947.8425903320312	250.93113708496094	0.0	0.0	0.0	150.739990234375	0.0	0.0	0.0	121.2455062866211	21.982786178588867	177.17979431152344	210.29551696777344	411.54986572265625	984.852294921875	105.61943054199219	541.2598266601562	968.9393310546875	986.9906616210938	473.0227966308594	774.3378295898438	161.99920654296875	473.4360656738281	654.6763916015625	313.5602111816406	733.8111572265625	373.8408203125	33.75477981567383	0.0	0.0	0.0	0.0	0.0	0.0	0.0	35.83803176879883	0.0	0.0	0.0	6.776398658752441	0.0	0.0	0.0	408.94586181640625	620.8488159179688	258.8792724609375	398.76806640625	0.0	58.9906120300293	680.653076171875	446.49322509765625	0.0	0.0	0.0	85.06987762451172	0.0	581.4696044921875	0.0	223.8706817626953	141.48580932617188	269.5694274902344	258.71868896484375	200.1052703857422	0.0	12.431697845458984	109.64791107177734	0.0	194.46783447265625	0.0	0.0	132.56646728515625	0.0	0.0	47.68537139892578	69.2979736328125	0.0	159.75294494628906	86.154052734375	0.0	171.08010864257812	0.0	443.4329528808594	305.8421325683594	0.0	245.1959228515625	404.5318298339844	709.4042358398438	0.0	1044.0177001953125	0.0	528.0960693359375	269.3869323730469	489.69696044921875	261.8312683105469	88.31172180175781	59.679603576660156	0.0	134.6849365234375	0.0	100.42528533935547	0.0	0.0	53.1593132019043	97.65521240234375	449.67742919921875	8.989349365234375	0.0
424.3525085449219	343.6124572753906	263.5426025390625	227.062255859375	0.0	0.0	0.0	0.0	0.0	130.91053771972656	190.54901123046875	376.612548828125	93.80767822265625	667.8636474609375	847.8800659179688	504.7375793457031	419.80029296875	336.1859130859375	126.42279815673828	17.236845016479492	245.58026123046875	0.0	0.0	0.0	324.51806640625	0.0	0.0	172.75596618652344	274.64398193359375	138.42333984375	313.6964416503906	484.13836669921875	0.0	265.85736083984375	356.7062683105469	453.1419982910156	0.8113397359848022	285.4010925292969	274.02081298828125	0.0	26.01198959350586	70.40522003173828	42.81916427612305	0.0	125.31847381591797	425.85797119140625	412.220703125	159.21395874023438	384.81964111328125	0.0	362.8048095703125	1200.877685546875	795.4765625	0.0	0.0	1100.72119140625	766.4265747070312	113.37062072753906	0.0	250.65887451171875	830.8390502929688	571.627197265625	0.0	0.0	483.7785949707031	0.0	0.0	0.0	661.3575439453125	0.0	0.0	0.0	380.21429443359375	0.0	0.0	423.87762451171875	136.34120178222656	0.0	0.0	537.7933959960938	0.0	0.0	0.0	0.0	0.0	0.0	53.31915283203125	0.0	0.0	0.0	341.6941223144531	139.29566955566406	0.0	0.0	198.36065673828125	0.7461869716644287	0.0	0.0	0.0	115.42701721191406	138.99964904785156	507.5144348144531	319.28826904296875	395.2618103027344	240.8572998046875	398.3713073730469	207.31044006347656	259.91851806640625	132.5608367919922	13.47230052947998	0.0	0.0	0.0	0.0	222.05184936523438	199.46742248535156	21.03177261352539	0.0	162.43740844726562	290.3679504394531	105.06051635742188	18.488088607788086	0.0	125.79447937011719	188.33526611328125	134.58819580078125	14.060223579406738	0.0	23.82219696044922	0.0	0.0	0.0	285.58856201171875	0.0	0.0	0.0	260.1421203613281	0.0	264.83197021484375	345.099365234375	0.0	0.0	10.238091468811035	97.47909545898438	121.56546020507812	154.8637237548828	789.86083984375	913.64501953125	181.2049102783203	0.0	120.60260009765625	992.4619750976562	89.296875	0.0	0.0	78.55958557128906	644.814453125	233.86544799804688	0.0	0.0	1108.9849853515625	711.3383178710938	0.0	233.13662719726562	678.798828125	272.1379089355469	0.0	146.50099182128906	448.841796875	11.133880615234375	0.0	620.381103515625	12.310894012451172	126.61454772949219	288.5400695800781	645.4661865234375	0.0	0.0	0.0	0.0	0.0	0.0	0.0	0.0	0.0	0.0	0.0	0.0	0.0	0.0	25.526596069335938	0.0	663.0447387695312	1137.8375244140625	1132.859375	625.4840698242188	33.606998443603516	0.0	0.0	98.86569213867188	202.96177673339844	0.0	0.0	0.0	961.6253051757812	1235.231689453125	1143.815185546875	817.9203491210938	303.8331604003906	92.21640014648438	111.85265350341797	72.8152847290039	152.9375762939453	0.08318887650966644	0.0	108.60657501220703	247.0390625	312.2757263183594	183.6651153564453	0.0	142.00669860839844	232.99813842773438	182.01815795898438	47.0471076965332	815.39306640625	720.09716796875	0.0	153.2535858154297	1072.0582275390625	903.0778198242188	68.68621826171875	0.0	819.7425537109375	540.49560546875	0.0	0.0	627.969482421875	488.25677490234375	0.0	171.95166015625	23.37773895263672	0.0	240.39437866210938	413.5513000488281	0.0	0.0	0.0	0.0	337.5968933105469	300.5804443359375	366.59625244140625	212.92642211914062	338.6642150878906	368.76446533203125	392.32159423828125	274.3323974609375
616.7538452148438	393.6838073730469	314.06268310546875	279.7518310546875	58.11979675292969	212.76712036132812	0.0	0.0	173.4940185546875	0.0	0.0	0.0	42.667266845703125	114.98970794677734	102.85807037353516	0.0	428.9319763183594	430.8337707519531	0.0	137.65914916992188	425.73846435546875	231.10101318359375	204.92184448242188	92.71296691894531	117.18526458740234	0.0	257.6145324707031	157.73280334472656	0.0	256.1880798339844	410.64422607421875	188.4136505126953	100.14081573486328	121.15629577636719	282.73516845703125	3.2616159915924072	360.67535400390625	494.5396728515625	133.4778289794922	0.0	344.3307800292969	227.76547241210938	0.0	0.0	106.80104064941406	0.0	0.0	0.0	329.1902770996094	375.04248046875	1079.3106689453125	0.0	175.15570068359375	0.0	1124.9600830078125	526.7499389648438	0.0	0.0	1083.30712890625	512.8233032226562	67.38665008544922	67.86432647705078	668.9833984375	301.9981689453125	258.7652587890625	0.0	0.0	0.0	416.45947265625	0.0	20.007091522216797	0.0	0.0	0.0	324.065185546875	0.0	0.0	596.6256103515625	966.0407104492188	0.0	0.0	0.0	0.0	0.0	0.0	0.0	0.0	0.0	236.33502197265625	139.81190490722656	0.0	0.0	147.27882385253906	77.24858856201172	0.0	0.0	0.0	0.0	42.223384857177734	21.603757858276367	0.0	48.85834503173828	401.1985168457031	88.03052520751953	187.4784698486328	209.52301025390625	383.68963623046875	216.1629180908203	102.74929809570312	65.91986846923828	184.4123077392578	234.33828735351562	17.556840896606445	318.895263671875	116.11833190917969	0.0	0.0	273.6822509765625	327.664306640625	0.0	0.0	175.05697631835938	214.42970275878906	45.31973648071289	47.91677474975586	0.0	22.848403930664062	7.676700592041016	0.0	0.0	0.0	0.0	0.0	0.0	48.78335189819336	0.0	0.0	0.0	274.2082214355469	0.0	0.0	0.0	329.7001647949219	0.0	58.777732849121094	89.66612243652344	159.97824096679688	0.0	862.5392456054688	667.0187377929688	367.8035583496094	0.0	0.0	113.70478057861328	371.190673828125	0.0	0.0	0.0	0.0	0.0	759.193115234375	634.8968505859375	687.378173828125	524.165283203125	316.4140319824219	0.0	439.13104248046875	479.9122009277344	0.0	0.0	790.7401733398438	618.796875	0.0	391.2351379394531	782.3247680664062	358.0608215332031	0.0	0.0	0.0	0.0	0.0	0.0	0.0	0.0	0.0	0.0	0.0	0.0	80.56123352050781	135.1167449951172	0.0	0.0	512.2753295898438	670.2532348632812	0.0	0.0	1147.3333740234375	1328.6358642578125	342.0709533691406	159.48806762695312	0.0	0.0	0.0	50.54704666137695	0.0	0.0	383.1158447265625	342.359619140625	368.3175048828125	307.0655212402344	67.17404174804688	61.645145416259766	139.47312927246094	28.728307723999023	111.44754791259766	0.0	87.94324493408203	0.0	48.372859954833984	0.0	334.6162414550781	191.5663299560547	50.837520599365234	0.0	206.96981811523438	568.3875732421875	0.0	175.16879272460938	548.2227172851562	866.7805786132812	80.53939819335938	556.604248046875	382.2608642578125	297.3935546875	152.24374389648438	662.0054931640625	0.0	0.0	686.7089233398438	693.2971801757812	234.8887176513672	293.4391174316406	333.210693359375	141.17698669433594	3.5257863998413086	240.12557983398438	145.62667846679688	113.52500915527344	0.0	0.0	10.221916198730469	34.118621826171875	105.18831634521484	249.48782348632812	88.53792572021484	54.48760986328125
360.5801696777344	227.18690490722656	195.22308349609375	76.82734680175781	418.13360595703125	753.7022094726562	449.0276184082031	197.2187957763672	0.0	43.14358901977539	477.322509765625	0.0	1008.5159301757812	1064.8800048828125	411.310546875	0.0	55.85944366455078	13.50949478149414	81.23130798339844	183.86431884765625	68.23479461669922	0.0	226.2682342529297	391.85302734375	61.02083206176758	34.32933044433594	67.74935913085938	250.8011932373047	96.40011596679688	53.30244827270508	593.5330810546875	592.3262329101562	311.75665283203125	260.5457458496094	132.64529418945312	113.77532196044922	394.7584228515625	539.0964965820312	390.3944396972656	244.6777801513672	69.09204864501953	211.08438110351562	47.61762619018555	0.0	366.05999755859375	104.01073455810547	34.87293243408203	81.68592071533203	27.26344108581543	0.0	579.9854125976562	645.2691040039062	0.0	0.19937747716903687	428.50958251953125	709.6162719726562	0.0	0.0	678.2908325195312	1135.0059814453125	117.7155990600586	0.0	0.0	22.955759048461914	0.0	0.0	254.5524444580078	49.6025505065918	0.0	0.0	0.0	0.0	0.0	0.0	66.88953399658203	0.0	0.0	0.0	188.68312072753906	0.0	0.0	215.88140869140625	21.787242889404297	0.0	336.8762512207031	288.2635803222656	0.0	0.0	0.0	349.05853271484375	112.45123291015625	0.0	170.1044464111328	376.4535827636719	0.0	0.0	0.0	0.0	0.0	33.91154098510742	108.0688705444336	96.65342712402344	284.5223083496094	240.9023895263672	0.0	0.0	0.0	244.83985900878906	0.0	0.0	89.40550994873047	457.4231262207031	0.0	57.68427658081055	60.74673843383789	60.00525665283203	0.0	44.92110824584961	103.2024154663086	168.76593017578125	0.0	0.0	200.50607299804688	103.11786651611328	101.10739135742188	0.0	0.0	3.253357410430908	0.0	0.0	19.366912841796875	0.0	0.0	0.0	0.0	0.0	0.0	0.0	0.0	25.187929153442383	26.270544052124023	292.4418029785156	0.0	0.0	539.0221557617188	397.40789794921875	404.1271667480469	137.59689331054688	0.0	77.68563842773438	221.84361267089844	0.0	0.0	37.95480728149414	759.8497924804688	502.72491455078125	0.0	0.0	0.0	0.0	177.84506225585938	0.0	1155.7607421875	1008.8276977539062	0.0	132.4099578857422	376.80133056640625	260.7513122558594	30.847694396972656	0.0	853.0790405273438	798.5316772460938	21.60116195678711	707.058837890625	829.2805786132812	0.0	0.0	0.0	0.0	0.0	0.0	0.0	0.0	0.0	0.0	0.0	0.0	0.0	0.0	0.0	0.0	0.0	826.1602172851562	703.19921875	348.9303894042969	145.1681671142578	190.80206298828125	379.3409729003906	259.17120361328125	336.3910827636719	0.0	0.0	0.0	61.37648391723633	380.8825378417969	293.8644714355469	130.13546752929688	295.5556335449219	236.22645568847656	263.2171630859375	294.0268249511719	81.03718566894531	435.22808837890625	354.1684875488281	135.1974639892578	34.53070831298828	54.746646881103516	0.0	31.561609268188477	82.85114288330078	270.0317687988281	350.65234375	32.67871856689453	0.0	88.88062286376953	51.208560943603516	0.0	147.1546173095703	294.3951416015625	229.5685577392578	83.3488998413086	480.1124572753906	120.67031860351562	191.1402130126953	117.75337982177734	404.2835388183594	292.30865478515625	0.0	231.3692169189453	421.2554016113281	41.91699981689453	99.62212371826172	103.485595703125	124.30854034423828	0.0	57.71467590332031	111.90222930908203	213.6068878173828	61.0742073059082	9.732508659362793	56.49039840698242	28.01055335998535	509.26776123046875	316.9958801269531	0.0	0.0
509.66046142578125	811.6007080078125	666.269775390625	603.3532104492188	260.2595520019531	0.0	484.0805969238281	184.84486389160156	31.12299919128418	283.42120361328125	297.7928771972656	0.0	386.08624267578125	445.3842468261719	0.0	0.0	83.34429931640625	291.670166015625	62.50470733642578	4.740420341491699	220.9332733154297	410.674072265625	0.0	445.22723388671875	177.439453125	0.0	461.4162902832031	583.4560546875	59.65521240234375	277.2790832519531	636.5875244140625	144.52247619628906	37.4772834777832	224.62164306640625	474.2920227050781	442.276611328125	91.51138305664062	379.1607666015625	303.2962951660156	0.0	81.64897155761719	131.6957550048828	16.052865982055664	25.343852996826172	148.72865295410156	0.0	66.6686782836914	84.63451385498047	324.707275390625	281.5558166503906	0.0	915.2514038085938	94.18318176269531	5.556483745574951	0.0	944.9912109375	0.0	176.73486328125	154.52764892578125	0.0	30.300870895385742	0.0	0.0	59.72993850708008	85.58820343017578	87.51215362548828	0.0	170.5540008544922	626.9271850585938	0.0	0.0	219.60484313964844	586.2892456054688	0.0	538.0357666015625	85.26408386230469	0.0	577.8899536132812	600.4413452148438	0.0	186.12799072265625	75.40189361572266	0.0	0.0	0.0	0.0	257.9490966796875	0.0	0.0	83.92037200927734	64.5433578491211	0.0	134.07205200195312	0.0	0.0	0.0	0.0	0.0	0.0	0.0	0.0	133.15235900878906	42.9066276550293	245.2866668701172	62.35222244262695	148.62892150878906	35.313720703125	432.393310546875	97.80789184570312	0.0	274.3304748535156	239.2402801513672	51.570125579833984	0.0	89.98286437988281	41.441925048828125	0.0	0.0	170.27139282226562	137.98678588867188	67.01383972167969	104.28215789794922	0.0	0.0	39.108253479003906	0.0	0.0	0.0	107.3788070678711	166.98924255371094	0.0	0.0	0.0	0.0	0.0	20.75086212158203	0.0	0.0	0.0	57.01998519897461	118.09566497802734	29.888614654541016	0.0	0.0	155.283935546875	96.01022338867188	635.5916748046875	699.9509887695312	118.44969940185547	0.0	245.1637420654297	619.5205078125	134.9075927734375	133.84779357910156	0.0	0.0	0.0	0.0	0.0	0.0	719.9601440429688	1196.3363037109375	0.0	567.2382202148438	804.947021484375	574.4235229492188	277.14483642578125	1041.6910400390625	260.5631103515625	124.9904556274414	982.6849975585938	656.7853393554688	0.0	1139.6240234375	997.1870727539062	0.0	18.891557693481445	0.0	0.0	0.0	0.0	0.0	0.0	0.0	0.0	0.0	0.0	0.0	24.729896545410156	0.0	0.0	20.306188583374023	124.39955139160156	663.3219604492188	675.6668701171875	467.94036865234375	238.5962371826172	53.46903610229492	0.0	0.0	0.0	0.0	0.0	291.17047119140625	0.0	0.0	281.9167175292969	341.01239013671875	194.69493103027344	224.6566925048828	125.39382934570312	145.89891052246094	0.0	0.0	0.0	0.0	0.0	265.36346435546875	297.1135559082031	1.2362147569656372	152.04100036621094	48.709720611572266	0.0	0.0	0.0	96.57221221923828	0.0	8.224305152893066	127.67056274414062	811.0963745117188	309.4541015625	83.40860748291016	236.9519500732422	430.65008544921875	40.430355072021484	558.6709594726562	0.0	0.0	518.3717041015625	534.7666625976562	97.04539489746094	67.87651062011719	337.83258056640625	367.99365234375	156.4942169189453	0.0	0.0	0.0	0.0	140.30352783203125	74.18866729736328	2.846846580505371	116.54683685302734	104.35189819335938	0.0	0.0
192.86358642578125	705.9242553710938	436.9485778808594	423.0859375	0.0	185.4103546142578	618.4183959960938	203.4591064453125	396.2623596191406	340.3348693847656	0.0	127.68785858154297	450.07098388671875	377.112548828125	0.0	0.0	116.4870834350586	39.84264373779297	474.0811462402344	328.17694091796875	27.811418533325195	398.6727600097656	387.87139892578125	413.56671142578125	215.75552368164062	331.7752990722656	471.8325500488281	212.8020782470703	673.8558349609375	615.4612426757812	406.0911560058594	95.1200942993164	55.386146545410156	117.99055480957031	0.0	45.1763916015625	0.0	246.07296752929688	257.55352783203125	195.1107940673828	126.6896743774414	0.0	182.6765899658203	226.69842529296875	206.2543182373047	182.29656982421875	0.0	37.75230407714844	16.90552520751953	168.9211883544922	0.0	912.8359985351562	0.0	686.2160034179688	93.39249420166016	0.0	0.0	659.9915161132812	928.6634521484375	0.0	370.9257507324219	245.42776489257812	606.2903442382812	29.762910842895508	0.0	21.647918701171875	0.0	0.0	28.10201644897461	356.62249755859375	0.0	0.0	0.0	211.16558837890625	0.0	0.0	225.77725219726562	0.0	0.0	0.0	47.04618835449219	133.436279296875	82.28401947021484	0.0	0.0	13.401391983032227	87.49724578857422	0.0	179.7410430908203	0.0	0.0	0.0	60.4285888671875	0.0	0.0	0.0	0.0	0.0	0.0	48.865699768066406	0.0	0.0	0.0	351.7769470214844	0.0	62.82186508178711	106.68753051757812	317.2183837890625	0.0	65.72924041748047	421.2183532714844	409.2402038574219	96.48699951171875	42.56326675415039	0.0	95.41613006591797	116.74099731445312	73.47635650634766	0.0	27.58715057373047	36.43864822387695	127.58686828613281	30.74370765686035	18.63997459411621	0.0	0.0	38.65828323364258	0.0	0.0	108.46459197998047	0.0	50.37626266479492	0.0	165.66592407226562	58.38147735595703	0.0	0.0	94.55900573730469	0.0	0.0	125.96057891845703	186.13519287109375	0.0	0.0	0.0	17.110183715820312	0.0	346.1810607910156	183.53269958496094	550.51318359375	0.0	0.0	0.0	485.52362060546875	136.65550231933594	0.0	0.0	0.0	0.0	0.3710188567638397	0.0	893.9024047851562	863.7227783203125	702.2061767578125	28.583114624023438	460.0367736816406	885.6835327148438	740.7097778320312	580.5325317382812	632.7802734375	666.6244506835938	0.0	579.56591796875	628.147216796875	571.0681762695312	0.0	58.018672943115234	0.0	0.0	0.0	49.04549789428711	0.0	0.0	0.0	0.0	0.0	0.0	0.0	0.0	0.0	0.0	57.77021408081055	0.0	83.38822937011719	27.434118270874023	426.2234191894531	0.0	350.1639709472656	550.3494873046875	330.93896484375	0.0	0.0	21.239442825317383	2.475055694580078	915.4959716796875	871.1823120117188	223.03895568847656	54.11227035522461	39.515567779541016	209.32749938964844	161.61105346679688	51.42086410522461	0.0	181.53054809570312	167.00486755371094	0.0	1.0260764360427856	73.52503967285156	17.700944900512695	115.288818359375	23.414663314819336	0.0	10.650627136230469	45.56844711303711	0.0	0.0	153.91946411132812	79.83260345458984	0.0	364.128173828125	694.35693359375	100.15614318847656	39.792667388916016	70.65855407714844	582.0942993164062	383.3923034667969	677.5977172851562	602.3444213867188	370.9971008300781	59.99177169799805	154.717041015625	173.29258728027344	125.42442321777344	36.065513610839844	118.4088134765625	240.5375518798828	76.93402862548828	0.0	250.44276428222656	0.0	0.0	0.0	284.7099609375	172.84352111816406	18.995573043823242	8.770386695861816
17.758594512939453	0.0	283.3494873046875	673.4632568359375	0.0	0.0	703.7177124023438	466.8379821777344	100.06092071533203	334.7396545410156	559.1804809570312	226.16734313964844	117.6314468383789	472.3367919921875	406.39453125	0.0	219.91067504882812	488.7980651855469	0.0	0.0	343.32135009765625	258.90936279296875	128.66004943847656	413.01739501953125	408.07171630859375	67.15008544921875	680.8179931640625	548.677734375	333.46441650390625	494.4158020019531	680.91162109375	477.9430236816406	0.0	0.0	157.60073852539062	262.7229919433594	0.0	0.0	68.34944915771484	190.24365234375	75.1281509399414	0.0	244.40452575683594	207.39466857910156	243.1574249267578	246.80372619628906	217.98629760742188	237.6319580078125	396.9873352050781	319.89434814453125	256.5390625	260.5983581542969	582.0658569335938	33.663875579833984	220.62518310546875	476.6805114746094	697.7217407226562	0.0	41.261131286621094	272.1894836425781	389.5675354003906	0.0	0.0	0.0	1120.0277099609375	702.1681518554688	0.0	0.0	1212.9979248046875	0.0	8.6996431350708	0.0	1121.251708984375	0.0	480.8644714355469	0.0	103.01851654052734	83.8691177368164	0.0	0.0	0.0	0.0	116.53485107421875	116.88640594482422	0.0	0.0	0.0	0.0	0.0	0.0	0.0	0.0	0.0	0.0	0.0	0.0	0.0	108.95196533203125	150.06028747558594	0.0	0.0	148.74546813964844	0.09741690009832382	0.0	54.361812591552734	0.0	0.0	57.34592056274414	0.0	0.0	67.5754165649414	269.2724914550781	0.0	36.34543228149414	9.988102912902832	30.447429656982422	6.8937087059021	54.097137451171875	31.157808303833008	100.19403076171875	114.80375671386719	0.0	0.0	47.651302337646484	91.58695983886719	0.0	0.0	37.82339859008789	85.28829956054688	157.94923400878906	0.0	275.0203552246094	216.01922607421875	0.0	0.0	0.0	163.47669982910156	0.0	265.5332336425781	0.0	77.29549407958984	0.0	0.0	0.0	0.0	0.0	0.0	7.146927833557129	0.0	0.0	147.10165405273438	373.37249755859375	0.0	0.0	0.0	0.0	1025.4285888671875	616.3836669921875	110.37857818603516	0.0	1086.610107421875	1015.8372802734375	0.0	169.94784545898438	868.817138671875	154.77951049804688	947.9011840820312	669.7203979492188	429.5220947265625	468.5658874511719	795.5249633789062	869.3330078125	103.041259765625	375.7123107910156	344.3564147949219	0.0	0.0	0.0	0.0	0.0	0.0	0.0	0.0	0.0	0.0	0.0	0.0	0.0	0.0	0.0	0.0	0.0	0.0	103.25009155273438	0.0	0.0	0.0	0.0	18.487281799316406	205.2389678955078	296.2497253417969	311.73199462890625	707.0379028320312	494.43182373046875	1031.30615234375	1109.1719970703125	1064.2874755859375	288.0351257324219	19.314191818237305	0.0	0.0	33.316009521484375	20.037187576293945	19.739519119262695	229.9255828857422	259.38214111328125	69.99153137207031	3.1764919757843018	0.0	0.0	18.354597091674805	0.0	3.8233063220977783	0.0	0.0	611.0910034179688	266.00677490234375	0.0	534.4039306640625	855.2069702148438	0.0	25.944345474243164	771.8255615234375	629.9942016601562	701.4285278320312	593.8051147460938	585.3482055664062	499.57757568359375	537.5711669921875	246.02920532226562	111.77912139892578	1.1422319412231445	192.6053466796875	346.0712585449219	61.103694915771484	121.07341003417969	100.83116912841797	0.0	506.76922607421875	380.6817932128906	96.282958984375	69.09516906738281	377.06103515625	476.3929748535156	203.18421936035156	0.0
195.7772674560547	709.3853149414062	239.57901000976562	0.0	0.0	0.0	192.422607421875	0.0	336.3790283203125	391.6336975097656	0.0	0.0	116.99292755126953	206.45126342773438	0.0	0.0	103.22381591796875	71.81684875488281	445.5903625488281	263.8016357421875	82.25737762451172	337.72625732421875	296.6909484863281	630.9681396484375	189.9647674560547	341.23419189453125	580.321044921875	594.559326171875	340.0545654296875	448.8108825683594	260.0316467285156	67.13191223144531	6.658865451812744	117.90699005126953	0.0	0.0	0.0	41.93850326538086	70.44515991210938	53.80548095703125	81.82064056396484	0.0	0.0	64.17752075195312	56.402862548828125	145.18898010253906	5.097474575042725	60.28651428222656	15.865823745727539	315.20361328125	0.0	448.3848571777344	0.0	949.5706176757812	445.60015869140625	313.5567321777344	0.0	601.5418090820312	633.4096069335938	40.558292388916016	107.06068420410156	103.18986511230469	425.3829650878906	0.0	0.0	282.7555236816406	0.0	293.4053955078125	171.7901611328125	728.0408935546875	0.0	0.0	0.0	221.26539611816406	58.29395294189453	0.0	351.932861328125	231.9409942626953	0.0	0.0	100.5771484375	74.97874450683594	0.0	0.0	0.0	0.0	0.0	0.0	202.27120971679688	0.0	0.0	0.0	28.918651580810547	0.0	0.0	0.0	0.0	0.0	0.0	0.0	0.0	0.0	0.0	468.7292175292969	0.0	0.0	67.09164428710938	171.8679656982422	0.0	0.0	296.3756408691406	327.23748779296875	104.6258544921875	4.240260601043701	0.0	95.59113311767578	79.30915069580078	150.93789672851562	44.34199142456055	0.0	0.0	94.13520050048828	54.079246520996094	0.0	0.0	10.972007751464844	90.60449981689453	0.0	0.0	70.27759552001953	0.0	0.0	0.0	330.1518249511719	0.0	0.0	0.0	253.81455993652344	0.0	0.0	0.0	76.7083969116211	0.0	0.0	18.18808937072754	0.0	70.10826110839844	269.1879577636719	37.649837493896484	485.8641662597656	0.0	0.0	0.0	447.9637145996094	127.85106658935547	0.0	0.0	67.70054626464844	0.0	0.0	0.0	837.4957885742188	875.4887084960938	771.5186767578125	101.1888198852539	209.95803833007812	932.7191162109375	733.9841918945312	12.69287109375	656.954345703125	1017.67724609375	102.29463958740234	316.7530822753906	620.44091796875	488.4129943847656	0.0	100.71312713623047	0.0	0.0	0.0	61.749290466308594	0.0	0.0	0.0	76.6335678100586	0.0	0.0	0.0	142.2162628173828	0.0	0.0	66.46712493896484	0.0	129.641357421875	116.16895294189453	447.2225341796875	0.0	130.40367126464844	291.28057861328125	93.74380493164062	0.0	125.13851928710938	185.50015258789062	230.99462890625	523.2813720703125	1043.35888671875	566.7526245117188	161.93870544433594	71.20362854003906	226.90992736816406	140.33396911621094	91.39165496826172	0.0	144.03233337402344	123.3740005493164	107.11363220214844	0.0	178.19631958007812	0.0	0.0	16.098432540893555	4.953738212585449	0.0	0.0	0.0	0.0	446.844482421875	410.40960693359375	68.43892669677734	401.91253662109375	957.6304321289062	442.5833740234375	50.04690933227539	127.81895446777344	610.95166015625	433.0135192871094	0.0	688.2719116210938	498.3412780761719	222.49485778808594	141.71710205078125	168.952880859375	0.0	0.0	184.99136352539062	229.1151580810547	247.08355712890625	0.0	221.87103271484375	0.0	0.0	86.25611877441406	143.86798095703125	218.92832946777344	83.14009857177734	58.62416458129883
266.65380859375	521.7511596679688	0.0	0.0	0.0	124.85145568847656	699.337646484375	564.3302612304688	0.0	224.48709106445312	8.190496444702148	173.53604125976562	81.08464050292969	242.75477600097656	728.4192504882812	374.77703857421875	87.49071502685547	273.019775390625	434.3358459472656	9.07584285736084	130.3371124267578	420.25213623046875	0.0	198.88003540039062	452.69256591796875	510.2362365722656	643.0694580078125	102.2342758178711	343.8599853515625	144.10055541992188	518.430908203125	579.6643676757812	0.0	0.0	72.05265808105469	34.467559814453125	0.0	79.68921661376953	227.95909118652344	394.6553649902344	124.13455963134766	31.115812301635742	0.0	24.423965454101562	136.40853881835938	423.64923095703125	542.5458374023438	109.60492706298828	192.86224365234375	164.9993133544922	0.0	100.55368041992188	394.2649230957031	240.52761840820312	239.5478973388672	327.078857421875	761.9075317382812	23.05441665649414	0.0	1075.0155029296875	393.8421325683594	139.34243774414062	181.88453674316406	0.0	72.37077331542969	626.0433959960938	287.84307861328125	0.0	936.5519409179688	611.0379028320312	0.0	0.0	935.5155639648438	0.0	0.0	0.0	520.60791015625	0.0	0.0	0.0	90.06120300292969	0.0	0.0	0.0	0.0	0.0	4.171184062957764	0.0	0.0	0.0	0.0	0.0	0.0	0.0	132.81344604492188	0.0	0.0	0.0	221.824951171875	197.7278594970703	0.0	147.38270568847656	115.50729370117188	148.61558532714844	0.0	171.31907653808594	0.0	72.28543090820312	0.0	0.0	0.0	428.2901306152344	53.73908615112305	0.0	13.121952056884766	73.84912872314453	0.0	21.534780502319336	44.2844352722168	12.280309677124023	51.687313079833984	105.7157974243164	111.40757751464844	142.81614685058594	76.9409408569336	98.68391418457031	0.0	58.72592544555664	44.87521743774414	92.48634338378906	0.0	12.32325553894043	0.0	124.06526184082031	0.0	120.48755645751953	187.4418487548828	97.8696517944336	98.94409942626953	0.0	0.0	0.0	0.0	0.0	0.0	0.0	0.0	91.20796203613281	0.0	0.0	0.0	0.0	52.69099807739258	0.0	154.64599609375	567.4927368164062	659.2482299804688	1086.2281494140625	295.59857177734375	0.0	411.1158142089844	1175.46337890625	873.0518798828125	0.0	869.0205688476562	1017.4769287109375	365.1242370605469	231.51815795898438	505.5845031738281	180.44862365722656	572.4550170898438	891.0877075195312	294.92987060546875	116.76758575439453	9.050952911376953	503.20172119140625	81.1107177734375	0.0	0.0	0.0	1.9744387865066528	0.0	0.0	0.0	0.0	0.0	0.0	0.0	0.0	0.0	0.0	0.0	0.0	225.19825744628906	166.1552734375	147.91268920898438	0.0	155.25100708007812	232.3675079345703	48.70263671875	232.2100372314453	635.647216796875	0.0	66.89886474609375	611.8031616210938	1139.7093505859375	1196.9193115234375	237.3145294189453	133.70980834960938	143.1097412109375	0.0	0.0	6.924973487854004	115.42217254638672	191.06285095214844	71.08148956298828	0.0	250.3800506591797	77.7516860961914	131.62339782714844	0.0	212.42733764648438	237.2775421142578	0.0	0.0	312.87298583984375	498.49188232421875	296.99993896484375	0.0	648.2715454101562	399.94317626953125	0.0	359.0516052246094	1007.3165283203125	495.8527526855469	0.0	299.83636474609375	765.6543579101562	653.4407348632812	110.82550048828125	125.64344024658203	77.04570007324219	31.194896697998047	144.2709197998047	156.85400390625	0.0	253.69822692871094	336.35101318359375	261.2744445800781	556.0804443359375	182.7115936279297	38.43366622924805	12.205206871032715	472.09271240234375	381.08099365234375	88.39384460449219
56.17577362060547	212.10658264160156	0.0	0.0	0.0	295.25311279296875	432.4461975097656	524.2769775390625	0.0	0.0	254.47799682617188	0.0	109.08736419677734	345.29669189453125	487.3152160644531	0.0	72.04776000976562	298.1374206542969	419.20782470703125	0.0	200.72511291503906	446.7638854980469	281.67401123046875	224.29595947265625	347.48974609375	426.0512390136719	263.4490661621094	147.91624450683594	239.4757080078125	202.4091033935547	381.15179443359375	635.498046875	0.0	0.0	0.0	30.69684600830078	0.0	107.00667572021484	462.94622802734375	310.1376953125	0.0	38.94383239746094	0.0	144.79933166503906	52.617610931396484	457.1102600097656	358.7957458496094	88.45536804199219	29.831031799316406	183.6118621826172	102.81806945800781	178.38088989257812	142.4054412841797	532.9539184570312	555.0916137695312	336.1407165527344	202.5199737548828	316.2991638183594	881.7613525390625	1147.818115234375	0.0	506.0345458984375	0.0	78.66969299316406	0.0	630.2174072265625	569.7196044921875	0.0	616.5503540039062	746.1708374023438	0.0	0.0	725.6660766601562	171.4666748046875	0.0	0.0	354.1178894042969	0.0	0.0	0.0	17.72862434387207	0.0	0.0	0.0	0.0	0.0	0.0	0.0	0.0	0.0	0.0	0.0	0.0	0.0	0.0	0.0	0.0	0.0	156.80528259277344	164.23919677734375	0.0	0.0	289.05914306640625	203.65475463867188	0.0	0.0	175.28997802734375	153.71578979492188	0.0	49.785823822021484	195.38490295410156	409.62005615234375	81.09009552001953	0.0	33.060062408447266	64.33148956298828	9.800228118896484	50.087581634521484	104.21636962890625	38.33333969116211	0.0	47.90817642211914	254.8259735107422	126.45513916015625	0.0	25.24757957458496	41.77449035644531	37.97439956665039	0.0	97.21734619140625	160.78768920898438	0.0	0.0	254.27401733398438	0.0	0.0	0.0	41.22932815551758	0.0	0.0	0.0	0.0	0.0	0.0	0.0	0.0	13.486079216003418	124.58566284179688	0.0	104.24913787841797	198.4061279296875	0.0	0.0	0.0	596.2272338867188	406.0308532714844	165.74705505371094	815.956298828125	152.27294921875	0.0	29.321571350097656	1120.397705078125	1261.7880859375	0.0	472.4817199707031	787.346923828125	155.3978729248047	218.14984130859375	424.4464111328125	702.6649169921875	671.5555419921875	890.7437133789062	115.28164672851562	5.578030586242676	430.274169921875	70.10681915283203	89.70274353027344	0.0	0.0	0.0	135.6041259765625	0.0	0.0	0.0	103.27183532714844	0.0	0.0	0.0	0.0	0.0	0.0	0.0	0.0	0.0	164.07228088378906	125.14200592041016	0.0	660.5426025390625	457.7828063964844	0.0	0.0	361.3835754394531	171.88418579101562	130.53125	194.17518615722656	1083.1669921875	876.8909301757812	390.8893737792969	92.48178100585938	119.60881805419922	0.0	0.0	0.0	260.9036560058594	175.24099731445312	100.1593246459961	0.0	7.632952690124512	133.00889587402344	29.06754493713379	0.0	93.38631439208984	0.0	0.0	0.0	166.13360595703125	584.1138305664062	273.83917236328125	0.0	602.3048095703125	812.7540893554688	39.83697509765625	0.0	946.277099609375	537.0061645507812	313.42755126953125	151.1300506591797	916.9342651367188	378.5122375488281	476.85711669921875	137.56248474121094	137.9810791015625	0.0	75.51823425292969	187.8308868408203	9.02866268157959	283.87127685546875	333.9622802734375	174.76612854003906	221.01416015625	87.99295806884766	120.86431121826172	43.6341552734375	364.4966735839844	304.1785583496094	38.08853530883789
884.0184936523438	901.0661010742188	681.4031372070312	288.5018310546875	179.8773956298828	0.0	0.0	0.0	74.25444030761719	186.37408447265625	72.2523422241211	0.0	21.236997604370117	21.119043350219727	0.0	0.0	117.42230987548828	96.10479736328125	271.5483093261719	246.44351196289062	167.12432861328125	171.4858856201172	139.2264404296875	252.78863525390625	0.0	41.34489822387695	563.6246337890625	289.7859802246094	128.7806854248047	452.21343994140625	601.4738159179688	114.97700500488281	336.49188232421875	279.35174560546875	171.90484619140625	81.87477111816406	44.17815399169922	3.791131019592285	0.0	11.979899406433105	237.4986572265625	187.6425323486328	0.0	8.36904525756836	0.0	0.0	45.215389251708984	31.36006736755371	213.47000122070312	145.84371948242188	802.0880126953125	855.8457641601562	0.0	0.0	971.4552612304688	777.559326171875	0.0	123.36336517333984	294.2676086425781	0.0	0.0	298.55291748046875	98.60842895507812	0.0	0.0	0.0	186.33839416503906	0.0	174.69869995117188	0.0	485.035400390625	0.0	0.0	142.72518920898438	375.6366882324219	0.0	81.77674102783203	913.1702270507812	0.0	0.0	208.0846405029297	175.24496459960938	0.0	0.0	0.0	186.20237731933594	0.0	0.0	172.91165161132812	266.4090576171875	0.0	0.0	58.43424606323242	0.0	0.0	0.0	0.0	0.0	0.0	0.0	0.0	0.0	0.0	349.044189453125	71.73233032226562	95.81134796142578	288.948486328125	468.69268798828125	0.0	0.0	298.510498046875	257.4520568847656	19.21809959411621	56.22061538696289	119.93755340576172	53.3643913269043	0.0	55.46299362182617	86.97190856933594	75.59288787841797	38.83255386352539	5.756261348724365	20.611312866210938	9.319123268127441	36.96968078613281	0.0	0.0	1.6857664585113525	207.1255645751953	271.10784912109375	0.0	0.0	0.0	0.0	83.6192855834961	0.0	0.0	0.0	179.4263458251953	0.0	0.0	149.24635314941406	121.14939880371094	0.0	0.0	0.0	109.42362976074219	0.0	461.085693359375	208.1168212890625	188.12368774414062	0.0	0.0	0.0	0.0	0.0	0.0	0.0	0.0	0.0	309.6408386230469	385.7751770019531	404.32537841796875	674.5614624023438	387.409912109375	60.20553970336914	1121.356689453125	847.51513671875	0.0	736.2443237304688	1023.0952758789062	0.0	191.702880859375	1114.8671875	639.2086791992188	0.0	40.35628890991211	0.0	0.0	0.0	0.0	0.0	0.0	0.0	6.895472526550293	0.0	0.0	0.0	119.058349609375	0.0	0.0	65.00679016113281	802.110595703125	798.3970336914062	433.44732666015625	292.6142883300781	670.60107421875	351.7403259277344	201.51797485351562	231.03292846679688	0.0	0.0	208.65814208984375	209.43467712402344	0.0	226.2358856201172	381.29937744140625	119.21590423583984	207.67027282714844	214.29104614257812	208.7703399658203	26.74542999267578	80.90361785888672	0.0	0.0	0.0	224.56129455566406	183.52622985839844	0.0	0.0	112.85723876953125	0.0	0.0	0.0	0.0	15.94198226928711	0.0	378.64825439453125	199.42913818359375	438.7181091308594	7.9686503410339355	465.6812744140625	209.3116912841797	174.20962524414062	589.0753173828125	498.66827392578125	0.0	451.0	842.71533203125	162.16671752929688	226.35853576660156	276.16064453125	208.62908935546875	161.32054138183594	16.04800796508789	49.96434020996094	0.0	0.0	0.0	0.0	0.0	0.0	204.3848114013672	108.19429779052734	0.0	0.0
436.2245788574219	629.8802490234375	0.0	31.258214950561523	0.0	0.0	0.0	0.0	0.0	0.0	296.902587890625	180.1297149658203	376.94384765625	959.8754272460938	786.1287841796875	0.0	94.62803649902344	630.5349731445312	445.2329406738281	13.652580261230469	297.67041015625	408.87518310546875	105.70355987548828	72.30369567871094	440.2739562988281	96.13822937011719	142.67556762695312	413.7360534667969	357.4327697753906	259.6315002441406	370.393310546875	540.2335205078125	50.98295974731445	0.0	64.21858215332031	331.1797790527344	0.0	223.0970001220703	119.38705444335938	83.9869613647461	0.0	67.43435668945312	53.21959686279297	0.0	513.1307373046875	550.0963134765625	175.96543884277344	40.358680725097656	212.30589294433594	100.01690673828125	537.6697387695312	1217.8726806640625	199.27670288085938	30.688196182250977	0.0	944.9466552734375	510.3742370605469	0.0	119.84297180175781	634.0333251953125	737.7483520507812	0.0	0.0	34.448543548583984	271.4513854980469	436.1951904296875	0.0	0.0	887.7101440429688	236.5257110595703	0.0	0.7928613424301147	1054.216552734375	0.0	101.4706802368164	898.0773315429688	237.1082305908203	0.0	421.6128234863281	572.6442260742188	105.61634826660156	0.0	0.0	0.0	0.0	0.0	0.0	0.0	0.0	0.0	204.5579833984375	0.0	0.0	122.21482849121094	126.73351287841797	0.0	0.0	0.0	158.08338928222656	236.739990234375	0.0	246.95823669433594	100.42864990234375	443.5689392089844	89.50592041015625	263.5627746582031	0.0	73.02809143066406	56.88692092895508	0.0	0.0	200.56524658203125	54.09624099731445	0.0	236.70443725585938	115.40987396240234	0.0	0.0	272.8827209472656	166.1842803955078	0.0	45.559268951416016	0.0	36.37144470214844	63.58291244506836	65.90769958496094	0.0	4.0889716148376465	62.764835357666016	34.085716247558594	0.0	0.0	122.29412078857422	50.60832977294922	0.0	123.90441131591797	210.78921508789062	0.0	230.30368041992188	320.7650146484375	131.04354858398438	61.12765884399414	93.1057357788086	12.954826354980469	41.824405670166016	0.0	622.4622192382812	746.8676147460938	0.0	0.0	99.90513610839844	715.5484008789062	0.0	0.0	0.0	8.75991153717041	604.16064453125	0.0	0.0	0.0	628.8956909179688	1153.5782470703125	407.962158203125	349.8846740722656	958.5320434570312	710.3085327148438	0.0	310.67205810546875	913.317626953125	0.0	292.6507873535156	971.1514282226562	21.117584228515625	32.07427978515625	810.9239501953125	634.4383544921875	49.8333625793457	0.0	0.0	0.0	0.0	0.0	37.8164176940918	0.0	0.0	0.0	0.0	0.0	0.0	7.509015083312988	0.0	0.0	56.30519104003906	406.07086181640625	444.1220397949219	422.2983703613281	0.0	125.6885757446289	0.0	0.0	3.2363431453704834	78.43997192382812	0.0	0.0	1378.0325927734375	1362.4840087890625	677.43212890625	399.23065185546875	137.48818969726562	118.22809600830078	17.46002960205078	0.0	0.0	4.349040985107422	0.0	24.819656372070312	89.02813720703125	81.55435180664062	0.0	0.0	77.40361022949219	112.82876586914062	34.92262649536133	0.0	0.0	494.4209899902344	429.43109130859375	302.750244140625	162.78965759277344	896.8983154296875	411.9563903808594	91.56865692138672	884.6080322265625	663.6177368164062	0.0	138.69229125976562	984.2308349609375	384.7347106933594	0.0	503.81146240234375	126.17463684082031	75.18487548828125	0.0	315.3562316894531	94.09468078613281	0.0	0.0	72.942626953125	125.074951171875	210.49459838867188	308.6632995605469	3.3841686248779297	560.6895141601562	433.0350646972656	300.22149658203125	46.46039581298828
387.2347717285156	442.94610595703125	0.0	0.0	0.0	0.0	0.0	132.5911865234375	0.0	230.27651977539062	447.3022766113281	297.1644287109375	323.9468994140625	940.48828125	643.2757568359375	0.0	98.84036254882812	547.4943237304688	408.5001220703125	0.0	314.8785705566406	380.07135009765625	0.0	193.95806884765625	366.19989013671875	0.0	129.3944091796875	568.7931518554688	292.6474304199219	297.8880310058594	360.840576171875	516.1015014648438	0.0	0.0	0.0	406.027587890625	0.0	161.49700927734375	190.46224975585938	0.0	36.90232467651367	0.0	0.0	0.0	334.1811218261719	412.9696960449219	147.00350952148438	191.65794372558594	218.24014282226562	79.35356903076172	39.26519775390625	1433.6497802734375	332.6419677734375	123.88442993164062	0.0	1127.44140625	688.6426391601562	0.0	0.0	162.31842041015625	757.4321899414062	76.79090118408203	0.0	11.919459342956543	441.2835693359375	470.64483642578125	0.0	0.0	984.34423828125	132.4568634033203	0.0	286.3034973144531	1161.0390625	0.0	7.481260299682617	697.1771240234375	430.5589599609375	0.0	298.9150085449219	165.95205688476562	47.205318450927734	0.0	0.0	0.0	0.0	0.0	83.44985961914062	0.0	0.0	0.0	167.6748046875	0.0	0.0	0.0	0.0	0.0	0.0	0.0	0.0	283.886962890625	0.0	359.0327453613281	171.2908935546875	424.3506774902344	60.25690841674805	258.0654296875	0.0	0.0	26.655298233032227	0.0	0.0	243.78106689453125	64.34700012207031	0.0	206.61167907714844	330.17120361328125	0.0	0.0	28.838476181030273	262.0008239746094	58.71855545043945	45.271278381347656	26.71747398376465	0.0	101.85871887207031	71.79537200927734	0.0	12.647317886352539	48.833587646484375	71.81796264648438	0.0	0.0	226.28529357910156	0.0	0.0	357.5118103027344	179.43235778808594	0.0	211.36643981933594	326.9310607910156	75.9757080078125	0.0	0.0	0.0	0.0	0.0	540.3960571289062	926.7442626953125	0.0	0.0	0.0	787.51123046875	0.0	0.0	0.0	0.0	830.0936889648438	95.84226989746094	0.0	0.0	838.66748046875	1159.796875	436.1181640625	260.168701171875	1076.341796875	812.8681640625	0.0	615.8106689453125	784.2520141601562	0.0	710.0319213867188	1012.18994140625	20.923694610595703	268.9037780761719	674.35205078125	336.9127502441406	62.97718811035156	0.0	0.0	0.0	0.0	0.0	0.0	0.0	0.0	0.0	0.0	0.0	0.0	0.0	0.0	0.0	0.0	416.20654296875	619.6055297851562	334.98779296875	0.0	69.2667007446289	0.0	0.0	22.403156280517578	0.0	0.0	116.90097045898438	1392.5880126953125	1484.1365966796875	683.9113159179688	374.10357666015625	152.5254364013672	124.98530578613281	22.02187156677246	52.202903747558594	0.0	41.64581298828125	0.0	40.979835510253906	63.55641555786133	21.298837661743164	76.79304504394531	0.0	106.22434997558594	125.11498260498047	0.0	0.0	0.0	728.1058349609375	610.817138671875	0.0	326.9658203125	856.7081298828125	413.9515686035156	0.0	887.9310302734375	852.3622436523438	0.0	243.58116149902344	857.8359375	599.9515380859375	211.52572631835938	592.16455078125	109.25220489501953	30.401918411254883	0.0	250.34877014160156	101.63871002197266	0.0	124.80159759521484	57.15473175048828	264.5384216308594	202.9542236328125	352.40850830078125	76.15885162353516	454.3428955078125	482.29437255859375	269.7362060546875	0.0
124.63690185546875	280.9547119140625	0.0	37.56829071044922	196.50128173828125	394.3276062011719	458.0445251464844	213.0475616455078	597.154296875	804.1484375	470.2314147949219	0.0	309.0413818359375	0.0	173.8919219970703	152.80848693847656	174.65444946289062	160.13914489746094	142.4683837890625	39.23179626464844	0.0	0.0	0.0	642.2295532226562	233.20742797851562	270.5753479003906	532.5029296875	662.8280639648438	525.5693969726562	64.18205261230469	374.62567138671875	84.0391845703125	0.0	47.96915817260742	48.77916717529297	0.0	134.6148681640625	162.07005310058594	198.85707092285156	0.0	170.62359619140625	238.43667602539062	113.6775131225586	114.68623352050781	68.86064147949219	260.3016052246094	471.422607421875	98.9810562133789	0.0	0.0	0.0	1219.83837890625	78.04088592529297	0.0	62.570831298828125	191.72885131835938	331.3514404296875	200.20982360839844	0.0	0.0	116.48442077636719	298.14508056640625	716.4576416015625	0.0	0.0	232.1638946533203	0.0	221.4936065673828	0.0	39.16354751586914	0.0	377.0380554199219	0.0	0.0	471.814453125	0.0	0.0	0.0	0.0	0.0	15.436607360839844	0.0	140.52523803710938	0.0	101.31736755371094	311.1246337890625	268.4540710449219	0.0	135.26687622070312	216.1826629638672	0.0	0.0	0.0	0.0	0.0	0.0	0.0	0.0	0.0	0.0	0.0	0.0	0.0	291.5916748046875	0.0	0.0	0.0	274.3597717285156	0.0	153.5982666015625	216.42807006835938	229.85316467285156	6.251378536224365	0.0	97.23590850830078	181.77955627441406	0.0	55.7946662902832	30.6965274810791	49.419944763183594	78.81947326660156	0.0	0.0	6.837021827697754	58.97370529174805	128.18167114257812	46.316925048828125	23.118078231811523	19.56194305419922	0.0	0.0	14.033418655395508	218.39964294433594	350.5384216308594	152.64234924316406	126.01595306396484	214.75198364257812	261.376953125	0.0	0.0	0.0	0.0	0.0	0.0	0.7929067611694336	398.95672607421875	253.86793518066406	549.7107543945312	0.0	0.0	3.4030838012695312	0.0	0.0	0.0	0.0	0.0	467.7042236328125	707.9894409179688	268.6778259277344	0.0	127.2620620727539	471.3594665527344	242.67303466796875	1032.4166259765625	0.0	0.0	697.1614990234375	936.6884155273438	580.7611694335938	519.7731323242188	938.1425170898438	131.54881286621094	525.2449951171875	282.8386535644531	137.8734893798828	0.0	3.794226884841919	0.0	0.0	0.0	0.0	0.0	0.0	0.0	0.0	0.0	0.0	0.0	0.0	0.0	0.0	47.94749450683594	237.3597869873047	654.4524536132812	445.8244934082031	180.81138610839844	0.0	0.0	0.0	150.66233825683594	659.9576416015625	663.960205078125	146.802490234375	324.3631896972656	1370.186767578125	1016.7786254882812	465.3157653808594	136.34011840820312	80.20699310302734	84.56434631347656	0.0	19.01245880126953	102.78787231445312	250.84030151367188	203.6155548095703	0.0	326.1298522949219	264.23101806640625	0.0	0.0	72.57322692871094	0.0	0.0	33.809974670410156	108.7570571899414	98.14454650878906	492.267578125	0.0	116.39950561523438	58.619136810302734	143.7593231201172	381.13519287109375	87.6141128540039	110.60919952392578	330.2308654785156	574.30810546875	691.2711181640625	263.6247253417969	681.8539428710938	258.9710693359375	120.73152160644531	0.0	52.274620056152344	0.0	254.8348846435547	118.25939178466797	107.58807373046875	0.0	174.4320068359375	337.12176513671875	153.4197235107422	25.575883865356445	135.72125244140625	89.3190689086914	279.7684631347656	65.9026107788086
393.8292236328125	169.0457763671875	0.0	67.81798553466797	118.50988006591797	232.83424377441406	65.15473175048828	0.0	419.3125305175781	445.1652526855469	182.9849090576172	272.5646667480469	0.0	312.0694580078125	304.9527587890625	0.0	155.65542602539062	333.59368896484375	74.84705352783203	88.29977416992188	54.94916915893555	95.19554901123047	472.4910583496094	0.0	172.88092041015625	352.961669921875	591.5	219.84619140625	84.57492065429688	422.9006042480469	276.21942138671875	258.7654113769531	169.2544708251953	53.71219253540039	93.36970520019531	26.463760375976562	177.84742736816406	48.767974853515625	0.0	0.0	95.36483764648438	0.0	284.1072692871094	16.418598175048828	12.655413627624512	263.7186279296875	1.477921962738037	35.35860061645508	190.6361541748047	44.971717834472656	1055.421142578125	211.94430541992188	0.0	345.6413269042969	426.6297607421875	44.740665435791016	0.0	60.255104064941406	981.3314208984375	183.92405700683594	0.0	0.0	1129.3416748046875	483.10430908203125	365.8385009765625	0.0	51.02190017700195	0.0	99.63858795166016	0.0	331.0774841308594	0.0	0.0	226.5368194580078	0.0	0.0	367.07440185546875	0.0	0.0	0.0	0.0	0.0	0.0	0.0	136.54959106445312	152.1201171875	0.0	0.0	214.30104064941406	0.0	0.0	0.0	127.40029907226562	324.6740417480469	0.0	0.0	0.0	0.0	220.3721923828125	83.92504119873047	0.0	79.88508605957031	281.064208984375	263.8152160644531	0.0	0.0	230.9434051513672	83.96733856201172	0.0	0.0	176.85073852539062	299.3287353515625	33.30104446411133	153.6945343017578	105.93940734863281	0.0	72.90823364257812	0.0	41.89179611206055	0.0	12.981974601745605	169.69187927246094	53.76438522338867	16.924869537353516	0.0	106.3382339477539	149.0859375	17.762876510620117	0.0	0.0	0.0	0.0	23.65236473083496	0.0	307.5616760253906	0.0	124.42393493652344	0.0	0.0	0.0	0.0	0.0	0.0	0.0	280.4525146484375	205.27490234375	252.294921875	0.0	0.0	38.767757415771484	37.15908432006836	0.0	0.0	185.8844757080078	664.3487548828125	0.0	73.74547576904297	0.0	452.6540832519531	64.90979766845703	334.7802429199219	543.7750244140625	814.2915649414062	383.61688232421875	51.563697814941406	456.8520202636719	931.5277709960938	0.0	332.4325256347656	715.15966796875	81.21707916259766	449.39837646484375	288.6169738769531	0.0	742.6248779296875	656.76171875	78.87065124511719	0.0	0.0	0.0	0.0	0.0	0.0	0.0	61.35133361816406	0.0	0.0	0.0	0.0	0.0	0.0	0.0	537.638427734375	389.8886413574219	180.46824645996094	165.7169647216797	0.0	0.0	0.0	0.0	349.97357177734375	257.1627197265625	418.71392822265625	104.15404510498047	208.76898193359375	232.18641662597656	21.991769790649414	186.4890594482422	117.71258544921875	196.0012664794922	73.76881408691406	0.0	6.077737808227539	1.04151451587677	0.0	0.0	171.13897705078125	25.89626121520996	109.69124603271484	40.102787017822266	0.0	0.0	0.0	0.0	0.0	430.0470886230469	131.01612854003906	350.15869140625	94.76368713378906	339.4346923828125	517.4771728515625	338.99755859375	0.0	124.34834289550781	648.409423828125	282.1101379394531	88.15938568115234	513.49462890625	22.58440589904785	487.7719421386719	84.85895538330078	196.83380126953125	137.86647033691406	94.4461441040039	33.98933029174805	83.05160522460938	158.4174346923828	63.753875732421875	184.16065979003906	183.4497528076172	421.7481384277344	186.22193908691406	65.98899841308594	130.49737548828125	0.0	0.0
442.0415954589844	536.9331665039062	198.9138641357422	298.1070861816406	150.8573760986328	388.4815368652344	259.3266906738281	0.0	394.4703369140625	253.72064208984375	0.0	0.0	124.03462219238281	0.0	6.025391101837158	0.0	43.30826187133789	51.190086364746094	123.03565979003906	75.7050552368164	211.7341766357422	511.6025390625	340.63848876953125	291.3841247558594	547.1304321289062	193.11338806152344	445.1260681152344	169.05307006835938	133.75222778320312	0.0	389.229248046875	371.153564453125	0.0	64.55570983886719	246.505859375	171.39349365234375	0.0	86.71670532226562	0.0	63.335235595703125	253.21595764160156	210.64784240722656	59.902103424072266	0.0	180.69004821777344	109.82389068603516	40.759429931640625	0.0	94.94137573242188	195.19827270507812	925.4334716796875	636.2799072265625	153.24830627441406	28.638111114501953	1026.772705078125	942.2915649414062	111.75857543945312	0.0	505.2945556640625	495.02392578125	0.0	0.0	325.9751892089844	55.09283447265625	0.0	0.0	0.0	0.0	233.4061279296875	0.0	0.0	0.0	379.6890563964844	0.0	255.7593536376953	0.0	220.79335021972656	0.0	371.8132629394531	0.0	156.05625915527344	95.20186614990234	0.0	0.0	0.0	75.77628326416016	0.0	0.0	13.373505592346191	0.0	0.0	0.0	81.22389221191406	0.0	0.0	0.0	0.0	0.0	83.04325866699219	14.63134479522705	0.0	0.0	227.5531768798828	275.8498229980469	0.0	0.0	267.575927734375	228.37611389160156	122.84329223632812	95.57321166992188	143.87962341308594	227.69102478027344	60.05217361450195	105.22887420654297	118.15709686279297	6.247774124145508	0.0	7.724380970001221	179.38082885742188	17.906869888305664	0.0	6.663680553436279	34.30208206176758	31.65731430053711	31.99265480041504	104.8765640258789	0.0	0.0	68.83443450927734	88.5589599609375	0.0	38.40788269042969	110.43412017822266	107.17078399658203	0.0	0.0	36.728065490722656	0.0	0.0	110.30215454101562	0.0	0.0	231.4541778564453	107.55594635009766	19.605432510375977	65.42626953125	364.6363525390625	0.0	0.0	0.0	354.7000427246094	231.81649780273438	420.4355773925781	98.72877502441406	0.0	0.0	210.4232635498047	81.69506072998047	0.0	0.0	161.4971466064453	756.8261108398438	201.87437438964844	556.0341186523438	619.7349853515625	518.1311645507812	666.5512084960938	612.916015625	318.2086486816406	306.3540954589844	481.8493957519531	447.3677978515625	80.69861602783203	0.0	623.7322998046875	287.258544921875	25.622804641723633	0.0	0.0	0.0	0.0	0.0	0.0	0.0	0.0	0.0	0.0	0.0	0.0	0.0	0.0	0.0	0.0	63.8046989440918	0.0	23.146507263183594	0.0	258.31787109375	0.0	153.37417602539062	757.5145874023438	758.0260009765625	0.0	135.4654998779297	0.0	0.0	0.0	218.48622131347656	110.21092224121094	133.4399871826172	44.066627502441406	106.94734954833984	37.52688217163086	0.0	0.0	0.0	56.55156326293945	32.5559196472168	0.0	0.0	0.0	7.53874397277832	20.48293113708496	44.523704528808594	0.0	0.0	0.0	138.05149841308594	0.0	487.5172119140625	20.264162063598633	498.0962219238281	280.53485107421875	571.1295776367188	127.73409271240234	496.68206787109375	251.0455780029297	312.8686218261719	39.705589294433594	606.6557006835938	134.14501953125	114.48550415039062	234.3638153076172	258.8518981933594	94.83269500732422	72.36465454101562	0.0	39.12080383300781	96.06957244873047	167.9359893798828	0.0	0.0	0.0	35.51007843017578	25.295923233032227	14.240202903747559
464.4394836425781	831.7601928710938	485.4384460449219	52.435699462890625	644.488037109375	314.902587890625	215.2985382080078	0.0	832.272705078125	484.8648376464844	656.2764892578125	693.1118774414062	934.6250610351562	475.767822265625	327.7146301269531	0.0	57.310272216796875	14.229308128356934	629.75390625	343.6556701660156	127.9657974243164	263.66546630859375	530.9009399414062	248.6147003173828	34.97543716430664	209.8296661376953	494.6887512207031	209.07144165039062	375.45306396484375	440.4972229003906	195.08863830566406	104.64191436767578	95.28894805908203	38.268863677978516	0.0	25.50404930114746	246.9910888671875	41.649169921875	93.72831726074219	0.0	231.62660217285156	273.8529968261719	433.87969970703125	515.7272338867188	322.4989318847656	330.497314453125	272.5699157714844	127.36805725097656	201.62985229492188	118.63987731933594	205.21408081054688	835.7429809570312	93.45552825927734	0.0	95.05712890625	280.5464172363281	97.88945007324219	60.094032287597656	0.0	163.443359375	88.64830017089844	0.0	0.0	122.98143005371094	0.0	0.0	332.0615234375	0.0	10.656994819641113	0.0	0.0	0.0	0.0	0.0	0.0	0.0	103.94815063476562	0.0	0.0	0.0	210.8077392578125	150.04710388183594	0.0	0.0	80.6285171508789	95.5324935913086	38.857666015625	0.0	281.6906433105469	92.05779266357422	0.0	0.0	28.603412628173828	0.0	0.0	84.38827514648438	13.97838306427002	0.0	0.0	0.0	0.0	0.0	0.0	429.3091735839844	0.0	0.0	156.94537353515625	270.8752746582031	0.0	0.0	0.0	168.1293487548828	48.24747848510742	51.03354263305664	54.247779846191406	59.37517547607422	0.0	0.0	0.0	94.8367691040039	22.635669708251953	0.0	0.0	99.42335510253906	0.0	0.0	0.0	113.07208251953125	169.4381866455078	258.276611328125	64.36888885498047	129.85450744628906	0.0	0.0	0.0	0.0	297.88055419921875	59.99837875366211	0.0	166.74412536621094	0.0	0.0	0.0	0.0	0.0	0.0	0.0	259.7049560546875	349.1089782714844	146.64820861816406	0.0	0.0	111.67997741699219	124.8773422241211	0.0	0.0	346.2204284667969	180.35264587402344	277.2422790527344	521.5697631835938	0.0	644.6516723632812	816.1195678710938	719.5192260742188	311.865966796875	571.6444702148438	576.2924194335938	823.7522583007812	258.24859619140625	619.6874389648438	310.6510314941406	0.0	491.9925842285156	162.73904418945312	68.0495834350586	93.70214080810547	32.91181945800781	0.0	0.0	0.0	5.921130180358887	0.0	0.0	0.0	0.0	0.0	0.0	0.0	0.0	0.0	0.0	0.0	0.0	199.44931030273438	226.5054931640625	365.0715026855469	518.481201171875	411.1844177246094	439.639892578125	215.429931640625	0.0	0.0	506.91314697265625	595.8570556640625	842.488525390625	926.031005859375	947.2775268554688	653.8754272460938	35.37110900878906	121.04885864257812	34.04685974121094	49.1548957824707	78.82510375976562	0.0	0.0	0.0	100.6582260131836	29.928091049194336	0.0	0.0	347.9473571777344	66.04606628417969	168.8610382080078	166.59616088867188	0.0	0.0	43.09193801879883	252.0028839111328	0.0	214.4503173828125	311.6305236816406	258.7030944824219	0.0	232.9256134033203	265.65142822265625	196.2281036376953	199.07980346679688	346.4774169921875	216.09112548828125	179.56398010253906	243.37892150878906	359.9556579589844	193.3053741455078	80.04866790771484	189.39598083496094	183.83226013183594	25.384113311767578	10.72050952911377	118.3333969116211	0.0	115.3492202758789	277.2649841308594	169.26548767089844	105.93761444091797	7.578617095947266	0.0
592.01904296875	794.4035034179688	383.6824645996094	406.75994873046875	21.874971389770508	505.6479797363281	357.36126708984375	14.248741149902344	58.03982925415039	0.0	0.0	0.0	32.83062744140625	149.06216430664062	23.017597198486328	0.0	143.3884735107422	125.30088806152344	14.514204978942871	93.71245574951172	308.34716796875	560.5756225585938	230.8038330078125	196.77330017089844	313.4559631347656	0.0	238.6820068359375	186.59715270996094	0.0	130.8458251953125	478.5726623535156	94.47187042236328	126.47117614746094	197.86997985839844	336.10003662109375	175.81436157226562	148.9832763671875	475.7785339355469	96.07498931884766	63.88610076904297	129.04112243652344	0.0	0.0	27.606496810913086	260.92626953125	134.53680419921875	0.0	0.0	309.4504699707031	187.10623168945312	940.3707885742188	281.46319580078125	306.219970703125	110.7139892578125	1161.51513671875	674.1876220703125	0.0	0.0	700.5667114257812	301.4725341796875	52.77251434326172	291.6487121582031	284.31884765625	0.0	50.1142463684082	0.0	0.0	0.0	352.0576477050781	0.0	0.0	0.0	149.34426879882812	0.0	428.9328308105469	0.0	0.0	574.6005249023438	338.5845947265625	0.0	125.09614562988281	0.0	0.0	0.0	0.0	0.0	0.0	0.0	21.96035385131836	125.90821838378906	0.0	0.0	198.63941955566406	211.37667846679688	0.0	0.0	0.0	0.0	0.0	0.0	0.0	0.0	163.33958435058594	143.0060577392578	0.0	56.2336311340332	200.8419189453125	354.06365966796875	16.75693702697754	222.4132537841797	403.20269775390625	472.3783874511719	26.83787727355957	150.594970703125	47.59101486206055	31.521011352539062	0.0	244.0255889892578	291.35516357421875	54.63458251953125	0.0	112.52851867675781	79.01596069335938	85.77374267578125	55.681312561035156	0.0	0.0	0.0	99.13558197021484	12.352675437927246	117.47805786132812	27.07549476623535	0.0	0.0	0.0	0.0	0.0	0.0	69.92936706542969	0.0	0.0	50.37627029418945	290.3912048339844	0.0	0.0	296.65521240234375	389.5136413574219	0.0	614.823974609375	397.0357971191406	398.4385070800781	6.724466323852539	329.7324523925781	730.5794677734375	282.75152587890625	0.0	0.0	0.0	0.0	0.0	630.9503784179688	731.7654418945312	362.6581726074219	526.3121337890625	340.6961975097656	80.18555450439453	608.7217407226562	625.8922119140625	223.08700561523438	0.0	926.6559448242188	462.0101013183594	0.0	687.501953125	912.1144409179688	0.0	21.161523818969727	0.0	0.0	0.0	26.636837005615234	0.0	0.0	0.0	0.0	0.0	0.0	0.0	83.83528137207031	0.0	0.0	21.642101287841797	124.6654052734375	226.55853271484375	0.0	0.0	745.1431884765625	1018.7495727539062	441.133544921875	205.7425994873047	3.2204482555389404	0.0	39.23167037963867	137.7873992919922	0.0	0.0	216.14453125	140.72984313964844	219.1709442138672	302.7033386230469	137.96902465820312	68.1315689086914	0.0	0.0	52.61484909057617	25.561744689941406	0.0	54.76054000854492	0.0	0.0	232.2064971923828	167.85302734375	73.3016128540039	0.0	0.0	46.600120544433594	24.02932357788086	99.7430191040039	160.2371368408203	807.34375	0.0	353.9759216308594	284.8574523925781	268.47198486328125	239.94664001464844	594.5741577148438	68.55620574951172	0.0	708.7708740234375	437.74945068359375	151.73965454101562	127.27364349365234	446.3186340332031	236.74826049804688	85.8701171875	373.7209167480469	108.78206634521484	100.8983383178711	0.0	0.0	25.39276885986328	0.0	48.83662414550781	52.15288162231445	0.0	0.0
132.0600128173828	144.93853759765625	0.0	0.0	0.0	137.66110229492188	648.8529052734375	468.4608459472656	404.7641906738281	611.77978515625	310.7622375488281	209.2948455810547	265.037109375	386.0888671875	650.4276123046875	0.0	100.02874755859375	418.602783203125	575.01611328125	0.0	95.04385375976562	340.1379089355469	0.0	57.70556640625	616.146484375	234.64242553710938	705.7227172851562	227.1639404296875	289.50201416015625	635.0277099609375	545.5825805664062	332.0330505371094	0.0	0.0	97.32489013671875	70.80204772949219	0.0	62.339786529541016	161.47579956054688	234.48670959472656	255.40907287597656	57.92277145385742	0.0	0.0	362.2220764160156	428.6484069824219	517.0528564453125	112.74124145507812	56.7232780456543	116.48959350585938	0.0	63.93558883666992	160.205810546875	164.12794494628906	207.898681640625	423.73272705078125	487.3924865722656	121.41080474853516	0.0	1000.28271484375	185.91334533691406	0.0	0.0	0.0	233.3125457763672	873.2059326171875	47.14369583129883	0.0	799.93505859375	486.0688781738281	0.0	0.0	870.1347045898438	0.0	0.0	0.0	165.7484588623047	0.0	0.0	0.0	42.55685806274414	0.0	0.0	0.0	0.0	0.0	0.0	0.0	0.0	0.0	31.129770278930664	0.0	0.0	0.0	0.0	0.0	0.0	0.0	261.8251953125	162.26943969726562	0.0	82.56095123291016	138.9786376953125	61.78540802001953	0.0	0.0	0.0	0.0	0.0	0.0	89.17295837402344	392.480712890625	51.46525573730469	0.0	0.0	35.84291458129883	0.0	0.0	70.0660400390625	14.381214141845703	77.06511688232422	9.668110847473145	66.45614624023438	97.39199829101562	3.391692638397217	0.0	0.0	60.02435302734375	7.7667741775512695	0.0	0.0	121.53910827636719	0.0	109.72156524658203	0.0	265.5948791503906	327.53167724609375	121.0521011352539	0.0	39.84865188598633	0.0	0.0	0.0	0.0	0.0	0.0	0.0	77.09113311767578	0.0	0.0	0.0	0.0	0.0	0.0	123.3271713256836	473.06304931640625	1135.8099365234375	973.6808471679688	135.17506408691406	0.0	435.5509338378906	1153.460205078125	438.7826232910156	0.0	821.0719604492188	764.3472290039062	321.4221496582031	322.5558776855469	379.0296630859375	421.6424865722656	767.6815795898438	755.3428344726562	190.9317626953125	181.75193786621094	243.83543395996094	209.59832763671875	51.76875686645508	0.0	0.0	0.0	0.0	0.0	0.0	0.0	0.0	0.0	0.0	0.0	0.0	0.0	0.0	0.0	0.0	0.0	177.86195373535156	95.78105163574219	0.0	0.0	0.0	0.0	652.0431518554688	743.7675170898438	295.483154296875	311.05499267578125	1258.9339599609375	1237.151611328125	1088.84228515625	340.5042419433594	74.34313201904297	0.0	0.0	19.352354049682617	0.0	4.197153091430664	151.7992401123047	79.82238006591797	59.37492370605469	199.962890625	47.824485778808594	96.90312957763672	72.84585571289062	131.59817504882812	1.1459059715270996	0.0	0.0	374.2417297363281	606.9224853515625	183.69984436035156	0.0	626.6289672851562	221.6632843017578	0.0	606.0115356445312	666.6297607421875	294.0546875	54.472225189208984	425.26409912109375	463.3081970214844	620.2803344726562	199.32313537597656	110.73698425292969	32.156105041503906	55.46757125854492	133.38687133789062	107.12946319580078	206.24403381347656	291.48016357421875	313.4913024902344	409.33087158203125	372.2226867675781	91.79861450195312	0.0	210.09835815429688	305.70794677734375	213.78036499023438	0.0
201.92868041992188	214.74700927734375	0.0	393.2027587890625	0.0	189.8424530029297	821.08349609375	942.5654296875	496.4557800292969	320.1217956542969	0.0	29.380264282226562	109.82747650146484	276.326416015625	0.705432116985321	106.66114807128906	95.40310668945312	347.0421142578125	434.3108825683594	0.0	105.3967514038086	232.1153106689453	123.44961547851562	287.7078552246094	287.7160949707031	200.03123474121094	370.314208984375	429.9427795410156	310.1153869628906	611.9733276367188	97.12857818603516	110.84508514404297	0.0	0.0	4.148571014404297	119.54566192626953	0.0	206.7408447265625	148.07275390625	230.52212524414062	77.94001770019531	0.0	17.259004592895508	212.98854064941406	151.89122009277344	373.9460144042969	174.75074768066406	156.21987915039062	78.55909729003906	308.7817687988281	0.0	407.00244140625	13.403420448303223	1007.6552124023438	9.906566619873047	0.0	0.0	930.2298583984375	365.59100341796875	22.42203140258789	135.6348876953125	444.2309875488281	839.978271484375	0.0	492.5296630859375	887.1739501953125	0.0	0.0	764.8682250976562	576.5095825195312	0.0	0.0	188.4910125732422	255.16497802734375	0.0	0.0	253.10122680664062	0.0	0.0	0.0	0.0	0.0	0.0	195.43734741210938	0.0	0.0	100.82131958007812	9.526575088500977	181.26536560058594	0.0	0.0	3.6334922313690186	39.356346130371094	0.0	0.0	0.0	0.0	0.0	81.76522827148438	45.6489143371582	0.0	131.83718872070312	112.58809661865234	44.4329719543457	0.0	29.00944709777832	0.0	120.94664764404297	0.0	175.94436645507812	377.4421081542969	376.411865234375	94.8263168334961	0.0	103.53236389160156	172.4380340576172	129.92898559570312	58.5664176940918	0.0	0.0	146.41273498535156	113.59322357177734	0.0	11.947405815124512	0.0	152.14678955078125	111.3441162109375	0.0	0.0	0.0	0.0	139.46109008789062	0.0	269.3367614746094	0.0	109.98228454589844	1.6908482313156128	304.6025695800781	0.0	0.0	0.0	109.93167114257812	0.0	0.0	0.0	0.0	278.57440185546875	351.55352783203125	101.88044738769531	426.9266662597656	0.0	0.0	0.0	423.4263000488281	0.0	0.0	87.63153839111328	0.0	0.0	0.0	346.90643310546875	1092.546142578125	375.2717590332031	9.468973159790039	243.53695678710938	163.33900451660156	564.3905029296875	520.8983154296875	364.86279296875	766.9777221679688	990.1461181640625	8.096817016601562	325.6612854003906	269.1763916015625	374.77020263671875	0.0	92.73812103271484	0.0	0.0	0.0	62.56191635131836	0.0	0.0	0.0	30.504905700683594	0.0	0.0	0.0	50.8489990234375	0.0	0.0	61.02040100097656	0.0	199.54673767089844	264.4665832519531	0.0	0.0	364.4101257324219	455.8495788574219	253.38912963867188	0.0	317.05157470703125	355.7108459472656	152.87332153320312	508.0197448730469	1214.1478271484375	364.64117431640625	47.70614242553711	95.48310089111328	56.36275863647461	0.0	0.0	0.0	269.21661376953125	323.2335510253906	176.58767700195312	0.0	227.1324005126953	0.0	0.0	0.0	0.0	45.581565856933594	120.65546417236328	0.0	862.6404418945312	801.2256469726562	0.0	27.169897079467773	996.5819702148438	506.47802734375	0.0	0.0	252.77442932128906	504.2766418457031	315.45831298828125	30.280447006225586	705.4828491210938	548.2052612304688	0.0	142.5469207763672	34.12669372558594	0.0	149.8514404296875	195.5426788330078	282.95465087890625	164.8061065673828	32.2470817565918	258.0633544921875	84.2874984741211	107.62199401855469	0.0	208.55572509765625	315.0930480957031	76.46915435791016	0.0
879.846435546875	952.1182861328125	838.5602416992188	664.2823486328125	0.0	0.0	240.90895080566406	40.711761474609375	100.64283752441406	0.0	82.02791595458984	0.0	0.0	40.07453155517578	15.749470710754395	0.0	122.3326187133789	70.9554672241211	0.0	6.221665859222412	290.3038024902344	0.0	14.166687965393066	231.65728759765625	0.0	107.86929321289062	309.48663330078125	557.4535522460938	0.0	190.29824829101562	515.9031982421875	393.9427795410156	369.0570373535156	391.0334777832031	452.9211120605469	372.9599609375	266.0278625488281	315.89483642578125	115.90068054199219	58.136375427246094	308.70391845703125	208.1503448486328	0.0	0.0	0.0	0.0	0.0	37.200645446777344	390.3202209472656	0.0	242.22447204589844	596.7547607421875	0.0	0.0	512.9683227539062	1166.9771728515625	30.74540901184082	0.0	324.59033203125	93.85021209716797	21.423185348510742	237.60328674316406	296.5228576660156	57.38015365600586	0.0	0.0	0.0	0.0	0.0	0.0	0.0	343.5627746582031	0.0	0.0	914.3139038085938	182.84292602539062	0.0	748.10400390625	1048.265869140625	0.0	130.23971557617188	166.05467224121094	20.663631439208984	15.854432106018066	79.29266357421875	84.91238403320312	123.79603576660156	0.0	88.04324340820312	89.0379638671875	68.79497528076172	0.0	0.0	0.0	0.0	0.0	0.0	0.0	0.0	0.0	52.866695404052734	10.148011207580566	0.0	57.54906463623047	381.244140625	360.7471618652344	106.80392456054688	305.0096435546875	67.8592300415039	0.0	22.02713966369629	305.8629150390625	31.711130142211914	8.108742713928223	40.10499572753906	66.41085052490234	58.03814697265625	80.57605743408203	205.42527770996094	141.8036346435547	50.920127868652344	67.88223266601562	0.0	12.694329261779785	75.73212432861328	21.520246505737305	0.0	0.0	299.6819763183594	0.0	0.0	34.14011764526367	0.0	0.0	0.0	9.173239707946777	0.0	0.0	212.97193908691406	207.17845153808594	0.0	0.0	227.63087463378906	0.0	258.83660888671875	167.51829528808594	306.3472900390625	0.0	368.4841003417969	27.571428298950195	767.5161743164062	728.4263916015625	14.038618087768555	0.0	0.0	0.0	0.0	0.0	0.0	0.0	587.2781372070312	0.0	0.0	259.6606140136719	230.43701171875	0.0	560.6285400390625	1156.8240966796875	0.0	0.0	1100.697509765625	964.2682495117188	0.0	727.4140625	1078.7166748046875	4.629178047180176	0.0	0.0	0.0	0.0	0.0	0.0	0.0	0.0	0.0	72.51924896240234	0.0	0.0	80.57637786865234	92.5174331665039	0.0	0.0	1227.18701171875	1092.51416015625	481.7265625	273.7878723144531	779.766845703125	143.2406463623047	0.0	162.9831085205078	0.0	0.0	0.0	252.10963439941406	0.0	0.0	329.02923583984375	335.9849548339844	249.211669921875	227.21937561035156	233.33128356933594	152.63832092285156	17.009950637817383	0.0	99.51317596435547	149.4419708251953	203.5416717529297	284.8875427246094	194.99851989746094	0.0	16.50861358642578	0.0	0.0	0.0	200.6734161376953	39.35343551635742	21.021120071411133	81.58967590332031	726.1177978515625	136.0274200439453	0.0	234.5525360107422	311.7202453613281	0.0	0.0	621.984619140625	0.0	0.0	769.9307861328125	781.2345581054688	377.98822021484375	417.35546875	529.0359497070312	488.71112060546875	0.0	0.0	0.0	11.077797889709473	0.0	111.34220123291016	67.48922729492188	0.0	113.22249603271484	168.83209228515625	0.0	0.0
237.2787628173828	143.42747497558594	180.66380310058594	55.31134033203125	459.9697265625	201.49932861328125	282.0475158691406	499.254150390625	0.0	0.0	144.52626037597656	0.0	156.8839111328125	225.78262329101562	0.0	110.62125396728516	0.0	100.47293090820312	61.12142562866211	363.374755859375	467.99761962890625	387.380615234375	632.6904296875	548.2025146484375	330.9644775390625	0.0	473.58465576171875	0.0	44.47161102294922	362.6456604003906	364.9183654785156	91.49728393554688	13.96981143951416	0.0	0.0	0.0	106.72661590576172	167.08197021484375	104.0982437133789	343.63671875	0.0	44.350677490234375	25.23269271850586	268.9140625	235.63931274414062	66.88790130615234	188.79286193847656	131.2818145751953	595.3886108398438	297.1531982421875	333.5047302246094	609.7031860351562	596.5599975585938	431.86859130859375	308.2885437011719	288.619873046875	0.0	351.58966064453125	263.328369140625	288.59051513671875	0.0	230.763916015625	45.345394134521484	0.0	157.15487670898438	0.0	1010.1322021484375	666.428955078125	328.62188720703125	0.0	912.3404541015625	0.0	294.275390625	124.77847290039062	378.5271911621094	0.0	0.0	359.9892883300781	0.0	0.0	48.75992965698242	0.0	0.0	0.0	0.0	0.0	0.0	0.0	0.0	42.875484466552734	0.0	0.0	192.03367614746094	0.0	0.0	0.0	31.022300720214844	0.0	0.0	42.69755554199219	0.0	0.0	0.0	174.4981231689453	0.0	0.0	0.0	184.4712371826172	63.85501480102539	204.01666259765625	507.20611572265625	391.2044982910156	76.43513488769531	55.05756759643555	0.0	0.0	146.2822265625	73.82417297363281	0.0	24.505157470703125	76.07154846191406	104.23816680908203	49.86945343017578	72.82585144042969	0.0	0.0	0.0	102.2684555053711	195.6513671875	133.1597137451172	35.11861801147461	230.7643585205078	82.74100494384766	207.00537109375	222.39915466308594	347.97210693359375	0.0	0.0	0.0	0.0	42.03487777709961	47.33921432495117	0.0	0.0	73.3233413696289	0.0	70.62150573730469	0.0	0.0	0.0	0.0	0.0	568.9533081054688	609.3194580078125	140.25636291503906	370.8814392089844	0.0	0.0	0.0	181.2267608642578	373.14801025390625	542.1947021484375	945.7841796875	1073.9146728515625	637.0679321289062	132.9622802734375	920.96484375	364.9866027832031	260.6033935546875	703.115478515625	1093.3470458984375	0.0	0.0	858.9630126953125	470.1324768066406	0.0	0.0	0.0	0.0	0.0	0.0	0.0	0.0	0.0	0.0	0.0	0.0	0.0	27.834238052368164	0.0	0.0	0.0	0.0	0.0	0.0	82.73969268798828	761.3954467773438	853.2039794921875	551.839599609375	800.5006713867188	604.8839111328125	560.7720947265625	973.4716796875	1008.0133666992188	0.0	0.0	113.22920227050781	0.0	137.3936309814453	43.73365020751953	90.97949981689453	67.59331512451172	95.39230346679688	0.0	0.0	0.0	0.0	0.0	190.67251586914062	46.405967712402344	255.89501953125	102.07194519042969	133.3113555908203	158.06011962890625	0.0	0.0	0.0	613.119140625	216.67710876464844	551.3280029296875	330.36834716796875	881.72216796875	402.94769287109375	277.1758728027344	622.077880859375	256.373046875	156.61973571777344	10.013285636901855	723.6812744140625	146.26686096191406	146.93218994140625	193.01258850097656	184.1654815673828	0.0	207.92578125	392.30584716796875	225.45973205566406	386.5126037597656	13.575860023498535	79.12132263183594	15.562779426574707	96.85240936279297	0.0	0.0	0.0	0.0
0.0	96.65599060058594	0.0	0.0	0.0	0.0	357.76171875	395.7904968261719	0.0	244.92965698242188	305.5767822265625	322.9957580566406	222.52767944335938	157.22813415527344	295.98919677734375	0.0	40.84733581542969	136.59555053710938	555.1929321289062	214.9136199951172	87.3751449584961	419.5276184082031	289.90240478515625	147.13661193847656	211.0292205810547	432.70648193359375	256.83306884765625	250.15635681152344	324.484130859375	373.3551025390625	471.56317138671875	278.9671630859375	0.0	0.0	83.7163314819336	59.94371032714844	0.0	0.0	166.66000366210938	97.8292465209961	0.0	0.0	116.61809539794922	258.6502990722656	0.0	213.34951782226562	314.6778564453125	27.857929229736328	0.4800552725791931	255.7473907470703	24.31789779663086	195.05453491210938	0.0	572.998291015625	351.9951171875	0.0	0.0	628.7781982421875	675.4523315429688	1030.224609375	0.0	90.84648132324219	201.86769104003906	702.8895874023438	0.0	1017.2319946289062	628.2291259765625	0.0	286.9609375	1053.892333984375	0.0	0.0	486.02960205078125	821.6851806640625	0.0	0.0	325.5169372558594	273.5396728515625	0.0	0.0	0.0	0.0	0.0	0.0	0.0	0.0	0.0	0.0	0.0	0.0	0.0	0.0	67.73770904541016	0.0	0.0	0.0	0.0	0.0	110.56134796142578	219.2689208984375	0.0	0.0	335.3262939453125	216.432861328125	0.0	0.0	0.0	10.6597318649292	0.0	0.0	77.91488647460938	388.0749816894531	78.39352416992188	0.0	0.0	50.3146858215332	64.33111572265625	35.00920486450195	42.47975540161133	10.37990951538086	18.61343002319336	93.10287475585938	161.89102172851562	0.0	0.0	0.0	158.5508575439453	165.45481872558594	0.0	0.0	0.0	0.0	0.0	383.92706298828125	134.12986755371094	15.099010467529297	0.0	323.2784729003906	0.0	0.0	0.0	0.0	0.0	0.0	0.0	0.0	0.0	57.74264907836914	0.0	0.0	0.0	0.0	0.0	72.72640991210938	368.5621643066406	84.9375	0.0	655.6746826171875	259.51702880859375	188.7927703857422	0.0	1059.420166015625	1222.93359375	0.0	54.02989196777344	834.0967407226562	196.86306762695312	236.93234252929688	141.732421875	517.4808349609375	563.9033203125	537.2335815429688	303.7015075683594	261.2804260253906	460.5393371582031	392.3453674316406	123.73638916015625	7.47542667388916	0.0	0.0	100.40265655517578	0.0	0.0	0.0	89.08406066894531	0.0	0.0	0.0	56.267940521240234	0.0	0.0	0.0	0.0	0.0	202.86666870117188	202.01498413085938	0.0	0.0	97.19298553466797	0.0	0.0	523.2626342773438	487.76220703125	139.34310913085938	180.15658569335938	1082.567138671875	1111.178466796875	350.4308776855469	0.0	60.12644958496094	0.0	0.0	0.0	33.11555480957031	89.48661041259766	92.61906433105469	0.0	277.5566711425781	154.21249389648438	21.1286563873291	0.0	0.0	0.0	0.0	0.0	0.0	781.1651611328125	439.2490539550781	0.0	519.4539794921875	843.0935668945312	0.0	44.79036331176758	596.6824951171875	503.4158630371094	182.62838745117188	71.61310577392578	814.8663330078125	818.4624633789062	268.4624328613281	148.12722778320312	114.27522277832031	0.0	0.0	182.1302947998047	112.14522552490234	266.6950378417969	218.95382690429688	244.6824493408203	153.61863708496094	78.46784973144531	278.4841003417969	213.29429626464844	299.7250061035156	266.35125732421875	15.684237480163574
61.17875671386719	0.0	0.0	0.0	60.61885070800781	198.4899139404297	225.75392150878906	0.0	272.6553955078125	325.8851013183594	256.8624267578125	0.0	91.31226348876953	374.12957763671875	36.325653076171875	9.1961088180542	189.50018310546875	304.4581604003906	193.47406005859375	7.702600479125977	0.0	0.0	307.5487365722656	347.4555969238281	117.64277648925781	89.16120147705078	466.0807189941406	211.50445556640625	217.73646545410156	507.9764404296875	300.9073791503906	100.71240234375	0.0	0.0	36.81819152832031	42.03152084350586	176.36282348632812	105.7913589477539	0.0	0.0	121.57245635986328	55.17695236206055	0.0	0.0	262.8611145019531	407.7402648925781	105.00730895996094	68.65287017822266	0.0	0.0	1244.43505859375	699.6190795898438	11.354480743408203	0.0	740.6063842773438	429.3444519042969	148.4514923095703	363.6882019042969	585.343994140625	47.809593200683594	29.24113655090332	251.25563049316406	807.2672729492188	6.603763103485107	103.26264190673828	239.24728393554688	0.0	0.0	0.0	0.0	450.5594177246094	0.0	0.0	205.42889404296875	763.1453247070312	0.0	0.0	0.0	112.43960571289062	0.0	0.0	0.0	0.0	0.0	57.7983512878418	200.53158569335938	0.0	0.0	103.53975677490234	136.2476806640625	0.0	0.0	130.87680053710938	0.0	0.0	0.0	0.0	0.0	204.3743896484375	96.6964111328125	0.0	0.0	229.99339294433594	166.68228149414062	0.0	0.0	10.536300659179688	181.6277313232422	0.0	0.0	264.0074768066406	225.56617736816406	0.0	134.99887084960938	205.35336303710938	45.252899169921875	7.565248966217041	0.0	88.8815689086914	20.732505798339844	54.490264892578125	45.23494338989258	6.194795608520508	0.0	0.0	128.1952667236328	122.88190460205078	0.0	0.0	0.0	0.0	0.0	0.0	218.94017028808594	415.15380859375	41.124210357666016	0.0	20.002073287963867	311.73382568359375	0.0	0.0	0.0	0.0	0.0	11.474311828613281	313.76751708984375	479.8873291015625	145.94589233398438	0.0	0.0	45.63087463378906	29.497116088867188	0.0	209.851806640625	0.0	0.0	67.23816680908203	0.0	207.7017059326172	0.0	206.24887084960938	357.14971923828125	382.6098327636719	601.0478515625	0.0	0.0	740.882568359375	436.8104553222656	258.0342712402344	420.9823913574219	759.4100952148438	24.907346725463867	175.43377685546875	476.6350402832031	676.8063354492188	0.0	17.87333106994629	0.0	0.0	0.0	0.0	0.0	0.0	0.0	17.319746017456055	0.0	0.0	0.0	50.14097595214844	0.0	0.0	67.08416748046875	251.0669403076172	92.56583404541016	198.0395050048828	208.33851623535156	0.0	0.0	0.0	68.68555450439453	0.0	0.0	104.0172119140625	219.00131225585938	503.66339111328125	999.15283203125	640.8764038085938	330.3002014160156	14.369589805603027	0.0	62.804039001464844	0.0	64.445068359375	64.03652954101562	0.0	35.89613723754883	121.96131134033203	121.94081115722656	0.0	0.0	0.0	0.0	0.0	0.0	139.24407958984375	396.4015197753906	196.28541564941406	414.62689208984375	129.36264038085938	124.24459838867188	0.0	549.2885131835938	0.0	0.0	480.129638671875	655.8855590820312	40.48221969604492	543.0531005859375	622.4948120117188	357.4426574707031	90.06704711914062	0.0	0.0	161.7799072265625	50.71274948120117	320.70819091796875	0.0	27.929080963134766	130.33258056640625	366.854248046875	187.54931640625	0.0	197.71548461914062	340.0856018066406	276.8241882324219	181.38101196289062
556.4356079101562	757.698486328125	776.0054931640625	691.2796630859375	149.1555938720703	0.0	60.310707092285156	0.0	68.95001983642578	0.0	0.0	0.0	0.0	0.0	0.0	0.0	120.36619567871094	12.158659934997559	42.7281379699707	153.66006469726562	184.25234985351562	0.0	96.0869140625	287.7682800292969	0.0	102.25468444824219	434.39239501953125	449.0801086425781	0.0	108.91536712646484	497.9521179199219	24.81348419189453	490.0673828125	620.5442504882812	516.4960327148438	148.1006622314453	360.893310546875	296.2425842285156	0.0	2.4875123500823975	114.50804901123047	16.40558433532715	0.0	0.0	0.0	0.0	0.0	23.489158630371094	105.9648666381836	0.0	822.5011596679688	472.0514221191406	0.0	0.0	1171.3135986328125	906.638916015625	53.79707336425781	0.0	318.4413757324219	60.571842193603516	16.425439834594727	414.1995544433594	215.87417602539062	0.0	0.0	0.0	0.0	0.0	0.0	0.0	434.6316833496094	0.0	0.0	234.17015075683594	1210.85546875	0.0	0.0	1057.5452880859375	1021.6889038085938	0.0	0.0	0.0	2.938342332839966	0.0	249.97169494628906	87.38212585449219	0.5125367641448975	0.0	158.56439208984375	104.37860107421875	0.0	0.0	0.0	45.39421081542969	0.0	0.0	0.0	0.0	6.472711563110352	0.0	147.07421875	113.36024475097656	164.63327026367188	222.16278076171875	147.84127807617188	79.56745910644531	158.3927764892578	304.8189392089844	0.0	0.0	161.4226531982422	291.6899719238281	30.573740005493164	60.475643157958984	65.6756820678711	44.52317428588867	0.0	199.8214111328125	211.88479614257812	77.30329895019531	66.75180053710938	0.0	0.0	0.7332285642623901	79.59982299804688	0.0	0.0	0.0	0.0	0.0	0.0	53.850738525390625	0.0	0.0	39.4282112121582	5.967850685119629	1.4666491746902466	0.0	324.9895324707031	0.0	0.0	46.352970123291016	316.5367736816406	0.0	897.544921875	1050.930908203125	696.369384765625	0.0	0.0	359.22564697265625	738.79541015625	169.14572143554688	0.0	0.0	0.0	0.0	0.0	0.0	0.0	0.0	334.95855712890625	0.0	142.85386657714844	532.7071533203125	31.618457794189453	0.0	856.2215576171875	969.8157958984375	0.0	190.66021728515625	937.2770385742188	190.0253448486328	0.0	931.816162109375	964.6954345703125	0.0	0.0	0.0	0.0	0.0	0.0	0.0	0.0	0.0	11.384110450744629	70.53092956542969	0.0	0.0	116.4483871459961	41.495094299316406	0.0	45.69136047363281	1013.7102661132812	1118.4710693359375	461.3717041015625	190.08203125	0.0	0.0	0.0	197.15399169921875	0.0	0.0	64.96673583984375	298.62823486328125	0.0	0.0	298.6883239746094	231.860595703125	178.51025390625	225.57638549804688	181.6962890625	112.93893432617188	79.5848388671875	0.0	0.0	0.0	387.5528564453125	335.2540283203125	17.34989356994629	0.0	0.0	0.0	18.165224075317383	0.0	0.0	119.22734069824219	76.8763427734375	261.3556823730469	398.6661376953125	226.92529296875	0.0	511.645751953125	0.0	0.0	447.6465759277344	737.0501098632812	0.0	0.0	722.845947265625	475.23779296875	107.12654876708984	467.8756103515625	540.9417724609375	377.5457458496094	0.0	0.0	0.0	6.783669471740723	66.86842346191406	161.11599731445312	0.0	0.0	153.48089599609375	171.49620056152344	0.0	4.890671253204346
0.0	370.40789794921875	376.90606689453125	188.5242462158203	273.0381774902344	439.662353515625	41.18973159790039	651.2613525390625	810.0637817382812	1067.89208984375	927.8652954101562	0.0	716.607177734375	1214.619140625	373.7698059082031	0.0	0.0	114.91964721679688	427.9524230957031	111.41156768798828	115.17578887939453	235.04002380371094	272.1799011230469	83.34388732910156	158.92945861816406	0.0	109.01464080810547	519.5797119140625	72.76053619384766	42.34553527832031	471.94854736328125	603.8391723632812	6.294857978820801	0.0	138.75726318359375	129.6591033935547	42.75278091430664	54.72610092163086	663.6127319335938	782.8082275390625	556.163818359375	480.41717529296875	267.3083190917969	0.0	763.9078979492188	764.3289794921875	308.0833435058594	193.80029296875	20.166154861450195	293.3321533203125	188.9225311279297	0.0	0.7286514639854431	0.0	752.825439453125	1046.5914306640625	21.09784507751465	0.0	379.1739807128906	1001.209228515625	557.6881713867188	0.0	0.0	66.34017944335938	0.0	245.7890167236328	141.77874755859375	0.0	0.0	430.14794921875	0.0	0.0	9.137787818908691	0.0	0.0	25.554067611694336	0.0	0.0	0.0	0.0	53.89052963256836	18.921295166015625	0.0	156.48825073242188	78.57415008544922	0.0	0.0	0.0	76.4070053100586	469.87701416015625	83.5744857788086	0.0	8.920427322387695	0.0	1.6377968788146973	0.0	0.0	0.0	0.0	0.0	0.0	0.0	317.5439758300781	264.9665222167969	0.0	0.0	43.68313980102539	403.71478271484375	0.0	0.0	151.52719116210938	334.0448303222656	64.396240234375	99.00897216796875	0.0	51.69257354736328	57.125858306884766	0.0	203.5924835205078	30.941944122314453	0.0	33.976261138916016	214.96438598632812	127.74842071533203	89.48031616210938	0.0	0.0	0.0	0.0	74.85941314697266	106.79720306396484	0.0	7.840791702270508	0.0	0.0	0.0	0.0	12.038984298706055	0.0	0.0	0.0	0.0	0.0	0.0	0.0	159.97335815429688	82.28277587890625	364.9639587402344	45.97096252441406	166.37181091308594	898.6867065429688	165.88844299316406	0.0	0.0	431.8620300292969	613.9744262695312	1182.9415283203125	536.6851806640625	0.0	0.0	0.0	701.5650024414062	1062.594482421875	378.766845703125	429.1620178222656	814.7342529296875	63.32264709472656	407.7509460449219	335.65667724609375	0.0	658.7940063476562	878.589111328125	190.42355346679688	323.454833984375	154.43756103515625	0.0	58.019439697265625	11.342730522155762	0.0	0.0	49.00163269042969	0.0	0.0	0.0	0.0	0.0	0.0	0.0	0.0	0.0	0.0	0.0	0.0	0.0	154.2270965576172	246.67738342285156	179.7165985107422	610.9236450195312	520.240478515625	181.726806640625	55.962745666503906	0.0	0.0	121.29413604736328	1230.8702392578125	1285.88037109375	370.4053649902344	294.89495849609375	0.0	213.00247192382812	236.1015167236328	112.5244369506836	118.14652252197266	15.457974433898926	410.339111328125	321.72344970703125	0.0	33.566551208496094	0.0	0.0	384.192626953125	485.9683837890625	49.80351638793945	0.0	0.0	0.0	728.956787109375	590.8677978515625	0.0	163.39080810546875	624.11083984375	313.6535339355469	560.2364501953125	423.88922119140625	241.03562927246094	355.9693298339844	395.59228515625	172.05392456054688	172.27645874023438	305.2334899902344	74.49600982666016	164.3236846923828	273.70556640625	81.61479949951172	202.2145538330078	215.03807067871094	26.749813079833984	181.17489624023438	502.1009826660156	189.2227325439453	234.10977172851562	0.0	256.07440185546875	283.7975769042969	106.80097961425781	42.040794372558594
0.0	218.37815856933594	594.9840698242188	629.3831787109375	0.0	457.7903747558594	321.0086669921875	510.060546875	0.0	0.0	367.28680419921875	106.60345458984375	29.014455795288086	180.21006774902344	508.8366394042969	51.275203704833984	89.52556610107422	296.1988525390625	113.392333984375	42.00546646118164	234.9626007080078	379.3524475097656	0.0	167.68978881835938	137.11587524414062	316.85467529296875	0.0	310.68756103515625	309.87274169921875	267.4136962890625	324.9507141113281	561.1155395507812	0.0	143.089599609375	335.155517578125	226.72933959960938	0.0	22.965829849243164	451.76617431640625	569.296875	0.0	394.62200927734375	80.22191619873047	0.0	0.0	414.52178955078125	269.59332275390625	13.867520332336426	0.0	815.2352905273438	330.7135009765625	0.0	0.0	439.6678771972656	193.2937469482422	997.5831298828125	0.0	755.294677734375	54.074161529541016	1016.4864501953125	0.0	846.5440673828125	0.0	62.55467987060547	0.0	878.1535034179688	0.0	0.4082559645175934	155.7529296875	850.6521606445312	0.0	28.26165771484375	452.4456481933594	912.0802612304688	0.0	86.44436645507812	278.482666015625	300.59149169921875	144.4100341796875	0.0	0.0	0.0	0.0	0.0	9.93293285369873	0.0	0.0	0.0	18.32151222229004	0.0	0.0	0.0	73.65313720703125	0.0	0.0	0.0	0.0	0.0	96.16277313232422	0.0	0.0	0.0	186.03565979003906	147.78074645996094	0.0	201.84915161132812	332.2950744628906	327.0728454589844	0.0	86.31414794921875	46.882450103759766	320.1075744628906	49.10114669799805	23.197837829589844	49.7064094543457	6.677960395812988	8.319993019104004	0.0	150.95042419433594	0.0	38.60432815551758	0.0	214.6421661376953	140.26687622070312	101.44036865234375	70.04411315917969	0.0	0.0	0.0	400.332275390625	131.88809204101562	82.15187072753906	0.0	138.1566925048828	0.0	0.0	0.0	53.671302795410156	0.0	136.57449340820312	0.0	118.3462905883789	0.0	0.0	0.0	0.0	0.0	0.0	0.0	421.9261169433594	679.6695556640625	498.84722900390625	0.0	0.0	223.5921173095703	793.02978515625	0.0	988.6712646484375	365.3645324707031	0.0	0.0	499.31170654296875	250.89181518554688	52.55974578857422	158.36968994140625	733.4662475585938	124.08175659179688	421.0060729980469	153.1180419921875	423.2708435058594	68.80414581298828	713.628662109375	235.0362548828125	167.15928649902344	360.11468505859375	175.66253662109375	107.77676391601562	0.0	0.0	0.0	62.05619812011719	0.0	0.0	10.769244194030762	65.93965911865234	0.0	0.0	0.0	0.0	0.0	0.0	0.0	0.0	222.4136962890625	517.7588500976562	0.0	0.0	898.9105834960938	1012.2035522460938	341.57421875	0.0	0.0	0.0	0.0	48.91669464111328	960.0487060546875	933.7410278320312	379.352783203125	0.0	0.0	1.5796328783035278	43.20154571533203	0.0	266.71380615234375	140.27139282226562	117.42481231689453	0.0	84.94882202148438	0.0	0.0	0.0	173.31240844726562	125.21290588378906	0.0	10.85158920288086	314.1177673339844	946.924560546875	0.0	14.718271255493164	454.52984619140625	601.9368896484375	202.014892578125	72.59081268310547	997.6724853515625	994.666015625	265.5926513671875	181.7344512939453	569.9082641601562	654.9229125976562	405.164794921875	168.2692108154297	148.9226837158203	491.83349609375	470.05999755859375	174.3343963623047	9.798514366149902	199.8480224609375	427.2312316894531	173.38710021972656	190.40037536621094	130.12442016601562	0.0	180.14324951171875	335.7112121582031	516.5906372070312	80.458740234375
82.46839904785156	0.0	0.0	0.0	0.0	0.0	0.0	0.0	0.0	40.36652755737305	104.84593200683594	377.4497375488281	215.91256713867188	977.166015625	1081.3984375	422.2947082519531	174.65615844726562	495.2257080078125	96.94671630859375	0.0	429.77734375	353.6976623535156	194.94432067871094	166.76995849609375	352.3746032714844	0.0	0.0	286.2715759277344	260.2806396484375	145.6218719482422	246.63735961914062	527.811767578125	0.0	18.22571563720703	5.247012138366699	412.8822937011719	0.0	246.83657836914062	216.4566650390625	0.0	45.7849006652832	0.0	34.70000076293945	0.0	397.8358459472656	650.98828125	465.1878662109375	84.99491119384766	351.7397766113281	40.78572082519531	0.0	1428.5501708984375	577.14453125	181.7252960205078	0.0	979.6006469726562	742.9391479492188	0.0	0.0	561.1909790039062	747.4188232421875	265.1852111816406	0.0	0.0	1050.9620361328125	297.6427917480469	0.0	0.0	1198.076171875	0.0	0.0	272.8686828613281	1254.955078125	0.0	0.0	980.3461303710938	445.769775390625	0.0	0.0	550.4598388671875	0.0	0.0	0.0	0.0	0.0	0.0	0.0	0.0	0.0	0.0	323.3940734863281	18.784379959106445	0.0	34.427188873291016	160.4145965576172	0.0	0.0	0.0	0.0	313.3220520019531	0.0	363.52825927734375	136.4487762451172	569.4052124023438	118.64204406738281	245.58291625976562	0.7841424942016602	3.080389976501465	46.64449691772461	0.0	0.0	66.35235595703125	0.0	0.0	291.30584716796875	311.0227355957031	0.0	0.0	0.0	243.9943389892578	38.39106369018555	8.255000114440918	0.0	78.9627914428711	117.40853881835938	75.5128173828125	14.67900562286377	0.0	67.8911361694336	91.42354583740234	0.0	0.0	349.27960205078125	55.82392501831055	0.0	132.60406494140625	313.38592529296875	0.0	358.65045166015625	446.9356384277344	38.63023376464844	0.0	15.508254051208496	0.0	2.2184863090515137	0.0	630.542724609375	925.806640625	0.0	0.0	0.0	812.059326171875	0.0	0.0	0.0	0.0	1114.4384765625	457.527099609375	0.0	0.0	1043.699462890625	1143.0972900390625	43.26939392089844	214.33779907226562	950.5885009765625	393.0635070800781	0.0	60.65338134765625	720.0843505859375	65.56616973876953	0.0	1014.4157104492188	88.30705261230469	0.0	277.0477294921875	778.368896484375	0.0	0.0	0.0	0.0	0.0	0.0	10.83171272277832	0.0	0.0	0.0	0.0	0.0	0.0	0.0	17.62276268005371	0.0	0.0	481.3487243652344	465.122314453125	115.82534790039062	53.37310028076172	256.13787841796875	0.0	0.0	119.54008483886719	101.86380767822266	0.0	0.0	1267.2877197265625	1541.0892333984375	1251.803466796875	447.8765563964844	70.81766510009766	0.0	0.0	0.0	91.22100067138672	129.5657501220703	131.32505798339844	21.498828887939453	100.22998809814453	0.0	35.78798294067383	0.0	177.85806274414062	167.95289611816406	129.6013641357422	0.0	0.0	994.1610717773438	368.1817321777344	50.35110092163086	492.2640686035156	967.45556640625	32.182064056396484	0.0	913.6911010742188	806.0654296875	0.0	0.0	852.30517578125	742.98876953125	0.0	353.12359619140625	92.29280853271484	0.0	0.0	268.6874694824219	65.30833435058594	0.0	92.72480773925781	0.0	359.2543640136719	256.1007385253906	394.35809326171875	273.15118408203125	449.123046875	614.711669921875	471.99530029296875	255.48220825195312
457.04168701171875	632.6046142578125	372.5401306152344	519.1810302734375	759.4879150390625	424.1755065917969	475.95343017578125	48.8753662109375	0.0	190.41622924804688	175.35308837890625	392.385986328125	441.0756530761719	411.099853515625	0.0	118.21153259277344	0.0	0.0	316.92510986328125	271.7413330078125	130.48731994628906	455.58612060546875	404.8143615722656	490.3039245605469	68.01344299316406	0.0	453.2016906738281	595.875	20.940296173095703	434.8082275390625	559.4658813476562	77.02535247802734	2.6288928985595703	3.2860021591186523	48.876564025878906	0.0	285.8517150878906	358.25103759765625	105.75958251953125	0.0	63.230289459228516	379.1239318847656	267.147705078125	392.1607666015625	323.2249755859375	16.820499420166016	284.9432678222656	214.21324157714844	149.3179931640625	358.82562255859375	286.872802734375	443.3094177246094	178.50921630859375	0.0	374.00823974609375	297.2196960449219	0.0	419.53912353515625	0.0	141.79217529296875	85.53032684326172	0.0	0.0	125.91963195800781	0.0	32.39944076538086	0.0	312.10894775390625	0.0	0.0	0.0	567.7822875976562	125.17196655273438	0.0	0.0	0.0	0.0	214.89390563964844	0.0	0.0	145.59609985351562	214.9182586669922	19.204050064086914	0.0	32.36678695678711	3.8214919567108154	0.0	0.0	173.6053924560547	155.1676025390625	0.0	0.0	314.91558837890625	0.0	0.0	0.0	0.0	0.0	0.0	0.0	0.0	0.0	0.0	209.38961791992188	0.0	0.0	61.48077392578125	175.6297607421875	23.906185150146484	220.96519470214844	444.7494201660156	312.8053894042969	54.30769729614258	63.12910842895508	48.33892059326172	0.0	3.3399863243103027	104.06731414794922	15.650279998779297	46.92414474487305	143.7767333984375	92.48064422607422	0.0	16.276472091674805	0.0	0.0	35.87500762939453	101.43632507324219	268.8334655761719	254.4271240234375	23.953092575073242	6.16477108001709	0.0	0.0	0.0	20.18230628967285	0.0	0.0	0.0	0.0	75.12825012207031	0.0	0.0	0.0	45.274105072021484	53.56024169921875	0.0	0.0	231.46685791015625	0.0	0.0	0.0	900.7593383789062	881.846923828125	243.8995361328125	478.2141418457031	0.0	0.0	0.0	380.8636169433594	0.0	868.5411987304688	394.843994140625	881.3020629882812	423.30877685546875	614.4694213867188	659.7889404296875	1210.2193603515625	168.7628631591797	838.8995971679688	1163.9998779296875	0.0	287.111572265625	937.2345581054688	321.0469665527344	1.5928841829299927	0.0	0.0	0.0	0.0	36.81290054321289	0.0	0.0	0.0	0.0	0.0	0.0	0.0	21.370386123657227	0.0	0.0	0.0	0.0	5.204545021057129	42.36567687988281	115.00053405761719	742.19873046875	718.8600463867188	438.7143859863281	42.977317810058594	153.63726806640625	699.5135498046875	595.4168090820312	732.96240234375	0.0	0.0	78.62850952148438	0.0	180.71798706054688	235.5050506591797	72.32736206054688	106.75493621826172	81.0397720336914	0.0	0.0	0.0	0.0	144.7866973876953	54.543701171875	70.74081420898438	367.2911376953125	59.346744537353516	0.0	0.0	0.0	0.0	0.0	0.0	11.088126182556152	602.9559326171875	369.3275451660156	510.6401062011719	240.2628173828125	212.22447204589844	167.60311889648438	517.3177490234375	62.37696075439453	186.7760772705078	587.5660400390625	0.0	203.6433563232422	243.58978271484375	211.7667999267578	51.92462921142578	374.32830810546875	383.5528564453125	378.2232360839844	118.08706665039062	0.0	93.3468017578125	110.06229400634766	381.0098876953125	66.03660583496094	0.0	0.0	0.0
627.8251342773438	726.1758422851562	145.22628784179688	58.9217414855957	0.0	68.90001678466797	551.9722900390625	170.7442626953125	632.2534790039062	610.480224609375	0.0	10.173253059387207	1.8870880603790283	825.0587158203125	798.6898193359375	9.480267524719238	39.65593338012695	97.12965393066406	252.33786010742188	0.0	125.73948669433594	0.0	84.47954559326172	610.3057250976562	220.6816864013672	120.76342010498047	556.261962890625	578.34619140625	225.56591796875	336.7650146484375	175.8241424560547	161.6312255859375	332.52435302734375	323.7988586425781	0.0	89.45328521728516	33.93678283691406	228.855712890625	288.7867736816406	0.0	314.8818054199219	40.41416931152344	205.15000915527344	16.88045883178711	341.72503662109375	666.1458129882812	2.387585163116455	0.0	487.44329833984375	166.28456115722656	0.0	1170.5069580078125	435.46661376953125	938.8639526367188	215.95236206054688	116.81141662597656	0.0	304.4120178222656	739.4615478515625	148.1305694580078	522.6322021484375	120.3108139038086	1236.908447265625	283.0088806152344	0.0	0.0	0.0	70.52572631835938	162.97007751464844	0.0	76.30725860595703	170.30264282226562	0.0	0.0	117.50811004638672	0.0	427.22039794921875	0.0	0.0	0.0	130.58465576171875	0.0	139.50270080566406	0.0	0.0	46.11361312866211	305.2515563964844	0.0	236.6492919921875	0.0	0.0	0.0	21.644498825073242	90.53755950927734	0.0	0.0	0.0	0.0	0.0	65.58867645263672	0.0	0.0	0.0	393.7481384277344	0.0	6.206925392150879	321.4574279785156	241.96005249023438	0.0	18.894128799438477	244.45498657226562	280.794677734375	31.974775314331055	0.0	157.46437072753906	204.3889923095703	186.8162841796875	186.62083435058594	0.0	14.827569961547852	107.48997497558594	156.28033447265625	22.952604293823242	53.956024169921875	0.0	194.74916076660156	199.68075561523438	0.0	130.8952178955078	139.8068084716797	0.0	26.636436462402344	0.0	18.203990936279297	0.0	13.595304489135742	125.81612396240234	0.0	0.0	0.0	0.0	0.0	172.79661560058594	0.0	277.12750244140625	0.0	605.9804077148438	871.7970581054688	770.3422241210938	698.0339965820312	0.0	0.0	0.0	497.03729248046875	613.6263427734375	0.0	54.20571517944336	0.0	354.4512939453125	0.0	229.66156005859375	535.7459106445312	362.0347595214844	996.3632202148438	198.63272094726562	93.3089599609375	922.3568725585938	1023.7581787109375	586.2937622070312	703.197998046875	606.5022583007812	262.52801513671875	359.47589111328125	23.216205596923828	474.924072265625	568.1207275390625	24.131656646728516	0.0	0.0	0.0	0.0	0.0	0.0	0.0	0.0	0.0	0.0	0.0	0.0	0.0	0.0	0.0	607.2216796875	318.1162109375	0.0	0.0	320.7065734863281	174.91331481933594	234.02496337890625	153.37274169921875	36.020477294921875	233.06040954589844	33.46586227416992	220.985595703125	244.3887481689453	853.0065307617188	187.9521026611328	202.74578857421875	247.13607788085938	141.65573120117188	76.02789306640625	135.26889038085938	0.0	200.0489501953125	135.15274047851562	0.0	46.62101745605469	166.14730834960938	0.0	1.032577395439148	85.9560317993164	0.0	11.216277122497559	20.236454010009766	20.041385650634766	315.1876220703125	292.6745300292969	0.0	3.900778293609619	423.50982666015625	342.4253234863281	387.14337158203125	35.72115707397461	34.50381851196289	262.0115661621094	651.1146850585938	234.61508178710938	1076.9481201171875	0.0	432.5989074707031	389.6012268066406	340.0924987792969	52.88915252685547	142.99302673339844	0.0	337.5439147949219	219.6986083984375	0.0	57.604736328125	171.640380859375	213.48129272460938	122.37696075439453	96.44996643066406	465.41925048828125	90.65074920654297	146.95875549316406
715.8877563476562	1091.719482421875	1065.6966552734375	818.497314453125	14.585297584533691	0.0	0.0	0.0	119.24635314941406	195.53195190429688	213.52325439453125	0.0	151.5348358154297	184.23057556152344	0.0	0.0	40.09257888793945	23.52444839477539	78.14585876464844	255.5749053955078	233.12840270996094	0.0	0.0	272.0506896972656	0.0	0.0	551.5170288085938	541.6987915039062	83.80810546875	254.60372924804688	635.1800537109375	33.70668029785156	465.55767822265625	526.4412841796875	377.8942565917969	205.86839294433594	128.5886688232422	76.78475189208984	31.47247314453125	0.0	317.0621643066406	258.06646728515625	0.0	16.48090171813965	0.0	0.0	12.405133247375488	51.59537124633789	302.3443603515625	26.278566360473633	73.4735107421875	463.564208984375	0.0	0.0	617.7742309570312	779.4745483398438	0.0	0.0	161.59432983398438	0.0	62.33461380004883	140.14305114746094	119.37127685546875	0.0	0.0	0.0	0.0	102.40039825439453	0.0	0.0	305.6147155761719	544.0711059570312	0.0	0.0	520.2880249023438	0.0	0.0	922.62451171875	834.9237060546875	0.0	121.51153564453125	120.90013885498047	113.69761657714844	0.0	69.12146759033203	229.1182403564453	226.36582946777344	0.0	209.8064422607422	243.39132690429688	0.0	0.0	89.7406997680664	79.19499969482422	0.0	0.0	0.0	0.0	0.0	0.0	0.0	0.0	0.0	224.96841430664062	181.11679077148438	259.9685363769531	240.89190673828125	496.0728759765625	0.0	0.0	244.53634643554688	284.498046875	0.0	92.91031646728516	89.37872314453125	31.73683738708496	26.421865463256836	116.51693725585938	88.7735595703125	76.74266052246094	0.0	0.0	0.0	0.0	60.43863296508789	0.0	0.0	0.0	0.0	0.0	0.0	5.553367614746094	0.0	0.0	0.0	18.07865333557129	0.0	56.82278060913086	185.87814331054688	16.005123138427734	47.83786392211914	73.4174575805664	161.99081420898438	0.0	690.3863525390625	384.37847900390625	0.0	0.0	769.7520141601562	884.3927612304688	396.2477111816406	55.94453430175781	0.0	0.0	0.0	0.0	0.0	0.0	0.0	0.0	280.6358947753906	0.0	0.0	659.1470947265625	308.5213928222656	18.396869659423828	897.6472778320312	1099.960693359375	0.0	30.716365814208984	970.0040283203125	389.46710205078125	0.0	1223.891845703125	1116.687744140625	0.0	0.0	0.0	0.0	0.0	0.0	0.0	0.0	0.0	0.0	0.0	0.0	0.0	65.0765151977539	0.0	0.0	31.25486183166504	1111.5938720703125	1406.1962890625	770.1705322265625	455.8058166503906	410.0109558105469	407.1689758300781	123.14237976074219	173.39175415039062	0.0	0.0	0.0	246.1404571533203	0.0	0.0	318.6453552246094	293.40277099609375	212.6898651123047	284.9881591796875	198.61395263671875	173.49229431152344	27.797395706176758	0.0	0.0	0.0	257.7439270019531	275.0046691894531	17.621746063232422	0.0	33.35286331176758	0.0	0.0	0.0	75.63507080078125	305.1999206542969	0.0	73.85093688964844	451.8995361328125	317.2595520019531	0.0	508.3209533691406	135.96316528320312	0.0	109.08219146728516	623.9862670898438	0.0	0.0	643.952392578125	514.9083862304688	377.6889953613281	562.981689453125	546.8915405273438	296.2391052246094	0.0	0.0	0.0	0.0	0.0	64.44361114501953	0.0	0.0	171.13034057617188	208.42886352539062	0.0	13.779989242553711
0.0	0.0	0.0	0.0	0.0	0.0	0.0	0.0	0.0	65.18982696533203	286.89239501953125	273.8184814453125	0.0	87.75637817382812	92.61042022705078	0.0	0.0	115.60905456542969	506.6180725097656	206.82748413085938	75.7078857421875	281.7959899902344	437.073974609375	60.58736801147461	128.28785705566406	416.896728515625	159.86517333984375	376.3815612792969	274.88153076171875	442.7624206542969	133.78213500976562	219.7619171142578	0.0	0.0	0.0	3.388467311859131	0.0	0.0	0.0	0.0	0.0	0.0	130.9281463623047	104.2649154663086	0.0	20.9796199798584	4.357507228851318	133.35487365722656	15.915815353393555	273.0039367675781	425.6243896484375	216.31239318847656	0.0	526.2861328125	211.79579162597656	0.0	0.0	673.169677734375	771.6637573242188	0.0	0.0	472.47552490234375	693.2715454101562	307.43902587890625	0.0	946.455078125	1100.359619140625	0.0	0.0	1181.1861572265625	194.7279510498047	0.0	187.0659942626953	976.5657348632812	0.0	0.0	46.945594787597656	435.66119384765625	0.0	0.0	0.0	10.972787857055664	0.0	0.0	0.0	0.0	0.0	0.0	0.0	0.0	0.0	0.0	86.34530639648438	0.0	0.0	0.0	0.0	0.0	26.75873565673828	243.82400512695312	0.0	0.0	211.1840362548828	243.90113830566406	0.0	0.0	36.474403381347656	72.82683563232422	0.0	0.0	179.7803955078125	267.11187744140625	74.11833190917969	20.701547622680664	3.9234797954559326	26.1329345703125	83.0336685180664	0.0	0.0	0.0	41.329750061035156	115.54714965820312	84.40641784667969	0.0	0.0	93.93376159667969	177.7022705078125	64.1275863647461	0.0	0.0	257.086669921875	0.0	0.0	358.3712158203125	348.55963134765625	0.0	0.0	349.8250732421875	114.95414733886719	0.0	0.0	0.0	0.0	0.0	0.0	0.0	0.0	0.0	0.0	0.0	0.0	0.0	0.0	307.1988220214844	172.51953125	0.0	0.0	631.7859497070312	518.302490234375	94.3771743774414	0.0	811.9840087890625	1103.5360107421875	23.849929809570312	0.0	1018.8932495117188	752.0390625	6.3252410888671875	69.8706283569336	384.47064208984375	402.31903076171875	287.0670471191406	125.94376373291016	244.2584991455078	490.1832275390625	70.49279022216797	75.1360855102539	98.92967224121094	0.0	0.0	117.88543701171875	0.0	0.0	0.0	123.5087661743164	0.0	0.0	0.0	24.050621032714844	0.0	0.0	0.0	0.0	0.0	260.5068054199219	296.0292053222656	0.0	0.0	44.66975402832031	0.0	0.0	693.7098999023438	788.1927490234375	26.076391220092773	0.0	1082.061279296875	1146.6590576171875	371.04583740234375	0.0	0.0	0.0	0.0	0.0	0.0	32.80067443847656	2.482078790664673	0.0	243.97360229492188	200.49957275390625	49.986270904541016	0.0	0.0	34.427127838134766	0.0	0.0	0.0	831.6268310546875	613.5713500976562	0.0	64.70645141601562	851.1871337890625	22.533519744873047	39.248863220214844	434.3993225097656	894.7118530273438	109.36421203613281	166.87405395507812	498.6505126953125	604.1122436523438	262.5493469238281	122.31855773925781	154.19662475585938	0.0	5.9545440673828125	220.1980438232422	138.992919921875	120.05894470214844	63.5980224609375	211.16339111328125	153.14039611816406	233.89027404785156	184.376220703125	170.61204528808594	204.0972900390625	192.32766723632812	112.95187377929688
0.0	769.6284790039062	814.5570678710938	564.7179565429688	528.8919677734375	658.4409790039062	71.23500061035156	269.13690185546875	299.5816345214844	586.5855102539062	434.9095764160156	33.99418640136719	758.7371215820312	885.5557250976562	0.0	8.179676055908203	0.0	1.250475525856018	153.6469268798828	277.99114990234375	65.96044921875	301.3844909667969	356.58392333984375	286.3302001953125	324.0400390625	301.3597412109375	157.100830078125	653.9906616210938	534.7277221679688	324.7857360839844	612.1895141601562	339.2542419433594	19.486732482910156	0.0	138.14076232910156	292.2591247558594	0.0	0.0	126.82925415039062	72.82644653320312	0.0	193.33688354492188	240.1449737548828	48.14895248413086	484.82354736328125	270.331787109375	184.58164978027344	164.00242614746094	22.62516212463379	184.45848083496094	387.68072509765625	853.6450805664062	240.19439697265625	61.08252716064453	83.635498046875	878.0547485351562	0.0	201.58868408203125	133.19834899902344	0.0	174.32212829589844	0.0	0.0	76.11758422851562	0.0	0.0	0.0	0.0	37.36998748779297	222.1064453125	0.0	156.5152587890625	563.0044555664062	0.0	0.0	0.0	0.0	0.0	0.0	0.0	109.69664001464844	211.5727996826172	184.47927856445312	0.0	184.1545867919922	0.0	366.40216064453125	0.0	0.0	185.0503692626953	230.541748046875	0.0	22.646007537841797	0.0	0.0	0.0	7.089110374450684	0.0	0.0	148.1844482421875	0.0	0.0	0.0	0.0	0.0	31.0675106048584	0.0	342.1275634765625	0.0	42.81412124633789	162.05630493164062	232.29052734375	46.67197036743164	66.27702331542969	50.24895095825195	112.88929748535156	74.93090057373047	0.0	0.0	125.01878356933594	0.0	10.355093955993652	0.0	0.0	84.38836669921875	0.0	2.6907007694244385	14.27297306060791	0.6994836926460266	236.36439514160156	275.6969299316406	0.0	232.92007446289062	157.56515502929688	0.0	4.330775260925293	0.0	77.10185241699219	0.0	0.0	167.94891357421875	0.0	0.0	0.0	0.0	13.653762817382812	0.0	355.9797668457031	65.52713012695312	0.0	0.0	70.1585693359375	0.0	0.0	0.0	0.0	154.5551300048828	0.0	0.0	5.981072425842285	0.0	363.8416748046875	855.897216796875	455.8668212890625	777.40869140625	1063.942626953125	392.7412109375	972.8665161132812	1042.4456787109375	91.095947265625	752.3585205078125	909.2384033203125	206.4180145263672	513.1343383789062	444.07757568359375	0.0	0.0	0.0	0.0	0.0	0.0	0.0	0.0	0.0	0.0	0.0	0.0	0.0	0.0	0.0	0.0	0.0	0.0	274.3306579589844	399.28997802734375	333.96990966796875	150.9985809326172	209.98715209960938	0.0	197.2480926513672	26.860172271728516	108.77976989746094	48.32721710205078	191.6082763671875	1436.5301513671875	666.7144775390625	246.363037109375	251.22215270996094	0.0	156.20578002929688	147.62533569335938	146.54652404785156	114.34661102294922	101.00215911865234	0.0	0.0	20.700899124145508	137.8720703125	0.0	0.0	149.7632293701172	47.763458251953125	0.0	0.0	0.0	0.0	0.0	0.0	0.0	141.20826721191406	338.2947082519531	213.425537109375	333.173583984375	409.8136901855469	149.0039520263672	409.2662658691406	854.4283447265625	210.6137237548828	419.6213073730469	464.2963562011719	74.76018524169922	217.0106658935547	212.4051971435547	135.2864990234375	196.8844757080078	97.08885955810547	61.97331619262695	17.847949981689453	31.67348861694336	128.97901916503906	60.28440856933594	0.0	281.89422607421875	224.8209686279297	0.0	0.0
253.71922302246094	254.2071533203125	409.2160949707031	616.8765258789062	131.35816955566406	400.8100280761719	527.835693359375	0.0	532.4825439453125	432.02667236328125	0.0	176.5166015625	0.0	756.704833984375	487.5287780761719	0.0	183.49459838867188	116.32899475097656	433.4944152832031	158.78126525878906	104.66716003417969	28.75315284729004	308.3368835449219	405.1426086425781	221.9185791015625	238.92767333984375	374.40826416015625	52.33112335205078	249.31045532226562	434.12213134765625	409.1990051269531	163.05740356445312	126.67765808105469	295.72509765625	125.00582885742188	98.28185272216797	12.237198829650879	68.03987884521484	242.63290405273438	29.080833435058594	76.76731872558594	0.0	312.00054931640625	102.0151138305664	311.9642333984375	475.8114929199219	0.0	4.340798377990723	443.6912536621094	449.6936340332031	211.254638671875	1077.0955810546875	0.0	436.7637939453125	416.5826721191406	0.0	70.06941223144531	145.4283447265625	855.8489379882812	0.0	462.6111755371094	103.59851837158203	1044.6287841796875	133.0809783935547	289.7657775878906	0.0	0.0	0.0	226.147705078125	0.0	0.0	0.0	388.17486572265625	234.7715606689453	0.0	0.0	788.22119140625	0.0	0.0	0.0	0.0	0.0	104.82061767578125	23.65951919555664	157.57955932617188	109.71627044677734	107.31275939941406	0.0	205.43963623046875	0.0	0.0	0.0	0.0	0.0	0.0	0.0	0.0	0.0	0.0	0.0	0.0	43.35569381713867	19.305253982543945	374.6823425292969	0.0	22.581697463989258	380.87213134765625	397.7255554199219	0.0	0.0	255.65765380859375	249.65283203125	70.32234954833984	108.57154083251953	215.29617309570312	183.81492614746094	54.2049446105957	198.45945739746094	0.0	24.101959228515625	0.0	63.92864990234375	21.430532455444336	33.17662811279297	0.0	239.0101776123047	131.47483825683594	0.0	0.0	0.0	0.0	34.70576095581055	22.889368057250977	140.27513122558594	0.0	0.0	42.22995376586914	0.0	0.0	0.0	3.9638755321502686	68.28703308105469	47.86912536621094	0.0	476.770751953125	452.5030517578125	0.0	587.4844970703125	52.646942138671875	417.3539733886719	42.395877838134766	0.0	0.0	35.666358947753906	181.9153594970703	0.0	12.864852905273438	0.0	245.26129150390625	0.0	253.30027770996094	329.7358093261719	328.0091857910156	713.0532836914062	0.0	687.903564453125	941.1656494140625	588.6407470703125	681.9917602539062	816.4056396484375	183.76255798339844	215.31011962890625	518.9830322265625	127.19282531738281	553.1819458007812	368.41705322265625	55.97455596923828	0.0	0.0	0.0	0.0	0.0	0.0	0.0	58.49888229370117	0.0	0.0	0.0	12.94517993927002	0.0	0.0	0.0	356.4272155761719	548.1983642578125	366.82952880859375	489.355224609375	0.0	130.15870666503906	345.2386169433594	263.2088317871094	0.0	0.0	0.0	0.0	260.8159484863281	913.8320922851562	148.23973083496094	257.677001953125	195.474853515625	215.783935546875	148.7401580810547	208.70713806152344	17.378103256225586	155.48585510253906	152.77919006347656	0.0	117.03616333007812	31.56593894958496	134.56915283203125	147.66412353515625	0.0	0.0	134.22561645507812	98.608642578125	0.0	512.7153930664062	207.94569396972656	0.0	48.51395034790039	420.91046142578125	144.7810821533203	214.60572814941406	0.0	335.16046142578125	578.4957275390625	501.7239990234375	115.08342742919922	1056.536376953125	0.0	509.41827392578125	46.69609451293945	233.8666534423828	250.27093505859375	149.20144653320312	155.79779052734375	54.69550323486328	45.52429962158203	0.0	126.6080551147461	0.0	113.81262969970703	0.0	150.7403106689453	484.8123474121094	127.28533172607422	66.13631439208984
321.7324523925781	281.8957824707031	0.0	0.0	0.0	0.0	0.0	0.0	0.0	0.0	0.0	38.995697021484375	40.67802810668945	891.4769897460938	1002.455810546875	195.76007080078125	185.3848419189453	495.73748779296875	164.78990173339844	0.0	501.46026611328125	428.1945495605469	100.04205322265625	188.65185546875	423.7849426269531	0.0	0.0	196.6843719482422	276.1599426269531	186.02867126464844	162.85372924804688	586.7144165039062	0.0	0.0	17.719783782958984	427.16217041015625	0.0	299.6028747558594	236.7667694091797	0.0	56.49137496948242	0.0	54.4062385559082	0.0	484.6573486328125	479.5706481933594	184.940673828125	0.0	407.89910888671875	258.0000305175781	0.0	1457.041259765625	444.41436767578125	102.23738098144531	0.0	1002.7453002929688	753.9800415039062	0.0	0.0	554.0313110351562	994.8275146484375	26.378942489624023	0.0	241.66510009765625	894.213134765625	232.08087158203125	0.0	22.41326904296875	1110.8878173828125	0.0	0.0	384.9725341796875	1053.939697265625	0.0	0.0	1150.6263427734375	171.785888671875	0.0	0.0	1022.816162109375	7.753114700317383	0.0	0.0	0.0	0.0	0.0	47.436275482177734	0.0	0.0	0.0	116.26443481445312	0.0	0.0	72.57560729980469	215.69876098632812	0.0	0.0	0.0	0.0	231.43939208984375	0.0	373.517333984375	171.68917846679688	501.7112731933594	142.6604461669922	231.34066772460938	27.51561164855957	138.82432556152344	272.4619140625	190.51693725585938	0.0	0.0	33.85263442993164	0.0	189.70703125	331.27032470703125	0.0	0.0	0.0	251.91494750976562	57.22439193725586	0.0	0.0	32.64161682128906	64.73150634765625	68.4946060180664	7.073174953460693	0.0	98.79702758789062	92.9815444946289	0.0	0.0	205.66880798339844	0.0	0.0	95.99465942382812	251.91650390625	0.0	0.0	388.84844970703125	134.6437530517578	0.0	230.35125732421875	337.3941345214844	210.8603515625	83.93182373046875	513.4434204101562	1066.4281005859375	0.0	0.0	0.0	730.505615234375	0.0	0.0	0.0	0.0	607.202392578125	0.0	0.0	0.0	1083.831787109375	1142.321533203125	51.17950439453125	307.3206787109375	1092.514892578125	328.9096984863281	0.0	153.50608825683594	901.3431396484375	0.0	0.0	832.1582641601562	31.427886962890625	0.0	247.23663330078125	1064.80224609375	0.0	0.0	0.0	0.0	0.0	0.0	23.56791877746582	1.9924803972244263	0.0	0.0	46.68865203857422	0.0	0.0	13.362080574035645	0.0	0.0	65.24767303466797	647.4088745117188	590.8818969726562	321.8779602050781	110.9850082397461	264.1483459472656	0.0	0.0	233.78895568847656	184.274169921875	0.0	0.0	819.6017456054688	660.2628784179688	388.0395202636719	135.51480102539062	187.9190673828125	183.18263244628906	119.82808685302734	144.7486114501953	75.94773864746094	166.3753662109375	170.1187744140625	0.0	84.541015625	0.0	0.0	0.0	0.0	25.0927677154541	31.836990356445312	0.0	0.0	837.0921020507812	385.6525573730469	20.877283096313477	567.7080688476562	915.681396484375	227.24118041992188	0.0	1078.0118408203125	580.98583984375	0.0	0.0	935.733642578125	590.4762573242188	0.0	260.0792541503906	127.4224853515625	0.0	0.0	269.6344299316406	70.17707061767578	0.0	71.77490997314453	0.0	206.81056213378906	47.641624450683594	273.5242004394531	231.75572204589844	447.41552734375	616.7531127929688	600.4605712890625	190.0694122314453
697.79833984375	599.12255859375	611.955810546875	449.970458984375	115.729248046875	106.45826721191406	0.0	231.17848205566406	112.9389877319336	25.110776901245117	0.0	0.0	0.16751636564731598	0.0	104.80976867675781	0.0	204.25799560546875	40.855430603027344	48.94706726074219	40.36738204956055	138.70736694335938	142.69140625	0.0	78.12012481689453	0.0	14.301709175109863	141.17843627929688	62.08106231689453	0.1430559903383255	0.0	172.36097717285156	289.1327209472656	495.74969482421875	567.9019165039062	502.7107849121094	107.94298553466797	387.862060546875	234.20655822753906	345.1452331542969	303.6046142578125	158.60400390625	177.37095642089844	0.0	0.0	0.11031210422515869	8.16146183013916	0.0	0.0	0.0	270.43084716796875	367.6405334472656	0.0	0.0	0.0	937.925537109375	968.813232421875	0.0	9.610173225402832	266.9740905761719	1012.6492309570312	3.1560587882995605	23.853824615478516	381.65399169921875	553.6115112304688	0.0	0.0	0.0	0.0	0.0	0.0	0.0	0.0	0.0	0.0	356.2296142578125	0.0	0.0	0.0	925.7227172851562	309.07635498046875	0.0	0.0	0.0	0.0	148.085205078125	68.5770263671875	0.0	0.0	121.33250427246094	135.3347930908203	0.0	0.0	0.0	65.69029998779297	36.36027526855469	0.0	0.0	0.0	36.17573928833008	15.369160652160645	205.10348510742188	199.44029235839844	348.501953125	159.4800567626953	267.1080627441406	215.4737091064453	385.8152160644531	306.6803283691406	0.0	0.0	28.178939819335938	120.50706481933594	13.153937339782715	28.36356544494629	73.20862579345703	8.084010124206543	39.196197509765625	289.38128662109375	339.093017578125	32.909339904785156	11.89504623413086	0.0	154.7381591796875	49.43048858642578	2.95015287399292	51.95365905761719	13.097850799560547	0.0	0.0	0.0	0.0	0.0	0.0	0.0	0.0	0.0	0.0	0.0	4.542056083679199	206.009521484375	0.0	0.0	110.01836395263672	346.2821350097656	612.2361450195312	692.1610717773438	0.0	0.0	0.0	876.7894897460938	1160.751220703125	344.5123596191406	0.0	0.0	225.9728240966797	531.171630859375	1.086591124534607	0.0	0.0	0.0	316.49505615234375	2.7508955001831055	0.0	56.63411331176758	9.111189842224121	172.42552185058594	69.45459747314453	407.5851135253906	0.0	0.0	111.10830688476562	412.8081970214844	0.33475443720817566	0.0	661.0767211914062	615.8203735351562	0.0	0.0	5.7939863204956055	0.0	0.0	0.0	0.0	0.0	0.0	0.0	44.66991424560547	0.0	0.0	69.30941009521484	57.353172302246094	0.0	905.9221801757812	752.556884765625	365.0433044433594	96.60601043701172	0.0	0.0	0.0	150.2124786376953	0.0	0.0	0.0	113.74224090576172	0.0	0.0	0.0	257.86175537109375	175.29762268066406	183.31692504882812	39.45985794067383	103.60321807861328	0.0	0.0	54.34284591674805	52.9122314453125	329.4509582519531	236.63424682617188	0.0	34.5357780456543	0.0	33.69746398925781	0.0	0.0	116.94326782226562	75.98076629638672	165.09678649902344	154.84542846679688	631.6166381835938	0.0	0.0	347.71051025390625	0.0	24.62215232849121	0.0	554.3353271484375	1.9203544855117798	0.0	0.0	609.4574584960938	179.1915740966797	498.249755859375	543.9187622070312	310.098388671875	0.0	0.0	76.66725158691406	345.98443603515625	0.0	48.2326545715332	89.53929901123047	63.32132339477539	0.0	107.46318817138672	165.239501953125	7.989222526550293
0.0	65.62897491455078	231.8072509765625	31.42770004272461	369.6070861816406	855.8892211914062	852.7776489257812	19.826379776000977	0.0	0.0	0.0	315.82806396484375	997.7718505859375	1143.747314453125	887.7546997070312	0.0	143.64561462402344	93.67913818359375	0.0	97.8390884399414	35.11106491088867	0.0	382.9233703613281	336.4968566894531	38.61005401611328	0.0	94.30626678466797	163.343505859375	0.0	139.17440795898438	336.14251708984375	358.05352783203125	135.17013549804688	142.7310791015625	105.171875	255.54071044921875	381.69342041015625	532.2985229492188	325.1741943359375	0.0	0.0	60.03874588012695	518.1317138671875	241.74002075195312	790.4168090820312	845.8508911132812	420.92059326171875	23.6330509185791	0.0	0.0	1035.870361328125	1070.2840576171875	0.0	108.35954284667969	0.0	174.52626037597656	0.0	0.0	1167.13427734375	467.3993835449219	75.42790985107422	0.0	585.01220703125	592.89306640625	0.0	0.0	0.0	0.0	0.0	0.0	0.0	0.0	0.0	48.77632141113281	0.0	0.0	0.0	0.0	0.0	0.0	0.0	268.5738525390625	266.2506408691406	0.0	278.57476806640625	437.161376953125	0.0	0.0	0.0	0.0	41.43250274658203	0.0	297.6012878417969	368.2956848144531	0.0	0.0	0.0	0.0	0.0	0.0	0.0	44.24330520629883	242.09022521972656	411.9642639160156	0.0	0.0	129.81944274902344	162.87918090820312	0.0	0.0	323.0127258300781	390.36517333984375	0.0	119.29840850830078	263.1226501464844	91.94648742675781	40.850223541259766	0.0	0.0	23.90252685546875	0.0	220.11537170410156	264.2105407714844	90.96583557128906	0.0	0.0	215.2149200439453	70.69542694091797	0.0	0.0	0.0	0.0	0.0	35.78641128540039	0.0	0.0	0.0	0.0	6.162355422973633	0.0	0.0	36.503875732421875	0.0	0.0	0.0	953.339111328125	1297.48779296875	573.793701171875	0.0	0.0	0.0	266.6031188964844	102.23764038085938	736.3109130859375	1275.9365234375	0.0	154.83824157714844	0.0	382.7052917480469	233.06166076660156	279.03515625	196.1885223388672	734.533935546875	979.5167846679688	0.0	82.849853515625	957.6168212890625	309.81488037109375	182.74542236328125	234.89682006835938	114.62943267822266	503.00250244140625	0.0	0.0	368.4817199707031	411.01953125	0.0	0.0	0.0	0.0	40.96369552612305	13.290082931518555	0.0	0.0	0.0	0.0	0.0	0.0	0.0	0.0	0.0	0.0	20.86147117614746	178.02420043945312	199.53994750976562	95.9061279296875	161.06280517578125	384.9516296386719	218.80746459960938	41.9012565612793	84.56040954589844	255.09873962402344	464.14678955078125	327.272705078125	1216.2208251953125	1119.343505859375	727.7474365234375	275.063720703125	0.0	47.45012664794922	106.10774230957031	0.0	340.7612609863281	402.7898864746094	182.1283416748047	0.0	57.68431854248047	0.0	162.8751983642578	31.95643424987793	434.62103271484375	408.6012878417969	6.10992431640625	6.624225616455078	223.63502502441406	301.0363464355469	0.0	137.4988555908203	107.80418395996094	13.99123477935791	69.46014404296875	309.3720703125	91.32925415039062	0.0	495.3267822265625	524.0635986328125	338.3213806152344	228.86073303222656	0.0	305.5592041015625	89.52202606201172	0.0	0.0	203.9872589111328	25.26092529296875	190.9657745361328	300.4784240722656	29.681182861328125	255.3285675048828	122.18814849853516	411.97723388671875	371.9139709472656	472.8980407714844	328.3012390136719	91.4615707397461	53.484886169433594
265.1746826171875	277.4075012207031	263.1275939941406	135.8603973388672	0.0	0.0	0.0	27.91120719909668	517.28662109375	643.5484008789062	353.9106750488281	75.31094360351562	353.5927429199219	231.56863403320312	0.0	0.0	75.0708999633789	177.20169067382812	165.55340576171875	556.15234375	231.7480010986328	270.5632019042969	354.1789855957031	443.99053955078125	423.34722900390625	97.71089172363281	595.4056396484375	205.40008544921875	211.5865936279297	402.27825927734375	633.286376953125	0.0	42.51329803466797	10.823800086975098	0.0	0.0	0.0	0.0	0.0	4.2870564460754395	257.7142639160156	146.2255096435547	0.0	58.20945739746094	330.2459716796875	272.7937316894531	146.6763153076172	89.28521728515625	600.6119995117188	514.3582763671875	59.805625915527344	199.1953887939453	409.42767333984375	297.2252197265625	452.69140625	166.77540588378906	457.74114990234375	0.0	485.4571533203125	85.35643768310547	163.55526733398438	212.81192016601562	0.0	28.45035171508789	472.30328369140625	141.88027954101562	588.2841796875	826.0784912109375	891.7345581054688	0.0	1000.9037475585938	229.29405212402344	950.2251586914062	0.0	679.804931640625	0.0	0.0	404.099365234375	234.98536682128906	0.0	78.44803619384766	0.0	0.0	0.0	0.0	0.0	0.0	0.0	0.0	0.0	0.0	0.0	0.0	0.0	0.0	0.0	0.0	0.0	0.0	0.0	0.0	0.0	0.0	240.85275268554688	0.0	0.0	0.0	169.76760864257812	0.0	0.0	204.82821655273438	237.0037841796875	91.77699279785156	69.87580108642578	20.378110885620117	0.0	0.0	78.14508819580078	0.0	0.0	62.04633712768555	24.637483596801758	0.0	0.0	53.79593276977539	0.0	40.61749267578125	40.187686920166016	56.45551300048828	76.22566223144531	0.0	88.45254516601562	57.16549301147461	0.0	434.0353698730469	239.68128967285156	333.6157531738281	95.49739837646484	380.2154846191406	0.0	0.0	0.0	0.0	0.0	171.00949096679688	0.0	0.0	30.4394474029541	0.0	0.0	0.0	0.0	0.0	0.0	0.0	0.0	916.4502563476562	545.6710205078125	0.0	60.680477142333984	609.1245727539062	615.7793579101562	614.1792602539062	1106.5859375	861.5929565429688	376.3526916503906	964.29296875	678.2373046875	439.3161315917969	454.8540344238281	906.9389038085938	80.72942352294922	8.440764427185059	609.8396606445312	522.5680541992188	0.0	52.48698043823242	0.0	0.0	0.0	0.0	0.0	0.0	0.0	0.0	0.0	0.0	0.0	0.0	0.0	0.0	26.562633514404297	13.680895805358887	0.0	0.0	192.34259033203125	0.0	0.0	0.0	150.5371551513672	463.5508117675781	574.6289672851562	435.4813537597656	429.8838195800781	1083.3765869140625	913.4412231445312	367.0859069824219	162.53347778320312	100.36555480957031	48.56773376464844	101.28164672851562	36.60896682739258	0.0	0.0	0.0	36.909889221191406	25.05469512939453	0.0	0.0	0.0	140.2189483642578	0.0	0.0	0.0	0.0	281.1634521484375	0.0	657.3809814453125	81.79949951171875	648.7244262695312	0.0	748.455322265625	698.08740234375	599.7120361328125	434.1564025878906	732.3966674804688	403.2882080078125	292.83514404296875	595.1954956054688	332.4734802246094	72.97084045410156	134.49435424804688	115.09046936035156	0.0	51.64710235595703	173.3990478515625	138.03564453125	0.0	585.2528076171875	624.0947875976562	81.46015167236328	112.96308135986328	306.4183654785156	382.3394775390625	42.00776672363281	0.0
0.0	118.39645385742188	328.5412292480469	57.62472152709961	0.0	0.0	0.0	0.0	0.0	78.64798736572266	0.0	0.0	57.082916259765625	34.30128860473633	0.0	0.0	0.0	29.016878128051758	412.6322937011719	538.2904052734375	0.0	108.91695404052734	456.68292236328125	377.60028076171875	6.99737024307251	391.9762268066406	470.79119873046875	56.80690002441406	264.7697448730469	445.8173522949219	350.5988464355469	129.20425415039062	0.0	0.0	0.0	0.0	0.0	0.0	0.0	58.570587158203125	0.0	0.0	0.0	37.67362976074219	0.0	0.0	52.67524719238281	28.559803009033203	20.901464462280273	103.56871032714844	476.8882751464844	561.5750122070312	0.0	333.4726867675781	561.9978637695312	148.86912536621094	17.4580020904541	358.40179443359375	448.41387939453125	0.0	121.06269836425781	392.22412109375	82.8043212890625	0.0	0.0	0.0	820.4064331054688	329.4721374511719	0.0	822.260009765625	859.4834594726562	0.0	0.0	1004.85498046875	380.58074951171875	0.0	716.1648559570312	909.1188354492188	0.0	0.0	0.0	66.15174865722656	0.0	0.0	0.0	0.0	0.0	0.0	64.37773895263672	0.23353171348571777	0.0	0.0	0.0	0.0	0.0	0.0	0.0	0.0	0.0	77.72543334960938	0.0	0.0	0.0	307.5104064941406	0.0	0.0	295.0228576660156	350.93878173828125	0.0	0.0	300.9872131347656	233.36724853515625	85.62823486328125	73.87299346923828	15.960587501525879	9.19132137298584	66.17631530761719	15.253129005432129	0.0	19.081798553466797	66.69485473632812	0.0	7.438950538635254	0.0	23.91973304748535	0.0	33.12796401977539	0.0	0.0	0.0	171.82696533203125	91.38121032714844	0.0	103.23788452148438	319.5533142089844	0.0	0.0	247.5256805419922	252.1033172607422	0.0	0.0	186.3815155029297	0.0	0.0	0.0	0.0	0.0	0.0	0.0	0.0	0.0	0.0	0.0	0.0	0.0	0.0	0.0	0.0	0.0	3.390160322189331	0.0	107.56312561035156	1216.1593017578125	1024.472412109375	0.0	636.0853271484375	1056.964111328125	295.8381042480469	46.744483947753906	1034.6622314453125	913.9015502929688	0.0	519.7528076171875	951.2539672851562	99.27649688720703	0.0	18.702064514160156	82.41315460205078	0.0	0.0	55.67567825317383	77.33785247802734	0.0	0.0	82.83676147460938	0.0	0.0	52.053348541259766	120.72972106933594	0.0	0.0	67.07027435302734	0.0	0.0	193.92776489257812	349.8001403808594	0.0	0.0	245.84017944335938	330.034912109375	0.0	65.21508026123047	272.135009765625	117.68089294433594	170.29025268554688	504.5838928222656	322.86322021484375	0.0	0.0	79.74699401855469	178.04446411132812	33.259742736816406	0.0	0.0	0.0	0.0	0.0	0.0	0.0	0.0	0.0	0.0	0.0	6.442563533782959	5.94672155380249	0.0	38.95492935180664	540.4866943359375	0.0	0.0	716.24169921875	680.3331909179688	0.0	194.25119018554688	780.468505859375	333.226318359375	0.0	832.17578125	702.1901245117188	0.0	62.48741149902344	100.3627700805664	159.03919982910156	0.0	163.97860717773438	166.69825744628906	16.51319694519043	9.49014663696289	218.57347106933594	251.1201934814453	0.0	0.0	192.0164337158203	97.76493072509766	19.877180099487305	1.3484710454940796
0.0	195.58853149414062	93.51213836669922	64.02954864501953	961.1827392578125	1180.7781982421875	511.6402587890625	121.87870025634766	332.9427185058594	178.8909912109375	292.79241943359375	137.61932373046875	872.509521484375	1274.1820068359375	1200.2431640625	344.1745910644531	8.097624778747559	0.0	0.0	74.4058837890625	0.0	104.08724212646484	419.16064453125	216.0457763671875	64.11389923095703	0.0	0.0	75.07249450683594	61.383243560791016	0.0	307.88323974609375	468.1725769042969	195.35926818847656	1.93675696849823	248.2300262451172	107.84126281738281	726.1558837890625	618.8129272460938	153.16940307617188	338.8773193359375	308.00958251953125	187.43902587890625	79.89288330078125	86.93829345703125	943.572021484375	827.962890625	481.142822265625	0.0	0.0	39.30958557128906	1280.473876953125	553.813720703125	0.0	0.0	539.4607543945312	853.474609375	0.0	0.0	243.5081329345703	1380.6715087890625	413.8622741699219	0.0	0.0	309.0513916015625	0.0	0.0	0.0	0.0	0.0	0.0	0.0	0.0	0.0	0.0	0.0	0.0	0.0	0.0	0.0	11.282275199890137	165.12139892578125	307.6839294433594	10.224693298339844	0.0	438.7593994140625	340.98590087890625	0.0	0.0	58.4218635559082	215.15370178222656	126.75737762451172	0.0	157.89109802246094	313.7279357910156	223.13858032226562	0.0	0.0	0.0	32.50043487548828	67.08908081054688	165.24404907226562	0.0	479.00128173828125	355.57427978515625	0.0	0.0	0.0	173.58888244628906	60.54667282104492	254.8893585205078	0.0	295.50482177734375	29.799158096313477	271.6674499511719	257.57080078125	15.65841007232666	0.0	0.0	118.22830200195312	142.20384216308594	4.884631156921387	36.42546081542969	276.75341796875	205.10391235351562	21.90809440612793	54.55039596557617	0.0	14.398355484008789	0.0	0.0	56.224552154541016	0.0	0.0	0.0	0.0	0.0	0.0	0.0	54.39521408081055	132.76959228515625	0.0	0.0	0.0	0.0	685.2627563476562	1014.9223022460938	949.0171508789062	0.0	139.58428955078125	0.0	91.00472259521484	28.61975860595703	558.8218994140625	314.18695068359375	822.7916259765625	1021.359375	793.3218383789062	90.00173950195312	0.0	35.678958892822266	185.95982360839844	0.0	1008.3986206054688	773.7244262695312	0.0	26.905406951904297	327.2171630859375	59.793609619140625	332.3680419921875	139.67529296875	24.485824584960938	818.96728515625	38.0323486328125	0.0	228.2319793701172	461.24859619140625	0.0	0.0	0.0	0.0	0.0	0.0	0.0	0.0	0.0	0.0	0.0	0.0	0.0	0.0	0.0	0.0	286.3023681640625	116.08506774902344	0.0	0.0	855.0127563476562	903.6849975585938	406.806396484375	332.14910888671875	37.183135986328125	0.0	0.0	0.0	1186.1097412109375	1462.888671875	996.6265869140625	430.9584045410156	90.552490234375	115.8553237915039	154.11817932128906	0.0	539.5347900390625	398.9013671875	16.110206604003906	3.5711846351623535	62.33155059814453	0.0	0.0	0.08933918923139572	529.8290405273438	410.6101989746094	121.69156646728516	0.0	373.71771240234375	50.54930877685547	0.0	220.50218200683594	28.558420181274414	0.0	0.0	555.55224609375	497.29449462890625	445.8308410644531	0.0	126.32623291015625	439.64306640625	356.70013427734375	0.0	376.60736083984375	0.0	0.0	211.40147399902344	163.95489501953125	40.02342987060547	185.61415100097656	142.64891052246094	368.9354248046875	172.998291015625	74.91800689697266	171.42567443847656	243.34288024902344	231.8258819580078	316.4642333984375	367.80242919921875	29.515274047851562
261.9128112792969	20.473535537719727	0.0	0.0	0.0	175.3768310546875	167.6477508544922	287.56561279296875	158.68670654296875	196.81436157226562	0.0	262.12896728515625	0.0	577.1363525390625	573.8048706054688	52.587398529052734	81.20272064208984	577.6737060546875	361.985595703125	245.93170166015625	175.65089416503906	427.77313232421875	594.7230224609375	362.27783203125	315.22601318359375	363.16571044921875	202.44276428222656	137.60804748535156	169.0425567626953	442.3887634277344	311.9207458496094	569.6127319335938	17.8193359375	0.0	0.0	52.41377639770508	0.0	240.61672973632812	331.25103759765625	195.14759826660156	62.604400634765625	0.0	281.88555908203125	261.4784851074219	0.4725417196750641	431.01800537109375	231.95770263671875	0.0	185.41107177734375	344.22613525390625	835.4542846679688	691.0029907226562	115.84306335449219	708.939453125	0.0	0.0	0.0	219.69361877441406	625.89892578125	1077.084716796875	255.40650939941406	610.757080078125	151.50552368164062	631.3289794921875	600.2363891601562	393.5123291015625	224.6280517578125	0.0	610.5839233398438	0.0	0.0	0.0	220.8448944091797	380.77484130859375	0.0	0.0	668.8851928710938	320.5444641113281	11.481534004211426	108.29485321044922	25.000829696655273	0.0	0.0	0.0	0.0	0.0	0.0	0.0	125.24734497070312	0.0	0.0	0.0	16.115829467773438	0.0	0.0	0.0	0.0	0.0	0.0	210.52406311035156	0.0	0.0	232.76295471191406	342.54681396484375	0.0	15.981736183166504	259.1445617675781	143.30426025390625	0.0	0.0	0.0	304.3570556640625	79.3260498046875	44.23875427246094	68.03394317626953	2.353910207748413	128.38987731933594	0.0	17.331052780151367	6.205752849578857	0.0	33.06893539428711	220.48263549804688	11.758523941040039	22.418668746948242	0.0	96.06108856201172	29.985464096069336	0.0	131.0231475830078	0.0	0.0	0.0	131.5037384033203	0.0	0.0	0.0	0.0	0.0	44.36772918701172	0.0	174.7683868408203	0.0	0.0	0.0	0.0	300.978271484375	220.066650390625	184.5749969482422	625.0217895507812	0.0	36.14126205444336	0.0	495.7780456542969	709.1507568359375	344.44903564453125	59.97628402709961	0.0	0.0	215.53536987304688	337.75103759765625	913.7943725585938	872.1863403320312	706.900146484375	159.22711181640625	502.5205993652344	565.6373291015625	0.0	198.54562377929688	866.9668579101562	198.34239196777344	651.9901733398438	300.31903076171875	314.6907958984375	488.4407043457031	765.6949462890625	97.88114166259766	0.0	0.0	0.0	43.36279296875	0.0	0.0	0.0	71.3717041015625	0.0	0.0	0.0	95.20120239257812	0.0	0.0	0.0	0.0	73.54558563232422	205.9897003173828	169.257568359375	0.0	459.8264465332031	2.3403594493865967	99.2783203125	0.0	30.006450653076172	5.453385829925537	0.0	145.57530212402344	1170.407958984375	724.2904663085938	304.9394226074219	62.777000427246094	2.668116331100464	48.21114730834961	0.0	0.0	49.009525299072266	0.0	0.0	0.0	9.904060363769531	84.36614227294922	90.5437240600586	0.0	175.33456420898438	0.0	0.0	0.0	805.4368896484375	278.164306640625	277.5980224609375	0.0	864.2440185546875	329.2808532714844	351.3637390136719	40.84878921508789	393.51214599609375	411.63018798828125	101.38433074951172	0.0	866.1328735351562	362.8697814941406	405.5480041503906	138.8201904296875	165.76840209960938	0.0	90.42447662353516	124.36634063720703	455.1414794921875	219.5488739013672	219.8917236328125	182.82191467285156	0.0	63.45851516723633	218.73538208007812	129.059814453125	418.54168701171875	278.16424560546875	0.0
211.56690979003906	680.0335693359375	376.0984191894531	777.6200561523438	27.127609252929688	232.12466430664062	338.02142333984375	22.202373504638672	156.2236328125	0.0	578.2528076171875	400.0115966796875	454.28631591796875	973.27685546875	383.84967041015625	34.026615142822266	89.41719055175781	358.813232421875	461.9113464355469	116.24836730957031	127.96646881103516	482.427734375	254.83489990234375	26.913206100463867	208.40859985351562	104.99472045898438	0.0	23.123884201049805	233.31224060058594	295.6802673339844	292.7182922363281	183.23777770996094	0.0	0.0	479.2817077636719	682.32421875	42.84253692626953	553.2545166015625	398.376953125	49.692630767822266	69.41445922851562	611.80126953125	601.6218872070312	185.4096221923828	673.1473388671875	603.8306274414062	36.001251220703125	53.20103073120117	86.36766052246094	185.1551055908203	238.31271362304688	387.79718017578125	122.24864196777344	576.8240966796875	0.0	0.0	0.0	637.7677001953125	942.5491943359375	0.0	387.5224914550781	105.02667236328125	1221.4366455078125	121.3285903930664	0.0	252.38613891601562	0.0	0.0	708.9150390625	698.7973022460938	0.0	0.0	443.05828857421875	0.0	0.0	0.0	0.0	0.0	0.0	0.0	120.26622009277344	63.68024826049805	0.0	15.054685592651367	0.0	0.0	0.0	0.0	0.0	0.0	36.19676971435547	96.82907104492188	221.11782836914062	49.856327056884766	0.0	0.0	0.0	0.0	0.0	0.0	0.0	163.3743896484375	188.35195922851562	247.07373046875	0.0	265.9284973144531	305.4002990722656	385.05035400390625	0.0	160.32418823242188	256.9109802246094	259.88232421875	85.03965759277344	0.0	21.449722290039062	11.514348030090332	53.2717399597168	0.0	21.880863189697266	106.24405670166016	39.54014205932617	170.31251525878906	62.98061752319336	0.0	0.0	313.42755126953125	154.2005615234375	0.0	32.30199432373047	129.7738037109375	0.0	0.0	0.0	0.0	0.0	0.0	0.0	0.0	0.0	0.0	0.0	0.0	0.0	0.0	0.0	89.05322265625	882.5811767578125	870.5052490234375	0.0	0.0	20.680782318115234	1167.4246826171875	380.7428283691406	1332.2962646484375	442.9303894042969	0.0	168.79779052734375	440.2358093261719	906.8021850585938	0.0	85.00881958007812	1310.4847412109375	759.1965942382812	0.0	395.9997863769531	924.8876953125	0.0	245.82150268554688	361.2157897949219	0.0	347.3475341796875	191.92739868164062	0.0	36.72829818725586	894.9466552734375	374.13201904296875	95.14534759521484	0.0	0.0	0.0	124.57695007324219	0.0	0.0	0.0	0.0	0.0	0.0	0.0	0.0	0.0	0.0	0.0	0.0	537.7697143554688	830.5723266601562	1145.825439453125	0.0	311.1368713378906	0.0	192.6561279296875	81.37097930908203	530.4176635742188	113.12425231933594	0.0	509.0286865234375	804.0203857421875	229.1746368408203	271.08782958984375	111.84590148925781	205.3390350341797	133.8022003173828	139.8411407470703	0.0	0.0	0.0	85.24913787841797	17.53264808654785	180.09506225585938	372.9634094238281	326.1047058105469	141.27801513671875	28.229522705078125	97.92366027832031	0.0	0.0	64.37417602539062	271.23089599609375	275.3283386230469	0.0	1194.4737548828125	836.8460693359375	0.0	140.5738067626953	575.7783203125	253.06089782714844	54.84423065185547	487.6559753417969	463.021484375	167.98487854003906	365.1676025390625	115.61723327636719	124.06244659423828	155.27622985839844	614.6994018554688	161.83758544921875	341.3341064453125	106.54672241210938	0.0	276.12152099609375	421.00457763671875	417.69708251953125	69.29075622558594	386.3567810058594	377.22821044921875	62.13508224487305	119.12921142578125
385.4170227050781	106.7322998046875	0.0	236.90164184570312	52.287933349609375	574.9349365234375	595.6046752929688	19.174007415771484	85.11092376708984	0.0	0.0	0.0	51.812408447265625	76.43330383300781	151.1689910888672	0.0	86.8538818359375	228.8083038330078	0.0	104.37202453613281	420.04754638671875	530.8452758789062	255.59927368164062	584.228759765625	361.7408142089844	0.0	363.02459716796875	555.7293090820312	0.0	154.0504608154297	464.11102294921875	101.3896713256836	0.0	0.0	0.0	0.0	325.3194274902344	511.3052062988281	263.44244384765625	0.0	0.0	18.929214477539062	101.83102416992188	109.93909454345703	267.56915283203125	154.7124786376953	0.0	1.4677084684371948	439.541259765625	468.810302734375	141.72088623046875	661.0079345703125	589.3504028320312	246.86264038085938	0.0	74.09252166748047	0.0	110.02003479003906	625.4347534179688	13.74170970916748	73.37699890136719	373.4177551269531	359.623046875	0.0	725.2782592773438	397.2373352050781	0.0	665.4818725585938	628.5957641601562	0.0	404.5479431152344	956.572265625	316.5770263671875	0.0	573.2223510742188	0.0	0.0	262.5946960449219	217.8917236328125	0.0	84.4542007446289	0.0	53.46446228027344	0.0	0.0	0.0	0.0	0.0	0.0	0.0	0.0	0.0	173.78965759277344	69.94281005859375	0.0	0.0	0.0	76.54542541503906	29.413087844848633	0.0	0.0	0.0	0.0	158.5373077392578	0.0	22.760662078857422	0.0	230.78143310546875	0.0	253.459716796875	348.6536560058594	404.02081298828125	92.24343872070312	0.0	49.68678665161133	52.30732727050781	24.444494247436523	102.13911437988281	53.99961471557617	0.0	88.41466522216797	91.33302307128906	44.52723693847656	13.08582592010498	0.0	0.0	29.057403564453125	0.0	74.5798110961914	79.2146987915039	64.8647689819336	225.47564697265625	0.0	94.49238586425781	53.606266021728516	128.15110778808594	0.0	0.0	0.0	0.0	0.0	0.0	199.92030334472656	0.0	147.4074249267578	0.0	0.0	121.26888275146484	284.1308898925781	0.0	0.0	0.0	1008.5377197265625	1224.5411376953125	339.894287109375	0.0	0.0	0.0	0.0	0.0	956.4086303710938	886.7589111328125	0.0	966.4138793945312	485.12646484375	0.0	753.3989868164062	1185.65771484375	349.15985107421875	242.98313903808594	1028.3270263671875	328.5572814941406	0.0	425.426513671875	861.5732421875	0.0	26.357126235961914	0.0	55.06448745727539	0.0	0.0	0.0	0.0	0.0	0.0	0.0	0.0	0.0	56.87052917480469	46.42201614379883	0.0	20.78141212463379	0.0	0.0	0.0	0.0	819.462646484375	1171.4071044921875	350.5908203125	276.281494140625	485.30133056640625	499.7821350097656	179.27090454101562	308.11065673828125	0.0	0.0	360.68145751953125	27.347082138061523	160.130859375	74.30191040039062	18.25060272216797	98.6961898803711	0.0	15.707467079162598	0.0	0.0	137.27694702148438	121.22430419921875	0.0	0.0	304.9400939941406	137.07708740234375	74.20368957519531	0.0	0.0	348.2064514160156	0.0	0.0	187.74212646484375	842.9754638671875	0.0	651.0860595703125	285.3112487792969	239.08807373046875	410.786376953125	568.3670654296875	150.5863800048828	0.0	729.1268920898438	276.09130859375	159.5585479736328	19.08946418762207	241.96127319335938	156.1944580078125	221.333984375	448.0502014160156	429.029296875	0.0	0.0	0.0	31.596519470214844	38.501625061035156	0.0	39.7838134765625	129.25315856933594	26.752309799194336
0.0	11.432062149047852	76.32157897949219	0.0	627.8343505859375	678.5496215820312	711.0597534179688	157.2522430419922	304.2809143066406	501.1387939453125	324.5179443359375	206.89927673339844	44.88105392456055	0.0	16.277841567993164	18.26158332824707	0.0	7.076075077056885	429.0731506347656	239.81622314453125	0.0	162.20106506347656	225.4400177001953	455.3360900878906	411.32666015625	238.3229217529297	226.5142059326172	487.52294921875	124.50627136230469	84.99625396728516	53.060279846191406	0.0	16.36406707763672	45.253143310546875	67.06080627441406	23.500465393066406	241.292236328125	393.6266784667969	276.64434814453125	0.0	35.14554214477539	322.92071533203125	287.9465026855469	368.3676452636719	232.09352111816406	194.81878662109375	138.2361297607422	445.6534423828125	0.0	0.0	177.37832641601562	1176.2818603515625	308.9215393066406	0.0	0.0	1039.0196533203125	323.308837890625	470.8685302734375	156.4485626220703	491.9132080078125	0.0	0.0	0.0	733.6800537109375	0.0	260.1306457519531	230.1754608154297	0.0	0.0	0.0	0.0	152.54722595214844	0.0	0.0	0.0	82.67904663085938	0.0	0.0	0.0	0.0	0.0	0.0	0.0	0.0	103.58856964111328	257.13330078125	221.924072265625	0.0	0.0	38.58856964111328	0.0	0.0	0.0	44.07713317871094	11.651764869689941	0.0	14.196547508239746	0.0	0.0	99.59479522705078	0.0	0.0	0.0	246.22073364257812	0.0	0.0	0.0	234.54779052734375	2.248871088027954	148.87806701660156	161.49703979492188	338.49200439453125	24.070554733276367	0.0	186.6271514892578	192.5422821044922	16.290475845336914	0.0	125.01242065429688	170.72071838378906	117.6942138671875	75.1418228149414	0.0	104.67704010009766	0.0	0.0	145.1984405517578	183.9504852294922	132.38111877441406	0.0	0.0	69.0384521484375	270.8178405761719	0.0	118.6113052368164	130.18316650390625	0.0	0.0	0.0	0.0	0.0	0.0	0.0	0.0	0.0	265.23748779296875	487.1971435546875	475.3572998046875	0.0	0.0	87.63379669189453	219.88534545898438	0.0	91.3988037109375	67.18915557861328	0.0	655.5662231445312	106.59630584716797	582.0367431640625	1001.398681640625	32.11930465698242	206.0862274169922	382.33770751953125	566.627197265625	310.45831298828125	64.48175811767578	229.6873016357422	869.74609375	560.5596923828125	492.4062194824219	300.7240295410156	567.21533203125	3.347804069519043	106.02169799804688	37.71526336669922	9.395455360412598	0.0	35.2855339050293	0.0	0.0	0.0	0.0	0.0	0.0	0.0	0.0	0.0	0.0	0.0	0.0	0.0	0.0	0.0	249.37887573242188	521.9650268554688	447.0320739746094	0.0	0.0	0.0	0.0	1087.9002685546875	1055.32568359375	786.95458984375	502.4132995605469	1337.0950927734375	913.8798217773438	573.129638671875	671.8392944335938	49.831260681152344	15.526124000549316	0.0	0.0	384.62115478515625	0.0	0.0	0.0	338.6430969238281	324.2371826171875	79.69940948486328	0.0	0.0	0.0	0.0	88.61290740966797	0.0	0.0	286.6744384765625	418.4753723144531	26.650611877441406	20.72429847717285	141.06251525878906	109.03109741210938	686.3623657226562	286.7225341796875	140.56439208984375	739.8170166015625	718.6507568359375	374.397705078125	336.5860595703125	436.63446044921875	286.1780090332031	255.14231872558594	303.2654724121094	202.3395538330078	406.3955383300781	388.9534606933594	88.26921844482422	71.25702667236328	197.0038299560547	65.62432098388672	234.0177764892578	422.8285217285156	246.93780517578125	185.04237365722656	0.0	389.3894348144531
196.37315368652344	363.4400634765625	615.8502807617188	13.642411231994629	40.9049186706543	212.47727966308594	0.0	23.155241012573242	164.5467071533203	0.0	0.0	71.8388671875	201.52427673339844	283.3453674316406	0.0	0.0	64.24829864501953	379.3834533691406	249.38351440429688	599.1867065429688	230.80078125	249.18026733398438	395.37652587890625	346.123046875	83.05137634277344	343.63800048828125	176.1090087890625	160.58029174804688	264.8271484375	587.2886962890625	436.8647766113281	93.34486389160156	63.66300582885742	160.2419891357422	0.0	26.653867721557617	0.0	0.0	32.79043960571289	116.57855224609375	3.0148820877075195	0.0	65.2254409790039	26.454792022705078	166.2637176513672	282.4432067871094	0.0	29.73511505126953	0.0	616.7504272460938	148.32432556152344	0.0	0.0	648.1282348632812	444.9889831542969	2.539705991744995	23.753015518188477	339.29156494140625	943.8401489257812	0.0	279.10552978515625	179.7298583984375	496.6368713378906	16.304819107055664	0.0	314.81658935546875	258.0796203613281	460.8497009277344	0.0	491.8248596191406	0.0	0.0	436.94171142578125	536.4264526367188	0.0	0.0	414.012939453125	0.0	0.0	0.0	0.0	0.0	0.0	0.0	69.04524230957031	0.0	0.0	0.0	152.40164184570312	0.0	0.0	0.0	67.1224594116211	0.0	0.0	0.0	0.0	0.0	0.0	149.94650268554688	0.0	0.0	175.6893310546875	209.45242309570312	0.0	143.99090576171875	237.268310546875	205.54425048828125	0.0	0.0	333.1005554199219	216.94313049316406	103.92678833007812	74.5728759765625	0.0	0.0	73.34677124023438	51.57655715942383	18.854902267456055	2.9809772968292236	0.0	88.44808959960938	32.06923294067383	0.26190099120140076	0.0	36.13222885131836	50.82052230834961	0.0	0.0	212.82347106933594	87.72901153564453	0.0	0.0	139.6297149658203	0.0	0.0	0.0	110.2951431274414	0.0	0.0	20.25046157836914	257.7129211425781	0.0	0.0	82.02711486816406	205.3441925048828	0.0	0.0	0.0	376.95867919921875	0.0	0.0	0.0	103.35889434814453	138.4274139404297	0.0	0.0	0.0	1.6604548692703247	0.0	0.0	324.27667236328125	1056.62353515625	940.55908203125	0.0	632.2003173828125	1101.623291015625	0.0	276.07366943359375	597.65185546875	484.6322937011719	12.966316223144531	173.8195037841797	437.5694274902344	544.9887084960938	0.0	79.54293060302734	0.0	0.0	0.0	50.15479278564453	0.0	0.0	0.0	79.8429183959961	0.0	0.0	47.88844680786133	59.50302505493164	0.0	0.0	55.35582733154297	0.0	400.13482666015625	547.7149047851562	239.54945373535156	0.0	228.41021728515625	224.84194946289062	171.89320373535156	0.0	0.0	163.4306640625	4.279930114746094	395.7925109863281	969.1300048828125	281.8410339355469	135.89370727539062	66.56780242919922	168.22073364257812	181.0545654296875	0.0	0.0	0.0	0.0	19.49888801574707	0.0	52.56956481933594	88.5207748413086	20.54804801940918	0.0	0.0	0.0	0.0	0.0	64.98518371582031	412.2498474121094	422.00091552734375	55.194942474365234	232.5065460205078	648.6471557617188	369.9229431152344	5.8195624351501465	366.7514953613281	599.3858642578125	73.25833129882812	0.0	589.1460571289062	407.1036071777344	197.77728271484375	120.38777923583984	177.16578674316406	153.7169189453125	0.0	156.29185485839844	80.7121353149414	41.167701721191406	31.002824783325195	148.01187133789062	75.45423126220703	143.38653564453125	19.410743713378906	134.32769775390625	353.51629638671875	72.22651672363281	20.376569747924805
569.9434814453125	701.5171508789062	662.9908447265625	491.9080505371094	779.1150512695312	362.76434326171875	0.0	0.0	0.0	0.0	0.0	0.0	263.2969665527344	0.0	8.898407936096191	0.0	0.0	143.28379821777344	202.61325073242188	215.8889617919922	354.0345458984375	403.4817199707031	279.6802673339844	102.43514251708984	216.77264404296875	0.0	317.4994201660156	545.5857543945312	0.0	178.9307403564453	444.52716064453125	445.4213562011719	0.0	58.43354415893555	245.37530517578125	201.40643310546875	176.7759552001953	0.0	0.0	0.0	195.6188201904297	189.70025634765625	38.15471267700195	0.0	300.9931335449219	57.50982666015625	0.0	0.0	134.63671875	373.9269104003906	576.8982543945312	828.1952514648438	185.4185028076172	0.0	778.1717529296875	1200.4954833984375	0.0	0.0	573.7205200195312	594.8270263671875	0.0	0.0	538.8990478515625	293.4690246582031	0.0	0.0	0.0	0.0	0.0	0.0	199.53689575195312	193.2392120361328	238.99935913085938	0.0	754.6809692382812	0.0	0.0	0.0	1075.7554931640625	0.0	183.0922088623047	157.0481719970703	0.0	0.0	35.00212097167969	0.0	0.0	0.0	134.9749755859375	70.1052017211914	0.0	0.0	105.23904418945312	0.0	0.0	0.0	0.0	0.0	11.216699600219727	0.0	0.0	0.0	147.41477966308594	152.8447723388672	95.4576187133789	94.37290954589844	255.14706420898438	303.3707275390625	317.8909606933594	145.30111694335938	59.11552810668945	275.6375427246094	65.65081787109375	45.31686782836914	73.03803253173828	11.390541076660156	0.0	0.0	179.7373046875	102.4076919555664	73.21601104736328	131.1951446533203	73.0433578491211	57.32571029663086	87.42066955566406	31.847742080688477	0.0	0.0	314.1774597167969	255.6312255859375	127.44722747802734	0.0	102.2812728881836	0.0	0.0	114.08065795898438	0.0	0.0	272.2885437011719	289.0008850097656	18.432497024536133	0.0	412.2334289550781	131.118408203125	0.0	0.0	75.08636474609375	0.0	0.0	0.0	371.7271728515625	147.7290496826172	444.46240234375	0.0	0.0	0.0	0.0	0.0	0.0	0.0	43.00849533081055	699.9024047851562	368.00335693359375	477.09100341796875	791.7540283203125	807.4300537109375	435.4391784667969	856.1419067382812	226.83653259277344	0.0	794.1484985351562	736.5419311523438	0.0	49.36338806152344	930.26611328125	523.7666625976562	0.0	0.0	0.0	0.0	0.0	0.0	0.0	0.0	0.0	12.660277366638184	0.0	0.0	0.0	67.44558715820312	0.0	0.0	0.0	318.3782043457031	402.640625	186.25135803222656	886.7730102539062	488.5342712402344	215.93453979492188	187.99600219726562	422.9539794921875	0.0	0.0	249.0256805419922	0.0	0.0	134.31088256835938	304.27557373046875	184.46826171875	200.4967498779297	198.53656005859375	47.821285247802734	173.4146270751953	0.0	0.0	3.8130009174346924	0.0	0.0	0.0	43.014896392822266	268.00054931640625	9.610651969909668	0.0	0.0	0.0	0.0	0.0	304.6139831542969	311.0661315917969	457.5164794921875	248.0611114501953	611.3976440429688	566.4067993164062	420.82806396484375	0.0	668.3247680664062	146.416259765625	0.0	421.70538330078125	888.1468505859375	227.8898468017578	217.21600341796875	244.30731201171875	220.1719512939453	279.3511657714844	102.71534729003906	0.0	21.363628387451172	0.0	66.02577209472656	0.0	0.0	0.0	156.49119567871094	31.213720321655273	0.0
417.21173095703125	8.41615104675293	26.659503936767578	0.0	153.4420166015625	432.83123779296875	440.990234375	0.0	161.40225219726562	398.5106201171875	0.0	0.0	100.67382049560547	647.724365234375	1080.8944091796875	888.3416137695312	252.1358642578125	188.52969360351562	0.0	89.0774917602539	65.41707611083984	45.14550018310547	223.88682556152344	604.1896362304688	99.21818542480469	103.01823425292969	609.3073120117188	308.0747985839844	116.0669937133789	501.7978210449219	163.11663818359375	137.291748046875	183.3597412109375	135.2636260986328	106.1633529663086	218.1088104248047	343.2720947265625	418.6817321777344	69.8989028930664	0.0	0.0	9.814330101013184	83.07433319091797	41.7160758972168	101.98065948486328	434.4569091796875	374.016357421875	338.70062255859375	91.25938415527344	0.0	565.6900634765625	1080.3323974609375	17.04278564453125	42.95832061767578	137.27438354492188	337.83929443359375	33.74317169189453	146.0416259765625	0.0	101.1512451171875	158.96896362304688	342.026611328125	139.6807861328125	218.63525390625	282.50347900390625	0.0	0.0	86.50032806396484	0.0	0.0	485.6855773925781	0.0	0.0	600.0001831054688	631.8721313476562	0.0	597.7897338867188	762.1410522460938	0.0	0.0	0.0	93.03260040283203	192.21994018554688	0.0	110.90267944335938	249.70172119140625	132.14920043945312	0.0	22.81207275390625	71.87130737304688	0.0	0.0	0.0	0.0	17.15721893310547	75.56282806396484	0.0	0.0	48.455101013183594	7.318967819213867	266.9710693359375	221.5715789794922	162.4769744873047	374.972412109375	38.707462310791016	0.0	183.76585388183594	239.13784790039062	0.0	0.0	84.61846923828125	0.0	0.0	28.577333450317383	223.728271484375	112.92503356933594	38.50898742675781	24.3388729095459	15.414423942565918	55.79209899902344	66.4552993774414	0.0	0.0	94.766845703125	48.0642204284668	66.65319061279297	70.97699737548828	19.429107666015625	0.0	0.0	0.0	17.25909423828125	0.0	151.61776733398438	136.24684143066406	114.56602478027344	5.930108070373535	66.48657989501953	0.0	0.0	0.0	50.13481903076172	13.874619483947754	200.9107666015625	303.9271240234375	295.5950012207031	739.547119140625	601.1593627929688	132.27178955078125	0.0	0.0	42.582401275634766	0.0	0.0	0.0	77.42310333251953	0.0	0.0	0.0	0.0	557.5150756835938	188.90457153320312	295.1226806640625	816.4033203125	0.0	0.0	967.4945678710938	780.7421875	0.0	1178.3505859375	1142.3828125	0.0	381.7386779785156	953.9827270507812	0.0	257.9031982421875	0.0	0.0	0.0	0.0	0.0	0.0	0.0	0.0	65.23685455322266	0.0	0.0	0.0	110.12614440917969	0.0	0.0	0.0	822.8577880859375	650.4100952148438	162.55650329589844	93.1839828491211	0.0	0.0	0.0	243.4463653564453	0.0	65.62824249267578	28.2100830078125	171.4563751220703	87.05430603027344	930.88671875	898.077880859375	481.50469970703125	187.50221252441406	119.0491943359375	151.62594604492188	40.10418701171875	187.8561553955078	367.2140197753906	200.59922790527344	0.0	126.2186508178711	98.19437408447266	0.0	0.0	0.0	0.0	57.016685485839844	95.96781158447266	604.3406372070312	586.0241088867188	0.0	216.3154754638672	470.3242492675781	156.78231811523438	0.0	382.3673095703125	0.0	0.0	378.755859375	520.2977294921875	0.0	1103.67138671875	560.28662109375	0.0	93.61392211914062	0.0	0.0	158.28460693359375	0.0	125.89973449707031	10.463290214538574	0.0	115.68636322021484	133.01220703125	7.171490669250488	165.3816375732422	182.754638671875	436.9595947265625	392.72869873046875	290.1201171875
153.92144775390625	694.0443725585938	299.7633361816406	225.43992614746094	58.70208740234375	101.54926300048828	397.1402282714844	0.0	0.0	0.0	0.0	0.0	0.0	82.23506164550781	0.0	0.0	71.53834533691406	69.65365600585938	298.747802734375	137.6973114013672	167.8498077392578	565.1402587890625	451.21826171875	400.5434265136719	220.07078552246094	144.34010314941406	458.4089660644531	319.1814880371094	0.0	202.91500854492188	395.92645263671875	109.85160827636719	0.0	60.344139099121094	174.24737548828125	113.15233612060547	0.0	366.8179016113281	197.72377014160156	0.0	0.0	0.0	0.0	29.440027236938477	222.33865356445312	85.85890197753906	0.0	17.727210998535156	80.00430297851562	204.1144256591797	1013.780517578125	1077.6290283203125	0.0	230.90679931640625	796.4332275390625	889.7066650390625	0.0	235.6341552734375	704.1597290039062	0.0	17.36092185974121	469.2253723144531	448.6622009277344	0.0	0.0	53.378868103027344	0.0	0.0	306.4408264160156	326.70977783203125	0.0	0.0	165.0369873046875	0.0	200.7049102783203	0.0	0.0	625.7769165039062	0.0	0.0	83.35005187988281	94.76181030273438	0.0	0.0	0.0	0.0	0.0	0.0	0.0	104.9161605834961	0.0	0.0	196.2207489013672	142.62896728515625	0.0	0.0	0.0	0.0	35.47824478149414	0.0	0.0	0.0	0.0	371.80950927734375	0.0	93.71310424804688	113.90501403808594	303.0196533203125	0.0	241.7689666748047	398.66180419921875	399.9189758300781	94.3435287475586	26.289892196655273	165.37380981445312	14.003449440002441	64.10997772216797	26.65775489807129	133.26516723632812	84.88788604736328	0.0	80.77005004882812	52.92005920410156	19.165851593017578	27.8292179107666	4.477819919586182	46.60067367553711	0.0	0.0	36.32050704956055	3.843068838119507	23.204421997070312	0.0	29.777780532836914	0.0	0.0	0.0	0.0	38.130489349365234	0.0	0.0	98.68013000488281	208.3228759765625	0.0	0.0	1.3512201309204102	358.66009521484375	0.0	75.35160064697266	219.91136169433594	0.0	136.67822265625	28.65340805053711	881.0083618164062	258.17352294921875	0.0	0.0	0.0	0.0	0.0	0.0	863.226806640625	586.1943969726562	719.5901489257812	310.1675720214844	413.4476318359375	821.1859741210938	780.7933349609375	210.9569549560547	184.47293090820312	899.9854736328125	64.88253021240234	0.0	517.8672485351562	699.458251953125	0.0	43.883670806884766	0.0	0.0	0.0	92.69326782226562	0.0	0.0	0.0	0.0	0.0	0.0	0.0	77.32135772705078	34.776397705078125	0.0	66.75117492675781	0.0	46.11635208129883	0.0	101.95948791503906	149.1710662841797	918.3134155273438	790.5487670898438	164.2815399169922	0.0	265.2672119140625	118.99244689941406	229.74359130859375	0.0	0.0	308.28857421875	64.37397003173828	92.28812408447266	244.1309051513672	210.80226135253906	39.73106384277344	0.0	0.0	0.0	0.0	0.0	79.76963806152344	0.0	0.0	151.25718688964844	99.7188949584961	83.2161865234375	0.0	0.0	0.0	0.0	245.57920837402344	28.648494720458984	769.0220336914062	618.4511108398438	376.3315734863281	236.77757263183594	247.00567626953125	504.39361572265625	508.1279602050781	122.95869445800781	0.0	673.7197875976562	243.25140380859375	117.54691314697266	157.2758026123047	150.27096557617188	285.7043762207031	115.88363647460938	282.6524963378906	243.76600646972656	0.0	197.57276916503906	0.0	0.0	16.578861236572266	93.7039566040039	48.0401725769043	8.435907363891602	0.0
141.0113983154297	62.97340774536133	503.3398742675781	379.2864990234375	55.89618682861328	347.9085693359375	521.4841918945312	549.9086303710938	0.0	83.541015625	549.0557250976562	178.10316467285156	94.89781951904297	67.12093353271484	355.7496337890625	358.0360107421875	122.9266357421875	444.62689208984375	241.4879608154297	0.0	497.08544921875	377.1359558105469	31.76078987121582	140.03240966796875	234.10028076171875	155.19508361816406	127.88631439208984	128.00808715820312	169.96173095703125	124.84546661376953	226.0728759765625	504.08935546875	0.0	224.03929138183594	328.1791076660156	82.5142593383789	0.0	249.70413208007812	497.1603698730469	362.5779724121094	80.8348388671875	496.68316650390625	339.04541015625	79.03522491455078	96.10904693603516	465.60546875	628.5472412109375	190.618408203125	208.25563049316406	433.7880554199219	174.0984344482422	48.805145263671875	240.74740600585938	594.7279052734375	526.4751586914062	833.8436889648438	219.12583923339844	310.6987609863281	330.9339294433594	1131.9749755859375	0.0	243.20773315429688	0.0	572.1925659179688	633.4761962890625	642.0481567382812	0.0	0.0	529.1130981445312	0.0	0.0	0.0	320.4805908203125	0.0	0.0	0.0	0.0	0.0	0.0	0.0	0.0	0.0	0.0	0.0	0.0	0.0	0.0	0.0	0.0	0.0	0.0	0.0	112.74555969238281	0.0	0.0	0.0	0.0	0.0	161.93801879882812	85.45121002197266	0.0	0.0	153.49981689453125	151.14727783203125	0.0	20.616151809692383	0.0	159.57923889160156	23.509124755859375	139.33741760253906	92.58434295654297	232.60304260253906	37.90559387207031	0.0	96.41499328613281	0.0	40.155582427978516	112.57217407226562	97.35811614990234	64.62779998779297	53.60824966430664	83.68815612792969	267.8509521484375	264.6001892089844	28.319948196411133	99.00654602050781	0.0	163.91510009765625	20.064844131469727	156.1563262939453	0.0	0.0	60.96710205078125	152.14158630371094	0.0	0.0	0.0	0.0	0.0	74.41110229492188	0.0	0.0	0.0	0.0	0.0	0.0	0.0	36.53580093383789	0.0	227.7579803466797	450.2890930175781	16.81427001953125	537.7747192382812	208.2935791015625	589.0421752929688	795.5775756835938	270.2145690917969	788.547607421875	884.0914916992188	153.2288360595703	705.9813232421875	1052.392578125	138.3383026123047	110.419677734375	625.424560546875	600.2005004882812	205.3182373046875	320.2548828125	0.0	146.72959899902344	0.0	679.7034301757812	0.0	0.0	20.74636459350586	216.031005859375	19.51305389404297	0.0	0.0	0.0	0.0	0.0	0.0	0.0	0.0	0.0	0.0	0.0	0.0	0.0	0.0	0.0	0.0	96.50302124023438	14.730271339416504	0.0	538.6925048828125	781.4601440429688	506.33538818359375	137.66195678710938	379.54718017578125	417.74542236328125	280.5078430175781	0.0	86.83588409423828	718.4110717773438	850.7672729492188	930.6787109375	86.10520935058594	0.0	0.0	31.0118465423584	105.3442611694336	299.43157958984375	132.47607421875	102.39974975585938	0.0	0.0	27.180660247802734	120.00529479980469	0.0	279.77618408203125	154.47686767578125	0.0	0.0	708.594970703125	640.1807250976562	0.0	461.304443359375	659.9801635742188	141.22366333007812	80.74063873291016	491.82958984375	780.4737548828125	533.733154296875	79.42023468017578	212.0157928466797	221.79580688476562	188.11512756347656	255.90248107910156	194.85719299316406	84.40206909179688	270.4827880859375	164.82858276367188	257.71954345703125	141.7187042236328	395.6427917480469	397.99310302734375	150.32766723632812	401.3854064941406	437.7265930175781	74.99636840820312	0.0	4.91153621673584	285.6436462402344	252.0284423828125
